{
"type": "FeatureCollection",
"name": "inundaciones",
"crs": { "type": "name", "properties": { "name": "urn:ogc:def:crs:OGC:1.3:CRS84" } },
"features": [
{ "type": "Feature", "properties": { "objectid": 558, "codigo": "1204-1", "nombre": "La América", "riesgo": "Con condiciones de riesgo", "descripcion": "Zona con condiciones de riesgo por inundaciones", "tipo_amenaza": "Inundaciones", "categoria_proteccion": "Áreas de Amenaza y Riesgo", "subcategoria_proteccion": "Zona con condiciones de riesgo", "fecha_adopcion": "2014-12-17T00:00:00", "fecha_actualizacion": "2026-04-30T00:00:00", "st_area(shape)": 686.63975738364638, "st_perimeter(shape)": 155.88117567766656 }, "geometry": { "type": "Polygon", "coordinates": [ [ [ -75.607101381243453, 6.251899714489179 ], [ -75.606665329130365, 6.252092425174126 ], [ -75.606582025171519, 6.25213442457652 ], [ -75.606603974239079, 6.252234441835552 ], [ -75.606914687285837, 6.252078052795272 ], [ -75.607018371483434, 6.252035708130753 ], [ -75.607098444688305, 6.252001018708286 ], [ -75.607178394528987, 6.251966414872179 ], [ -75.607101381243453, 6.251899714489179 ] ] ] } },
{ "type": "Feature", "properties": { "objectid": 559, "codigo": "0604-1", "nombre": "Pedregal", "riesgo": "Con condiciones de riesgo", "descripcion": "Zona con condiciones de riesgo por inundaciones", "tipo_amenaza": "Inundaciones", "categoria_proteccion": "Áreas de Amenaza y Riesgo", "subcategoria_proteccion": "Zona con condiciones de riesgo", "fecha_adopcion": "2014-12-17T00:00:00", "fecha_actualizacion": "2026-04-30T00:00:00", "st_area(shape)": 608.54798133414158, "st_perimeter(shape)": 128.58275421297299 }, "geometry": { "type": "Polygon", "coordinates": [ [ [ -75.57520043204768, 6.298017275770233 ], [ -75.575216982509119, 6.298148464671566 ], [ -75.575259091741529, 6.298318080329858 ], [ -75.575259480763805, 6.298320012249558 ], [ -75.575408063339012, 6.298407827556951 ], [ -75.57537628119313, 6.298260272179653 ], [ -75.575350847459788, 6.298201390764354 ], [ -75.575286546934635, 6.297893276514702 ], [ -75.57520043204768, 6.298017275770233 ] ] ] } },
{ "type": "Feature", "properties": { "objectid": 661, "codigo": "0803-2", "nombre": "San Miguel", "riesgo": "Con condiciones de riesgo", "descripcion": "Zona con condiciones de riesgo por inundaciones", "tipo_amenaza": "Inundaciones", "categoria_proteccion": "Áreas de Amenaza y Riesgo", "subcategoria_proteccion": "Zona con condiciones de riesgo", "fecha_adopcion": "2014-12-17T00:00:00", "fecha_actualizacion": "2026-04-30T00:00:00", "st_area(shape)": 84.002569490022481, "st_perimeter(shape)": 46.509696292897615 }, "geometry": { "type": "Polygon", "coordinates": [ [ [ -75.552379888733725, 6.254186512841962 ], [ -75.552407807550125, 6.254189818186861 ], [ -75.552426760543142, 6.25411913189272 ], [ -75.552427558356811, 6.254116158036499 ], [ -75.552448594566457, 6.254068319158494 ], [ -75.552462730604731, 6.254056195151125 ], [ -75.552398624640816, 6.254019150030186 ], [ -75.552398350110437, 6.254018991337944 ], [ -75.552379779644909, 6.254179300436013 ], [ -75.552377736262173, 6.254186257495516 ], [ -75.552379888733725, 6.254186512841962 ] ] ] } },
{ "type": "Feature", "properties": { "objectid": 560, "codigo": "0604-2", "nombre": "Pedregal", "riesgo": "Con condiciones de riesgo", "descripcion": "Zona con condiciones de riesgo por inundaciones", "tipo_amenaza": "Inundaciones", "categoria_proteccion": "Áreas de Amenaza y Riesgo", "subcategoria_proteccion": "Zona con condiciones de riesgo", "fecha_adopcion": "2014-12-17T00:00:00", "fecha_actualizacion": "2026-04-30T00:00:00", "st_area(shape)": 1939.2910393901814, "st_perimeter(shape)": 276.81698957670471 }, "geometry": { "type": "Polygon", "coordinates": [ [ [ -75.57542689316476, 6.298646472976194 ], [ -75.575709776563045, 6.298847491882973 ], [ -75.575754002495344, 6.298879782592985 ], [ -75.575791058200579, 6.298910877343277 ], [ -75.575826916635521, 6.298939579462536 ], [ -75.575874728386495, 6.298973065729728 ], [ -75.575928517304021, 6.29901133582131 ], [ -75.575982306122057, 6.299044822387337 ], [ -75.576126885783935, 6.299157639722716 ], [ -75.576168722267084, 6.299188734320545 ], [ -75.576218924459511, 6.299223417492296 ], [ -75.576267932033815, 6.29925331580879 ], [ -75.576308571821926, 6.299267666309436 ], [ -75.576345626063173, 6.299272450309134 ], [ -75.576382186192362, 6.29927396576594 ], [ -75.576395827504257, 6.2992557054671 ], [ -75.57640538926178, 6.299229392743285 ], [ -75.576405388698902, 6.299205473359487 ], [ -75.576397021052699, 6.299176770205519 ], [ -75.576380725928757, 6.299154549628926 ], [ -75.575500595574255, 6.29853414884452 ], [ -75.575496986230746, 6.29853239375397 ], [ -75.57542689316476, 6.298646472976194 ] ] ] } },
{ "type": "Feature", "properties": { "objectid": 561, "codigo": "0604-3", "nombre": "Pedregal", "riesgo": "Con condiciones de riesgo", "descripcion": "Zona con condiciones de riesgo por inundaciones", "tipo_amenaza": "Inundaciones", "categoria_proteccion": "Áreas de Amenaza y Riesgo", "subcategoria_proteccion": "Zona con condiciones de riesgo", "fecha_adopcion": "2014-12-17T00:00:00", "fecha_actualizacion": "2026-04-30T00:00:00", "st_area(shape)": 270.28811096254412, "st_perimeter(shape)": 71.388084362228454 }, "geometry": { "type": "Polygon", "coordinates": [ [ [ -75.575120598437195, 6.299318988171012 ], [ -75.57506944003056, 6.299327122595543 ], [ -75.574977451474069, 6.299339656284859 ], [ -75.574984899701008, 6.299433129161517 ], [ -75.575056727576893, 6.299424540993531 ], [ -75.57509617212402, 6.299420235349692 ], [ -75.575144222410458, 6.299413775264521 ], [ -75.575192989680048, 6.299411622318045 ], [ -75.575215382057948, 6.29940820369557 ], [ -75.5752103981727, 6.299324697973593 ], [ -75.575190282731015, 6.299318947862137 ], [ -75.575134820957231, 6.299315599948351 ], [ -75.575120598437195, 6.299318988171012 ] ] ] } },
{ "type": "Feature", "properties": { "objectid": 562, "codigo": "0207-1", "nombre": "Villa del Socorro", "riesgo": "Con condiciones de riesgo", "descripcion": "Zona con condiciones de riesgo por inundaciones", "tipo_amenaza": "Inundaciones", "categoria_proteccion": "Áreas de Amenaza y Riesgo", "subcategoria_proteccion": "Zona con condiciones de riesgo", "fecha_adopcion": "2014-12-17T00:00:00", "fecha_actualizacion": "2026-04-30T00:00:00", "st_area(shape)": 107.89020413987765, "st_perimeter(shape)": 43.789493660274374 }, "geometry": { "type": "Polygon", "coordinates": [ [ [ -75.550272540356858, 6.292612787545074 ], [ -75.550388470898895, 6.292666889664321 ], [ -75.550405910250717, 6.292595511382204 ], [ -75.550368651065185, 6.292581687021309 ], [ -75.550329804594227, 6.292562549760694 ], [ -75.55030470366458, 6.292549991417563 ], [ -75.550292894470616, 6.292545264586811 ], [ -75.550272540356858, 6.292612787545074 ] ] ] } },
{ "type": "Feature", "properties": { "objectid": 563, "codigo": "0207-2", "nombre": "Villa del Socorro", "riesgo": "Con condiciones de riesgo", "descripcion": "Zona con condiciones de riesgo por inundaciones", "tipo_amenaza": "Inundaciones", "categoria_proteccion": "Áreas de Amenaza y Riesgo", "subcategoria_proteccion": "Zona con condiciones de riesgo", "fecha_adopcion": "2014-12-17T00:00:00", "fecha_actualizacion": "2026-04-30T00:00:00", "st_area(shape)": 98.933869170540305, "st_perimeter(shape)": 63.112815934083983 }, "geometry": { "type": "Polygon", "coordinates": [ [ [ -75.550919757757825, 6.292879651400322 ], [ -75.550917235013571, 6.292913535050721 ], [ -75.550918465921129, 6.292913585994635 ], [ -75.55094894569163, 6.292915381786568 ], [ -75.55098779213472, 6.292921361567722 ], [ -75.551018868458542, 6.292931529147871 ], [ -75.551038590411409, 6.292938705381855 ], [ -75.551058908994264, 6.29295186205396 ], [ -75.551070264317801, 6.292968007188906 ], [ -75.551086997399821, 6.292993722194455 ], [ -75.551113891033651, 6.293006279860117 ], [ -75.55113122222383, 6.293011064665984 ], [ -75.551133030901028, 6.293011565741524 ], [ -75.551144183007253, 6.292977560364802 ], [ -75.551123232312975, 6.292971702898206 ], [ -75.551117866016952, 6.292966332530457 ], [ -75.551084651294289, 6.292933095463047 ], [ -75.551046068764364, 6.292912504997582 ], [ -75.551007487057404, 6.292894489409848 ], [ -75.55095604459521, 6.292884191702222 ], [ -75.550919757757825, 6.292879651400322 ] ] ] } },
{ "type": "Feature", "properties": { "objectid": 564, "codigo": "0207-3", "nombre": "Villa del Socorro", "riesgo": "Con condiciones de riesgo", "descripcion": "Zona con condiciones de riesgo por inundaciones", "tipo_amenaza": "Inundaciones", "categoria_proteccion": "Áreas de Amenaza y Riesgo", "subcategoria_proteccion": "Zona con condiciones de riesgo", "fecha_adopcion": "2014-12-17T00:00:00", "fecha_actualizacion": "2026-04-30T00:00:00", "st_area(shape)": 171.21895207853714, "st_perimeter(shape)": 110.52642885566551 }, "geometry": { "type": "Polygon", "coordinates": [ [ [ -75.551382690443319, 6.293054745239737 ], [ -75.551363978304281, 6.293084883647621 ], [ -75.551373262578736, 6.293091201348989 ], [ -75.55138342194499, 6.293103161800003 ], [ -75.551390593766001, 6.293119307478507 ], [ -75.551400751882127, 6.293135453931302 ], [ -75.551412107153809, 6.293146217832761 ], [ -75.551427048132155, 6.293152796294556 ], [ -75.551449758052584, 6.293156982501246 ], [ -75.551464699171717, 6.293158777352791 ], [ -75.551485616276977, 6.293167747791312 ], [ -75.551499959580042, 6.293180903807317 ], [ -75.551510119153136, 6.293193460960815 ], [ -75.551519680849296, 6.293204225487947 ], [ -75.551526851705702, 6.293214989947123 ], [ -75.551541194175101, 6.293225753709125 ], [ -75.551550756771647, 6.293228743850915 ], [ -75.551562710068993, 6.293228744192734 ], [ -75.551580639214492, 6.293225156777028 ], [ -75.551594384075472, 6.293216785410821 ], [ -75.551644587317398, 6.293173133147915 ], [ -75.551655344431211, 6.293176123777992 ], [ -75.551683433360139, 6.293185692023534 ], [ -75.551732439189749, 6.293203633082602 ], [ -75.55175054859285, 6.293213278131215 ], [ -75.55175271231883, 6.293184712376593 ], [ -75.551751193817623, 6.293184423253511 ], [ -75.551683691252634, 6.293160968978798 ], [ -75.551676979342446, 6.293158889802343 ], [ -75.551644314775743, 6.293148771623929 ], [ -75.551628083402576, 6.293148095130602 ], [ -75.551626870570402, 6.293148045004351 ], [ -75.551617930339148, 6.29315611984731 ], [ -75.551565635617536, 6.293203346303709 ], [ -75.551506477658563, 6.293136429871176 ], [ -75.551439602343208, 6.293123560440851 ], [ -75.551416750865783, 6.293095928824846 ], [ -75.551382690443319, 6.293054745239737 ] ] ] } },
{ "type": "Feature", "properties": { "objectid": 662, "codigo": "0103-1", "nombre": "Popular", "riesgo": "Con condiciones de riesgo", "descripcion": "Zona con condiciones de riesgo por inundaciones", "tipo_amenaza": "Inundaciones", "categoria_proteccion": "Áreas de Amenaza y Riesgo", "subcategoria_proteccion": "Zona con condiciones de riesgo", "fecha_adopcion": "2014-12-17T00:00:00", "fecha_actualizacion": "2026-04-30T00:00:00", "st_area(shape)": 44.602543978226251, "st_perimeter(shape)": 33.820741466469272 }, "geometry": { "type": "Polygon", "coordinates": [ [ [ -75.548648458164266, 6.30059024579187 ], [ -75.548723739559165, 6.300597717316436 ], [ -75.54872523610662, 6.300590173385984 ], [ -75.548733103399485, 6.30056496285269 ], [ -75.548733248411082, 6.300564497434151 ], [ -75.548741350575611, 6.300538534442121 ], [ -75.548744987501323, 6.300526876319307 ], [ -75.548733870905792, 6.300529318396478 ], [ -75.548698349152104, 6.300535399441846 ], [ -75.548672784999425, 6.30053539872453 ], [ -75.548690244318536, 6.300564517771996 ], [ -75.548648458164266, 6.30059024579187 ] ] ] } },
{ "type": "Feature", "properties": { "objectid": 565, "codigo": "0207-4", "nombre": "Villa del Socorro", "riesgo": "Con condiciones de riesgo", "descripcion": "Zona con condiciones de riesgo por inundaciones", "tipo_amenaza": "Inundaciones", "categoria_proteccion": "Áreas de Amenaza y Riesgo", "subcategoria_proteccion": "Zona con condiciones de riesgo", "fecha_adopcion": "2014-12-17T00:00:00", "fecha_actualizacion": "2026-04-30T00:00:00", "st_area(shape)": 67.686136359804848, "st_perimeter(shape)": 47.721110638947529 }, "geometry": { "type": "Polygon", "coordinates": [ [ [ -75.553978518065378, 6.29330997805986 ], [ -75.553981741492663, 6.293343528851051 ], [ -75.553995087219619, 6.293340027068635 ], [ -75.554020187596976, 6.29334062573651 ], [ -75.554048276755552, 6.293340625730885 ], [ -75.554081146686443, 6.293340626743652 ], [ -75.554119992492005, 6.293334647722999 ], [ -75.55415465670572, 6.293323884766973 ], [ -75.554164826649966, 6.293316922251104 ], [ -75.554153781058787, 6.2932887367009 ], [ -75.554152006811321, 6.293290658459607 ], [ -75.554131723422302, 6.293300428869917 ], [ -75.554113694979208, 6.293305689440274 ], [ -75.554091910294147, 6.293309446786238 ], [ -75.55404984308943, 6.293310949991182 ], [ -75.554002517792313, 6.29330944565899 ], [ -75.553978518065378, 6.29330997805986 ] ] ] } },
{ "type": "Feature", "properties": { "objectid": 566, "codigo": "0207-5", "nombre": "Villa del Socorro", "riesgo": "Con condiciones de riesgo", "descripcion": "Zona con condiciones de riesgo por inundaciones", "tipo_amenaza": "Inundaciones", "categoria_proteccion": "Áreas de Amenaza y Riesgo", "subcategoria_proteccion": "Zona con condiciones de riesgo", "fecha_adopcion": "2014-12-17T00:00:00", "fecha_actualizacion": "2026-04-30T00:00:00", "st_area(shape)": 488.82437151990956, "st_perimeter(shape)": 141.99909067944373 }, "geometry": { "type": "Polygon", "coordinates": [ [ [ -75.555156165189359, 6.293099505125177 ], [ -75.555142084817746, 6.293134042866549 ], [ -75.55514912563271, 6.293138527098082 ], [ -75.555167054807598, 6.2931504864783 ], [ -75.555257296965294, 6.293215072177639 ], [ -75.555298910260504, 6.29324363785753 ], [ -75.555321141961997, 6.293259425827436 ], [ -75.55535126326933, 6.293277364906294 ], [ -75.555596461310003, 6.293460553065439 ], [ -75.555611816238951, 6.293479532703313 ], [ -75.555633272547624, 6.293437453913863 ], [ -75.555577639005776, 6.293394741747959 ], [ -75.555566751225072, 6.293348766414613 ], [ -75.555547835331694, 6.293330336720736 ], [ -75.555521300999899, 6.293307373191426 ], [ -75.555491181009117, 6.293286562697224 ], [ -75.555473251974661, 6.293271492324012 ], [ -75.555447434131821, 6.293254987788416 ], [ -75.555426636387523, 6.293239200038649 ], [ -75.555387910476711, 6.293214801700733 ], [ -75.555373567172012, 6.293203320224887 ], [ -75.555343446341951, 6.293188249853381 ], [ -75.55529181140767, 6.293150216672219 ], [ -75.555276750993698, 6.293136582423255 ], [ -75.555253085130701, 6.293110031826692 ], [ -75.555239610214684, 6.293099116581477 ], [ -75.555158176114219, 6.293100714913868 ], [ -75.555156165189359, 6.293099505125177 ] ] ] } },
{ "type": "Feature", "properties": { "objectid": 567, "codigo": "0602-1", "nombre": "Doce de Octubre No.1", "riesgo": "Con condiciones de riesgo", "descripcion": "Zona con condiciones de riesgo por inundaciones", "tipo_amenaza": "Inundaciones", "categoria_proteccion": "Áreas de Amenaza y Riesgo", "subcategoria_proteccion": "Zona con condiciones de riesgo", "fecha_adopcion": "2014-12-17T00:00:00", "fecha_actualizacion": "2026-04-30T00:00:00", "st_area(shape)": 6949.6482464343208, "st_perimeter(shape)": 1833.7989324713847 }, "geometry": { "type": "Polygon", "coordinates": [ [ [ -75.575619245876752, 6.311034509592806 ], [ -75.575631664282838, 6.311039726202369 ], [ -75.575650222535145, 6.311047138292007 ], [ -75.57566742628525, 6.31105362949073 ], [ -75.575687403048079, 6.311053339888131 ], [ -75.575706042481102, 6.311050302153046 ], [ -75.575724690999294, 6.311045446256442 ], [ -75.575739761423634, 6.311034209850201 ], [ -75.575752591879521, 6.311020233394758 ], [ -75.575762700671106, 6.311004413414198 ], [ -75.575770552272985, 6.31098675665132 ], [ -75.575777049362841, 6.310969091221062 ], [ -75.575786264043671, 6.310951896934328 ], [ -75.575799084984553, 6.310938372568819 ], [ -75.575813704038538, 6.310926673695695 ], [ -75.575840981210391, 6.310922804856303 ], [ -75.575858638124259, 6.310928843572619 ], [ -75.575876282855518, 6.310936256558266 ], [ -75.575883049824469, 6.31094266468334 ], [ -75.575953328767056, 6.311012718059223 ], [ -75.575966384245092, 6.311026901842046 ], [ -75.57597760583144, 6.311042441786137 ], [ -75.57598838552434, 6.311057973067342 ], [ -75.576000988743999, 6.311071696194711 ], [ -75.576014958698664, 6.311084975885078 ], [ -75.576028014220583, 6.311099167801469 ], [ -75.576041531484393, 6.311112447922492 ], [ -75.576053675213345, 6.311126623555735 ], [ -75.576067191574964, 6.31113990368001 ], [ -75.576083474044793, 6.311148663250138 ], [ -75.576102511784114, 6.31115290322375 ], [ -75.576120202292813, 6.311154403252623 ], [ -75.576138326461873, 6.31115863328032 ], [ -75.57615646010251, 6.311162403081041 ], [ -75.576174593787869, 6.311166181921639 ], [ -75.57619272837232, 6.311169959852963 ], [ -75.576211774723873, 6.311172834610657 ], [ -75.576230360246583, 6.31117570893591 ], [ -75.576249850202188, 6.311180400515974 ], [ -75.576269789761099, 6.311184649580617 ], [ -75.576288366623317, 6.311189793200005 ], [ -75.576306021308071, 6.311196292989753 ], [ -75.57632412863687, 6.3112036964318 ], [ -75.576333173263905, 6.311207854760204 ], [ -75.576456902017242, 6.311236086320392 ], [ -75.576474655985166, 6.311230318082327 ], [ -75.576491958167253, 6.311223637145906 ], [ -75.576509704474304, 6.311218330028223 ], [ -75.576528371106889, 6.311212571736912 ], [ -75.576547019183991, 6.311208177801113 ], [ -75.576565658172413, 6.311204687090612 ], [ -75.576583848086869, 6.311201197698193 ], [ -75.576601167484156, 6.311192699463221 ], [ -75.576616229269973, 6.311181914218583 ], [ -75.576626348440087, 6.31116564123265 ], [ -75.576637371668212, 6.311149830279766 ], [ -75.576648385379968, 6.311134470512355 ], [ -75.576660754507117, 6.311120033435283 ], [ -75.576665886159091, 6.31110234944956 ], [ -75.57666603809777, 6.311082822272726 ], [ -75.576666192707165, 6.311063286945917 ], [ -75.576670429393332, 6.311044238605748 ], [ -75.576677837787201, 6.311026131992584 ], [ -75.576682969011117, 6.311007995966951 ], [ -75.576692193638308, 6.310989896637732 ], [ -75.576700064234544, 6.310971337502828 ], [ -75.576708358077042, 6.310955046430117 ], [ -75.576721620790494, 6.310942426661859 ], [ -75.576738047441566, 6.310933015199355 ], [ -75.576755792402622, 6.310927256042434 ], [ -75.576774884502797, 6.310925131870564 ], [ -75.576783973551869, 6.310923838340533 ], [ -75.576884540222167, 6.310862239788362 ], [ -75.576898937650853, 6.310853422406192 ], [ -75.576914909798418, 6.310843098256534 ], [ -75.576930434673343, 6.310831860482884 ], [ -75.576944610078471, 6.310819257892485 ], [ -75.576957873252752, 6.310806185173123 ], [ -75.576973405358387, 6.31079494826728 ], [ -75.576988023470761, 6.310783250281979 ], [ -75.577003094314279, 6.310771560000388 ], [ -75.577019075970625, 6.310759870634502 ], [ -75.577036857595061, 6.310750929816344 ], [ -75.577055506979889, 6.310746074780948 ], [ -75.577074588693606, 6.310744410831661 ], [ -75.577093671310479, 6.310742746877248 ], [ -75.577113658363615, 6.310741987049924 ], [ -75.577133174650982, 6.310742140869521 ], [ -75.577150829317191, 6.31074864063258 ], [ -75.577168014498199, 6.310757409258882 ], [ -75.577183366173642, 6.310768890173743 ], [ -75.577198708294006, 6.310780814136567 ], [ -75.5772224335944, 6.310785198120731 ], [ -75.577245329832024, 6.310785830641155 ], [ -75.577266436082809, 6.310785550760034 ], [ -75.577296072005325, 6.310785793703202 ], [ -75.577310889494441, 6.310785911108102 ], [ -75.577332890665787, 6.310786986536751 ], [ -75.577346362772204, 6.310786200188295 ], [ -75.577434987708088, 6.310756780994939 ], [ -75.577447357659921, 6.310742334866388 ], [ -75.577461524866436, 6.310730636392756 ], [ -75.577477941075202, 6.310721677008665 ], [ -75.57749480869191, 6.310712275100313 ], [ -75.57751342314819, 6.31071333203076 ], [ -75.577531555006544, 6.310716198614332 ], [ -75.577548758733272, 6.310722687937678 ], [ -75.57756549303032, 6.310731456972673 ], [ -75.577584059454338, 6.310737052640897 ], [ -75.577602646708712, 6.31074083099589 ], [ -75.577621700735719, 6.310742340499873 ], [ -75.577641226950163, 6.310742493347076 ], [ -75.57765884249676, 6.310738343172392 ], [ -75.577677637094212, 6.310730514769418 ], [ -75.577691362920817, 6.310717451501922 ], [ -75.577752881517981, 6.310630708317809 ], [ -75.577760733042453, 6.310613965583404 ], [ -75.577768585471787, 6.310596309719653 ], [ -75.577776446936383, 6.310578653811249 ], [ -75.577790621363448, 6.310566043076737 ], [ -75.57780883619408, 6.310558466166076 ], [ -75.577827502335083, 6.310552253995437 ], [ -75.577845699911521, 6.310547400270505 ], [ -75.577865215705728, 6.310548006109863 ], [ -75.577884749614043, 6.310546793745825 ], [ -75.577903389460161, 6.310543303900134 ], [ -75.577919363850228, 6.31053252767819 ], [ -75.577934443696918, 6.31052083824028 ], [ -75.577949957686599, 6.310510513627436 ], [ -75.57796816157618, 6.310504744935001 ], [ -75.577987235993461, 6.310504899105816 ], [ -75.578006299992083, 6.310505504465412 ], [ -75.57801307006099, 6.310507422858317 ], [ -75.578024415043487, 6.310510638559315 ], [ -75.578042079684565, 6.310516234157457 ], [ -75.578062039092131, 6.310518658618036 ], [ -75.578082006230744, 6.310519723297345 ], [ -75.578101072514912, 6.310519877504015 ], [ -75.578112787418064, 6.310520242602609 ], [ -75.578120135555309, 6.310520472014878 ], [ -75.57813965272625, 6.310521539824243 ], [ -75.578237954980153, 6.310492328462379 ], [ -75.578255266181614, 6.31048383113702 ], [ -75.578272135050554, 6.310475784427403 ], [ -75.578288099477959, 6.310465919563739 ], [ -75.578304501297779, 6.310460998775801 ], [ -75.57833669776015, 6.31045536419499 ], [ -75.578351341324066, 6.310450648299666 ], [ -75.578368066102826, 6.310449092718373 ], [ -75.578376791872415, 6.310447430290166 ], [ -75.578389509850624, 6.310445990384776 ], [ -75.578397999148024, 6.310443651064667 ], [ -75.578428838939047, 6.310436475406717 ], [ -75.578443899982403, 6.310434322327019 ], [ -75.57847545578727, 6.310432885859761 ], [ -75.578493384856614, 6.310440061374244 ], [ -75.578501584894326, 6.310445370224334 ], [ -75.578502851085631, 6.310445791584756 ], [ -75.578519888764788, 6.310454517495763 ], [ -75.57853832676571, 6.310461188721141 ], [ -75.578560907705082, 6.31046476102176 ], [ -75.578582219173285, 6.310470719156707 ], [ -75.578625951711658, 6.31047259188836 ], [ -75.578676504156903, 6.310464541067461 ], [ -75.57869959019429, 6.310450398056715 ], [ -75.578715439077513, 6.310442202693804 ], [ -75.578723037160813, 6.310435240684248 ], [ -75.578729155289906, 6.310429213594715 ], [ -75.578736076165924, 6.310425817932232 ], [ -75.57898058235844, 6.310204054776283 ], [ -75.579003082316873, 6.310181037469556 ], [ -75.579014446921676, 6.310169411621581 ], [ -75.579028686650503, 6.310161791085603 ], [ -75.579035693808777, 6.310155199059695 ], [ -75.579038760744623, 6.310152316115476 ], [ -75.579061229976716, 6.310127472712224 ], [ -75.579067174454721, 6.310122509683738 ], [ -75.579082669677334, 6.310118079766114 ], [ -75.57910637064208, 6.310110981934107 ], [ -75.579125912175471, 6.310111135562983 ], [ -75.579146292277201, 6.310115498968649 ], [ -75.579154049665618, 6.310117725268923 ], [ -75.579175859647663, 6.310120164933728 ], [ -75.579205920701213, 6.310112663108899 ], [ -75.57921411469286, 6.310111820595415 ], [ -75.579239559001934, 6.310113375237898 ], [ -75.579271424526567, 6.310108618307675 ], [ -75.579297501350993, 6.310086985508132 ], [ -75.579305127458142, 6.310075646690334 ], [ -75.579318200929038, 6.310056211945158 ], [ -75.5793388909957, 6.310025890470951 ], [ -75.579341547376387, 6.310019471882966 ], [ -75.579343310885008, 6.310015216668541 ], [ -75.579346685783079, 6.3100070071489 ], [ -75.579350348032648, 6.309996974478451 ], [ -75.579362534232743, 6.309978827022913 ], [ -75.57937824588079, 6.309966277361686 ], [ -75.579380603572787, 6.309964868873315 ], [ -75.579403590425926, 6.309951143121246 ], [ -75.579406806960421, 6.309949824402663 ], [ -75.579442531225155, 6.309942608230071 ], [ -75.579464957902729, 6.309939299382863 ], [ -75.579480508119971, 6.309937585953627 ], [ -75.579492848954246, 6.309936080089641 ], [ -75.579508326327883, 6.309934801884412 ], [ -75.579516168885391, 6.309934154582328 ], [ -75.579532622943645, 6.309933042409298 ], [ -75.579541773234723, 6.309931351644838 ], [ -75.579566987658879, 6.30992443434875 ], [ -75.579604323982224, 6.309901716008117 ], [ -75.579645371553738, 6.309874485987161 ], [ -75.579658734668172, 6.309866475603873 ], [ -75.579664281648832, 6.309862443034426 ], [ -75.579675348598315, 6.309855310138644 ], [ -75.579712728705829, 6.30982939112415 ], [ -75.579723787043719, 6.309822709407833 ], [ -75.57973940881115, 6.309816101818165 ], [ -75.579764661603789, 6.309806897900414 ], [ -75.579785686727817, 6.309805396015439 ], [ -75.579805365866051, 6.309802503086829 ], [ -75.57981974015496, 6.309803089133727 ], [ -75.579842834630554, 6.309800342016455 ], [ -75.579849222506667, 6.309800441457617 ], [ -75.579877068797188, 6.309800413781225 ], [ -75.579893513807406, 6.309800213862975 ], [ -75.579918198256777, 6.309798315030606 ], [ -75.579927155557471, 6.309797066409367 ], [ -75.579935155158708, 6.309794010751846 ], [ -75.579947730557294, 6.309791337450122 ], [ -75.579967213752269, 6.309787194236532 ], [ -75.579981492110761, 6.309780630365264 ], [ -75.580000877633168, 6.30976533396804 ], [ -75.580016554029029, 6.309755525649164 ], [ -75.58002668206305, 6.309750200141764 ], [ -75.580047099430416, 6.309740738099965 ], [ -75.58005243275359, 6.309738266129173 ], [ -75.58007497868671, 6.309728204077452 ], [ -75.580085067420725, 6.309723701479166 ], [ -75.580105102305211, 6.309712359935532 ], [ -75.580115544087718, 6.309706164049127 ], [ -75.580122842855999, 6.309701900391985 ], [ -75.580150003227018, 6.309687249855885 ], [ -75.580156445736307, 6.309684148571161 ], [ -75.580165263913244, 6.30967469156756 ], [ -75.58016878624592, 6.309653737371733 ], [ -75.580166860456828, 6.309630864587715 ], [ -75.580166012377944, 6.309626742557887 ], [ -75.580177142511658, 6.309615035589937 ], [ -75.580190913604369, 6.309610226341251 ], [ -75.58027458664354, 6.309596004559774 ], [ -75.580326404692855, 6.309587196058287 ], [ -75.580338755711338, 6.309585560844251 ], [ -75.580372050517923, 6.309587901059245 ], [ -75.580388495044119, 6.309587240952597 ], [ -75.580409378695748, 6.30957998074356 ], [ -75.58041741572832, 6.30957718707942 ], [ -75.580441757165573, 6.309567513915469 ], [ -75.580486255743452, 6.309554042254521 ], [ -75.580498632948476, 6.309550578853167 ], [ -75.580516939394627, 6.309547658350807 ], [ -75.580525638791443, 6.309545968903503 ], [ -75.58054214612244, 6.309541203948156 ], [ -75.580559620743131, 6.309533247308835 ], [ -75.580571575029197, 6.309527949811223 ], [ -75.580596421120291, 6.309515085443254 ], [ -75.58062045345369, 6.309496271726727 ], [ -75.580639834790375, 6.309482874814599 ], [ -75.580664128801615, 6.309476400521194 ], [ -75.580674682411981, 6.309472901854837 ], [ -75.580691732338124, 6.309463118359559 ], [ -75.580708375617903, 6.309449677155157 ], [ -75.580724149069525, 6.309433014496794 ], [ -75.58072742022334, 6.309428494147307 ], [ -75.580742960948811, 6.309397675621348 ], [ -75.580765854162337, 6.309363773898355 ], [ -75.58078162129226, 6.309348025298253 ], [ -75.580799592478527, 6.309336887441379 ], [ -75.580806494468348, 6.309333334545789 ], [ -75.580824355145197, 6.30932451439837 ], [ -75.580840999126963, 6.309316509434357 ], [ -75.58085661790966, 6.309302371738709 ], [ -75.580899411443824, 6.309275221609822 ], [ -75.580942976904922, 6.309247580352945 ], [ -75.580950911585532, 6.309242548684222 ], [ -75.581156311774976, 6.309159239241973 ], [ -75.58131495543492, 6.309094893191316 ], [ -75.58138398630841, 6.309066891520239 ], [ -75.581457470083592, 6.309037084919567 ], [ -75.581532776303717, 6.309006537875208 ], [ -75.581640120338434, 6.30896299584413 ], [ -75.581662906566251, 6.308961150657916 ], [ -75.581678493732468, 6.308964721350133 ], [ -75.581688957272718, 6.308966394462207 ], [ -75.581705282426284, 6.30896900588071 ], [ -75.581722043341557, 6.308976409481798 ], [ -75.581737393515994, 6.308987409279449 ], [ -75.581752339132564, 6.308998458094345 ], [ -75.581764970430342, 6.309012189943132 ], [ -75.581779436109628, 6.309024122615519 ], [ -75.581794353574608, 6.309035142637383 ], [ -75.581810653591191, 6.309044354873853 ], [ -75.581827866298681, 6.30905267116021 ], [ -75.581831813758996, 6.309054261757266 ], [ -75.581845086662241, 6.309059614108331 ], [ -75.581862308361167, 6.30906792130774 ], [ -75.581879059732614, 6.309076681070788 ], [ -75.581897212229379, 6.309080450590066 ], [ -75.58191542630594, 6.309076037867982 ], [ -75.58193320798965, 6.309069338155614 ], [ -75.58195097117914, 6.309064012737987 ], [ -75.581956922726931, 6.309063041175725 ], [ -75.581969627545007, 6.309060966600359 ], [ -75.581988249936373, 6.309062919295549 ], [ -75.582005933399572, 6.309069409708685 ], [ -75.582024545380222, 6.30907272671251 ], [ -75.58204131438697, 6.309080121219158 ], [ -75.582055780543769, 6.309091601837561 ], [ -75.582068345555854, 6.309101252981214 ], [ -75.582080109038387, 6.309106878609214 ], [ -75.582100056362719, 6.309111991725928 ], [ -75.582116423540057, 6.309115060385476 ], [ -75.582132788567336, 6.309121708312146 ], [ -75.582150178421102, 6.309127843966785 ], [ -75.582167339694621, 6.309128329343395 ], [ -75.582186430169799, 6.309128464314316 ], [ -75.582212272284934, 6.309137747651199 ], [ -75.582225355900846, 6.309151036952032 ], [ -75.582242115408846, 6.309159796659457 ], [ -75.582260745019695, 6.309160835281333 ], [ -75.582278960902102, 6.309156423441734 ], [ -75.582297600053636, 6.309155192771735 ], [ -75.582315282616463, 6.309161683175963 ], [ -75.582329915447701, 6.309174523598632 ], [ -75.582339642144532, 6.309188695651938 ], [ -75.582349527846517, 6.309204686831233 ], [ -75.582352203136224, 6.309222523738036 ], [ -75.58236560211634, 6.309239828300631 ], [ -75.58236901597617, 6.309244237750681 ], [ -75.58238442697008, 6.30925474359062 ], [ -75.582397736110323, 6.309265950571419 ], [ -75.582409645613495, 6.309277157260287 ], [ -75.582413848930813, 6.309282060039092 ], [ -75.582432762222254, 6.309296769661176 ], [ -75.582450975061349, 6.309307976730405 ], [ -75.582481799731298, 6.30932478622072 ], [ -75.582497209973297, 6.309334592300562 ], [ -75.582516122897474, 6.309342296197418 ], [ -75.582520902302619, 6.309346572301777 ], [ -75.582545455771026, 6.30935709969307 ], [ -75.582582749601613, 6.309371450537099 ], [ -75.582630085087686, 6.309382930840594 ], [ -75.582680086415408, 6.309389182274852 ], [ -75.582658543160889, 6.309334236940733 ], [ -75.58265851938188, 6.309334179197505 ], [ -75.582658444345569, 6.309333988808647 ], [ -75.582638173804554, 6.309290811906816 ], [ -75.582617799777282, 6.309284561790295 ], [ -75.582583373300551, 6.309277385975804 ], [ -75.582501614232996, 6.309245815033805 ], [ -75.582455713256365, 6.309217112994276 ], [ -75.582427025433873, 6.30919845671385 ], [ -75.582396902188123, 6.309175494179616 ], [ -75.582368213946324, 6.309151097886383 ], [ -75.582336657281502, 6.309132441359941 ], [ -75.582305100501458, 6.309115220511835 ], [ -75.582276412992755, 6.309103739907886 ], [ -75.582247725606436, 6.30909082452467 ], [ -75.582220471471786, 6.309086519732456 ], [ -75.582153056624549, 6.309087957910657 ], [ -75.582115762342028, 6.30907934884404 ], [ -75.58210715585659, 6.309067867198429 ], [ -75.582088508801519, 6.309046340369542 ], [ -75.582066991568325, 6.309019071486483 ], [ -75.582039095315153, 6.309002790791142 ], [ -75.582027354329924, 6.308999700093114 ], [ -75.581990970601993, 6.309004722755949 ], [ -75.581955110228265, 6.309007593820511 ], [ -75.581900604851839, 6.309007595557915 ], [ -75.581854704514001, 6.308993245730615 ], [ -75.581818843603287, 6.308970283568808 ], [ -75.581772943875137, 6.308948758035299 ], [ -75.581732780691638, 6.308930101636526 ], [ -75.581700377280782, 6.308915799694394 ], [ -75.581651020885644, 6.308918622826997 ], [ -75.581587909680749, 6.308931542216546 ], [ -75.581542009737973, 6.308944459451871 ], [ -75.581503282613468, 6.308954507734285 ], [ -75.581369888022579, 6.309017659124741 ], [ -75.5812494033717, 6.309073634993032 ], [ -75.581150265845039, 6.309102278607432 ], [ -75.58114756344122, 6.309103776504982 ], [ -75.581072977480773, 6.3091296123839 ], [ -75.581021340331091, 6.30914683613815 ], [ -75.58097400706697, 6.309172670730423 ], [ -75.580920934908022, 6.309191330039818 ], [ -75.580879339452068, 6.309215728532272 ], [ -75.58083344133864, 6.309248739839445 ], [ -75.580784673868763, 6.309287490917594 ], [ -75.58074451122053, 6.309314759996679 ], [ -75.580707219219562, 6.30937360347508 ], [ -75.580668493571693, 6.309418095427355 ], [ -75.580613988049123, 6.309439625051772 ], [ -75.58057095780083, 6.309462588632922 ], [ -75.580492067792392, 6.309501341619979 ], [ -75.580434693636548, 6.309519999617885 ], [ -75.580377319197822, 6.309531482815255 ], [ -75.580307034992714, 6.309547271936446 ], [ -75.580246792063022, 6.309554449630894 ], [ -75.580150690277165, 6.309587461965441 ], [ -75.58011626579777, 6.309619036755574 ], [ -75.580110529070495, 6.309649173841519 ], [ -75.580100489872024, 6.30966496185603 ], [ -75.580074670763778, 6.309689359889743 ], [ -75.580040246499905, 6.309708018955044 ], [ -75.580001520053528, 6.30972954810084 ], [ -75.579957054459541, 6.309746771510587 ], [ -75.579914022935327, 6.309752513195241 ], [ -75.57986668857933, 6.309758255402663 ], [ -75.579803576869949, 6.309763998027637 ], [ -75.579736162471789, 6.309778351653799 ], [ -75.579700302789917, 6.309802749700484 ], [ -75.579641494193496, 6.309825714560185 ], [ -75.579555433771318, 6.309878819132364 ], [ -75.579519575606881, 6.309896041459196 ], [ -75.57948084688779, 6.3099017834955 ], [ -75.579439251385068, 6.309914700972762 ], [ -75.579394785722698, 6.309921878178256 ], [ -75.579351754934535, 6.309929054600675 ], [ -75.57932306729937, 6.309949148926265 ], [ -75.579302987543272, 6.309985028390458 ], [ -75.579291513332336, 6.310022343399557 ], [ -75.579228401983372, 6.310053919238634 ], [ -75.579186804906428, 6.310063967150963 ], [ -75.579168158153237, 6.310059661157737 ], [ -75.579120823851412, 6.310053922359117 ], [ -75.579070621090764, 6.310063969496319 ], [ -75.579021852850957, 6.310098415250752 ], [ -75.578973085517731, 6.310142907171995 ], [ -75.578951570188238, 6.310165869875504 ], [ -75.578917146233152, 6.310200315996167 ], [ -75.578882722788109, 6.310239066454554 ], [ -75.578790925264244, 6.310323744653631 ], [ -75.57874359120845, 6.310355319158714 ], [ -75.578699126524612, 6.310381153888998 ], [ -75.578650358468082, 6.310392636812456 ], [ -75.578617367134811, 6.310391201797332 ], [ -75.578577204484787, 6.310375416521111 ], [ -75.578532739501284, 6.310353889016329 ], [ -75.578483969370467, 6.310358196223265 ], [ -75.578439504917625, 6.310361068115043 ], [ -75.578393605575641, 6.310373985150465 ], [ -75.578356311402956, 6.310382597715885 ], [ -75.578317583243319, 6.310391209243959 ], [ -75.578294633639544, 6.310406997901698 ], [ -75.578277422011652, 6.310419914799458 ], [ -75.57824443144213, 6.31044000779999 ], [ -75.578199966710642, 6.310465842500515 ], [ -75.578159804820132, 6.310471584325676 ], [ -75.578121075745074, 6.310470149667694 ], [ -75.578078045121714, 6.310464410266382 ], [ -75.578036447697201, 6.310467281492044 ], [ -75.577994851691457, 6.310474458859372 ], [ -75.577951820794297, 6.31048163519225 ], [ -75.577924567035453, 6.310491682521175 ], [ -75.577920589638879, 6.310492080123023 ], [ -75.577912754500147, 6.310495510138992 ], [ -75.577873310161777, 6.310509863407826 ], [ -75.577818326637214, 6.310527804175266 ], [ -75.577768274873137, 6.310534606613369 ], [ -75.577752443784235, 6.310546222920634 ], [ -75.577730928646076, 6.310556269854755 ], [ -75.577723757054216, 6.310564880601736 ], [ -75.577712282873236, 6.310580668478218 ], [ -75.577702241765138, 6.3105964555877 ], [ -75.577689333846905, 6.31061941814231 ], [ -75.577683596622208, 6.310633770858519 ], [ -75.577673555512632, 6.310649557968205 ], [ -75.57765921232928, 6.310666780366404 ], [ -75.577640566550173, 6.310691178990181 ], [ -75.577629091732973, 6.310694050219117 ], [ -75.57760470708692, 6.310691180242512 ], [ -75.5775760193427, 6.310681134155348 ], [ -75.577544462864523, 6.310669653022407 ], [ -75.577481350138001, 6.310673960642733 ], [ -75.577469362189149, 6.310679958924216 ], [ -75.577460809985567, 6.310680908966193 ], [ -75.5774159861828, 6.310689879707523 ], [ -75.577386103073451, 6.310698850612499 ], [ -75.577350244258369, 6.310704831458412 ], [ -75.577317372923744, 6.310704832363211 ], [ -75.577293466005997, 6.310704833186748 ], [ -75.577254617652144, 6.310689883902065 ], [ -75.577218758917283, 6.31067194447157 ], [ -75.577176922678376, 6.310651015890197 ], [ -75.577126121120699, 6.310630087384454 ], [ -75.57709623857987, 6.310636068462898 ], [ -75.5770663560332, 6.310642048635825 ], [ -75.577042449770133, 6.310648029963095 ], [ -75.576994636906392, 6.31065700100056 ], [ -75.576949813479729, 6.310677930934202 ], [ -75.576919930930231, 6.310683912004426 ], [ -75.576875107098957, 6.310692882703019 ], [ -75.576839248086358, 6.310713813462187 ], [ -75.576797413187791, 6.31074670410153 ], [ -75.576761553983417, 6.310782583901167 ], [ -75.576713742609755, 6.310830424231492 ], [ -75.576659954692062, 6.31088424482858 ], [ -75.576615132810986, 6.310953014391189 ], [ -75.576598467908269, 6.310972720940932 ], [ -75.576586995860367, 6.310984198122212 ], [ -75.576545161178359, 6.311011109137179 ], [ -75.576513698384815, 6.311039966844013 ], [ -75.576490144591972, 6.311074847295762 ], [ -75.576467194869352, 6.311090634099123 ], [ -75.576444245149588, 6.311106421806089 ], [ -75.576405517759483, 6.311115034125888 ], [ -75.576352445671574, 6.311107858880912 ], [ -75.57630797922819, 6.31108202683215 ], [ -75.576273553885358, 6.311060500063325 ], [ -75.576256340365873, 6.311034667842637 ], [ -75.576237693899287, 6.311007399792166 ], [ -75.576207570416585, 6.310977262013377 ], [ -75.576191792191537, 6.310947123760109 ], [ -75.576181751072511, 6.310914114670876 ], [ -75.576158800089274, 6.310885411434268 ], [ -75.576134416087527, 6.310875365661238 ], [ -75.576105727291448, 6.31086675517811 ], [ -75.57608134365654, 6.310862450341467 ], [ -75.576059827579542, 6.310862450129255 ], [ -75.576046918117456, 6.310862450723836 ], [ -75.576005320762917, 6.310853840824008 ], [ -75.57596659358596, 6.310840925024991 ], [ -75.575940774065174, 6.310828008639949 ], [ -75.575927163078219, 6.310827208066445 ], [ -75.575899688207357, 6.310828736305164 ], [ -75.575848888023117, 6.310837706663479 ], [ -75.575813028613439, 6.310855647563566 ], [ -75.575774449332982, 6.310897886559856 ], [ -75.575758670857866, 6.310928025471782 ], [ -75.575737156942594, 6.310962469990434 ], [ -75.575718495496304, 6.310979518447584 ], [ -75.575704105351548, 6.31098798860151 ], [ -75.575653247155486, 6.310955607265455 ], [ -75.575619245876752, 6.311034509592806 ] ] ] } },
{ "type": "Feature", "properties": { "objectid": 568, "codigo": "0612-1", "nombre": "El Triunfo", "riesgo": "Con condiciones de riesgo", "descripcion": "Zona con condiciones de riesgo por inundaciones", "tipo_amenaza": "Inundaciones", "categoria_proteccion": "Áreas de Amenaza y Riesgo", "subcategoria_proteccion": "Zona con condiciones de riesgo", "fecha_adopcion": "2014-12-17T00:00:00", "fecha_actualizacion": "2026-04-30T00:00:00", "st_area(shape)": 489.9362615650121, "st_perimeter(shape)": 157.29334895593428 }, "geometry": { "type": "Polygon", "coordinates": [ [ [ -75.58412996260418, 6.309262192946167 ], [ -75.584139153400969, 6.309263216861654 ], [ -75.584157640910192, 6.30926421091363 ], [ -75.58417605384787, 6.309266931223092 ], [ -75.584194558774314, 6.309270709752557 ], [ -75.584213387047626, 6.30927318570595 ], [ -75.5842320459695, 6.309276313436389 ], [ -75.584250233914318, 6.309281402643997 ], [ -75.58426697629352, 6.309289620811906 ], [ -75.584283564668752, 6.309298487968452 ], [ -75.584287909722875, 6.309300811586493 ], [ -75.584300145820464, 6.309307356064167 ], [ -75.584316000980408, 6.309317779162777 ], [ -75.584330486085733, 6.309329612191818 ], [ -75.584345123335027, 6.309340785391098 ], [ -75.584361549589815, 6.30935030428582 ], [ -75.584379014300438, 6.309356957518125 ], [ -75.584397212231636, 6.30936205571007 ], [ -75.584416123460244, 6.309365589919742 ], [ -75.584434852431997, 6.309366990501576 ], [ -75.58445313131935, 6.309363084561991 ], [ -75.584472096169449, 6.309362125228438 ], [ -75.584489876770789, 6.309357406281271 ], [ -75.584507396678234, 6.309349495419009 ], [ -75.584523667700907, 6.309339550247939 ], [ -75.584539940534427, 6.309329605971697 ], [ -75.584556709889966, 6.309320483751119 ], [ -75.584573487331895, 6.309311352449284 ], [ -75.58459099820017, 6.309303441630209 ], [ -75.584607269223582, 6.309293497361802 ], [ -75.584623794353845, 6.30928395866755 ], [ -75.584640067227667, 6.309274023430215 ], [ -75.584657333011933, 6.309265705182445 ], [ -75.584675954423631, 6.30926327299437 ], [ -75.584694622376645, 6.309266400662373 ], [ -75.584712161048685, 6.309273392545506 ], [ -75.584713414298449, 6.30927156912529 ], [ -75.584713413500921, 6.309258651644404 ], [ -75.584704806411736, 6.309242865747671 ], [ -75.584700503259555, 6.309235689732105 ], [ -75.584678987396259, 6.309224208945984 ], [ -75.584644562201518, 6.309224210757534 ], [ -75.584597228456076, 6.309237129031096 ], [ -75.584568541163108, 6.309245740836238 ], [ -75.584526945209703, 6.309268705686439 ], [ -75.584495389745484, 6.309291669520456 ], [ -75.584473875003809, 6.309300280981169 ], [ -75.584443753285996, 6.309303152667948 ], [ -75.584397853048557, 6.3092988492354 ], [ -75.58437203335744, 6.309277321966015 ], [ -75.584310353945867, 6.309228528427814 ], [ -75.584271625372025, 6.309212742836431 ], [ -75.584211381044682, 6.309195522563307 ], [ -75.584146834463041, 6.309194090781734 ], [ -75.584106672242228, 6.309196962550049 ], [ -75.584084537840965, 6.309199052327362 ], [ -75.584090443252961, 6.309206092925081 ], [ -75.584101105796279, 6.309218930380367 ], [ -75.584115833755789, 6.309236738180187 ], [ -75.584125681730839, 6.309249484748479 ], [ -75.584130651971577, 6.309257259578493 ], [ -75.584130742217852, 6.309259971369722 ], [ -75.58412996260418, 6.309262192946167 ] ] ] } },
{ "type": "Feature", "properties": { "objectid": 569, "codigo": "0203-1", "nombre": "Pablo VI", "riesgo": "Con condiciones de riesgo", "descripcion": "Zona con condiciones de riesgo por inundaciones", "tipo_amenaza": "Inundaciones", "categoria_proteccion": "Áreas de Amenaza y Riesgo", "subcategoria_proteccion": "Zona con condiciones de riesgo", "fecha_adopcion": "2014-12-17T00:00:00", "fecha_actualizacion": "2026-04-30T00:00:00", "st_area(shape)": 126.95111238994411, "st_perimeter(shape)": 56.765779142401847 }, "geometry": { "type": "Polygon", "coordinates": [ [ [ -75.553521421378605, 6.302413665435235 ], [ -75.553519473098461, 6.302419358158952 ], [ -75.553572229835879, 6.302493263140748 ], [ -75.553574025430734, 6.302478895410451 ], [ -75.553584065930224, 6.302454497877463 ], [ -75.55359984450665, 6.302421488699486 ], [ -75.553625663017499, 6.302405701382225 ], [ -75.553651481976885, 6.302405702379304 ], [ -75.55369020819451, 6.302408573952182 ], [ -75.553703684777943, 6.302409611839329 ], [ -75.553633119365969, 6.30234993063928 ], [ -75.553609514209711, 6.302356767361425 ], [ -75.553585847585836, 6.30235676666701 ], [ -75.553567917781464, 6.302363224794855 ], [ -75.553557159601738, 6.302370400003652 ], [ -75.553540664968907, 6.302381163663107 ], [ -75.553533375291238, 6.302389744936217 ], [ -75.553521421378605, 6.302413665435235 ] ] ] } },
{ "type": "Feature", "properties": { "objectid": 570, "codigo": "0711-1", "nombre": "El Diamante", "riesgo": "Con condiciones de riesgo", "descripcion": "Zona con condiciones de riesgo por inundaciones", "tipo_amenaza": "Inundaciones", "categoria_proteccion": "Áreas de Amenaza y Riesgo", "subcategoria_proteccion": "Zona con condiciones de riesgo", "fecha_adopcion": "2014-12-17T00:00:00", "fecha_actualizacion": "2026-04-30T00:00:00", "st_area(shape)": 73.874059333827404, "st_perimeter(shape)": 50.860332391825906 }, "geometry": { "type": "Polygon", "coordinates": [ [ [ -75.586359015204962, 6.287779154057247 ], [ -75.58638314122301, 6.287798312295952 ], [ -75.586486718579039, 6.287667991025622 ], [ -75.586489638246292, 6.287670620097845 ], [ -75.586506022428495, 6.287644388514003 ], [ -75.586504885455611, 6.287643591320739 ], [ -75.586494844853746, 6.287633066922692 ], [ -75.586482892118056, 6.287625414303117 ], [ -75.586359015204962, 6.287779154057247 ] ] ] } },
{ "type": "Feature", "properties": { "objectid": 571, "codigo": "0711-2", "nombre": "El Diamante", "riesgo": "Con condiciones de riesgo", "descripcion": "Zona con condiciones de riesgo por inundaciones", "tipo_amenaza": "Inundaciones", "categoria_proteccion": "Áreas de Amenaza y Riesgo", "subcategoria_proteccion": "Zona con condiciones de riesgo", "fecha_adopcion": "2014-12-17T00:00:00", "fecha_actualizacion": "2026-04-30T00:00:00", "st_area(shape)": 66.317352786329025, "st_perimeter(shape)": 49.81540886767992 }, "geometry": { "type": "Polygon", "coordinates": [ [ [ -75.586697241729141, 6.287901650284931 ], [ -75.586699484872767, 6.287906699306289 ], [ -75.586755905217785, 6.28800811703499 ], [ -75.586775030586182, 6.288031556405935 ], [ -75.586816154562868, 6.288063818242739 ], [ -75.586834345161122, 6.288046775799767 ], [ -75.58682905696061, 6.288039687790985 ], [ -75.586803238926223, 6.288021508942152 ], [ -75.586783635453443, 6.28799950400006 ], [ -75.586722911417908, 6.287893304215211 ], [ -75.586722231677427, 6.28789141986483 ], [ -75.586697241729141, 6.287901650284931 ] ] ] } },
{ "type": "Feature", "properties": { "objectid": 572, "codigo": "0302-2", "nombre": "Las Granjas", "riesgo": "Con condiciones de riesgo", "descripcion": "Zona con condiciones de riesgo por inundaciones", "tipo_amenaza": "Inundaciones", "categoria_proteccion": "Áreas de Amenaza y Riesgo", "subcategoria_proteccion": "Zona con condiciones de riesgo", "fecha_adopcion": "2014-12-17T00:00:00", "fecha_actualizacion": "2026-04-30T00:00:00", "st_area(shape)": 60.896041408814519, "st_perimeter(shape)": 40.933892916746622 }, "geometry": { "type": "Polygon", "coordinates": [ [ [ -75.550137061506305, 6.281890625728924 ], [ -75.550151296914763, 6.281908063382634 ], [ -75.550204600797727, 6.281953311524123 ], [ -75.550208341198797, 6.281955292257822 ], [ -75.550262258056492, 6.281980393963358 ], [ -75.55027759147606, 6.28196151201587 ], [ -75.55027683004046, 6.281949321174693 ], [ -75.550240650989863, 6.281937253327011 ], [ -75.550213400267097, 6.281913572117551 ], [ -75.550191168659637, 6.281901372058095 ], [ -75.550169655550036, 6.281882714998796 ], [ -75.550161771351128, 6.281868650326293 ], [ -75.550137061506305, 6.281890625728924 ] ] ] } },
{ "type": "Feature", "properties": { "objectid": 573, "codigo": "0911-3", "nombre": "Gerona", "riesgo": "Con condiciones de riesgo", "descripcion": "Zona con condiciones de riesgo por inundaciones", "tipo_amenaza": "Inundaciones", "categoria_proteccion": "Áreas de Amenaza y Riesgo", "subcategoria_proteccion": "Zona con condiciones de riesgo", "fecha_adopcion": "2014-12-17T00:00:00", "fecha_actualizacion": "2026-04-30T00:00:00", "st_area(shape)": 62.836690523083519, "st_perimeter(shape)": 43.795166786262222 }, "geometry": { "type": "Polygon", "coordinates": [ [ [ -75.560291960755464, 6.241967573472938 ], [ -75.560281821466461, 6.241951103121115 ], [ -75.560223529979908, 6.241834438902248 ], [ -75.560229159580928, 6.241936360338964 ], [ -75.56023012476706, 6.242006897000512 ], [ -75.560283827616018, 6.241970533279339 ], [ -75.560291960755464, 6.241967573472938 ] ] ] } },
{ "type": "Feature", "properties": { "objectid": 588, "codigo": "0802-1", "nombre": "La Mansión", "riesgo": "Con condiciones de riesgo", "descripcion": "Zona con condiciones de riesgo por inundaciones", "tipo_amenaza": "Inundaciones", "categoria_proteccion": "Áreas de Amenaza y Riesgo", "subcategoria_proteccion": "Zona con condiciones de riesgo", "fecha_adopcion": "2014-12-17T00:00:00", "fecha_actualizacion": "2026-04-30T00:00:00", "st_area(shape)": 1246.7241380089333, "st_perimeter(shape)": 269.86772826694045 }, "geometry": { "type": "Polygon", "coordinates": [ [ [ -75.554106658998577, 6.257878726883601 ], [ -75.554132876154029, 6.257882850407894 ], [ -75.554187377254323, 6.25788859207415 ], [ -75.554217974194827, 6.257893375975494 ], [ -75.554273430563342, 6.257901031487967 ], [ -75.554319325384355, 6.257903902904725 ], [ -75.554380519755838, 6.257903904384689 ], [ -75.554420678728988, 6.257903905153418 ], [ -75.554456056087304, 6.257901991697825 ], [ -75.554494302559704, 6.257890511538911 ], [ -75.554533505150772, 6.25786754915391 ], [ -75.554550716973623, 6.2578484141629 ], [ -75.554565059481689, 6.257817797482317 ], [ -75.554582270719621, 6.257781439357397 ], [ -75.554611912564255, 6.257726903446763 ], [ -75.554626255150325, 6.257683848136408 ], [ -75.554656853535334, 6.257627399013678 ], [ -75.554697969201669, 6.257568078816512 ], [ -75.554737172698893, 6.257519283530737 ], [ -75.55475342753499, 6.257492493649216 ], [ -75.554774463075248, 6.257467617991819 ], [ -75.554806973791173, 6.257454222824648 ], [ -75.55484139454434, 6.257447526793693 ], [ -75.554876772499867, 6.257443700240971 ], [ -75.554915017935173, 6.257444657796934 ], [ -75.554964738103592, 6.257440831957291 ], [ -75.555003941697194, 6.257425523675955 ], [ -75.555004522137764, 6.257425232442605 ], [ -75.555004524482968, 6.25731901588779 ], [ -75.554984820320527, 6.257324104233529 ], [ -75.554969522097792, 6.257329844691236 ], [ -75.554928406560677, 6.257344195788137 ], [ -75.554888247909147, 6.257346108118304 ], [ -75.5548500019502, 6.257341323498378 ], [ -75.554830879303466, 6.257341323438246 ], [ -75.554802194772321, 6.25734706394212 ], [ -75.554776273788065, 6.25736446113867 ], [ -75.554739087750718, 6.257379592326711 ], [ -75.554695103801222, 6.257421690684947 ], [ -75.554627214546414, 6.257500145383344 ], [ -75.55460504752601, 6.25754782979631 ], [ -75.554526815334896, 6.257676192418772 ], [ -75.554499087208882, 6.257724987009488 ], [ -75.554483786874542, 6.257761344875405 ], [ -75.554472312460888, 6.257788135001172 ], [ -75.554453189218918, 6.257810140773469 ], [ -75.554408249986537, 6.257824491470894 ], [ -75.554378608981935, 6.257826405034811 ], [ -75.554346100115595, 6.257827360642766 ], [ -75.554322196096962, 6.257827360330798 ], [ -75.554267695117844, 6.25781587762905 ], [ -75.55421893180457, 6.257813962236187 ], [ -75.554169212437401, 6.257804393746963 ], [ -75.55416222887547, 6.257803200860305 ], [ -75.554106658998577, 6.257878726883601 ] ] ] } },
{ "type": "Feature", "properties": { "objectid": 617, "codigo": "1109-1", "nombre": "Las Acacias", "riesgo": "Con condiciones de riesgo", "descripcion": "Zona con condiciones de riesgo por inundaciones", "tipo_amenaza": "Inundaciones", "categoria_proteccion": "Áreas de Amenaza y Riesgo", "subcategoria_proteccion": "Zona con condiciones de riesgo", "fecha_adopcion": "2014-12-17T00:00:00", "fecha_actualizacion": "2026-04-30T00:00:00", "st_area(shape)": 1300.5604826265685, "st_perimeter(shape)": 196.14439666837552 }, "geometry": { "type": "Polygon", "coordinates": [ [ [ -75.600113086916906, 6.240776991542577 ], [ -75.600090141621337, 6.240799955271663 ], [ -75.599969699971069, 6.240961116771341 ], [ -75.599940882749181, 6.241004138283679 ], [ -75.599857076811844, 6.241097584743641 ], [ -75.599751803106983, 6.241139729080672 ], [ -75.599688521220031, 6.241140980996902 ], [ -75.59960403930225, 6.241154177330799 ], [ -75.599615158672322, 6.241309816037184 ], [ -75.599680863665981, 6.24131663183142 ], [ -75.599713137498796, 6.241313353365138 ], [ -75.599763332371523, 6.241300433057012 ], [ -75.599787713894713, 6.241288950257723 ], [ -75.59981496250488, 6.241281772943724 ], [ -75.599856552507475, 6.241264547460714 ], [ -75.599874855370217, 6.241253556667104 ], [ -75.599882555193403, 6.241248931376385 ], [ -75.599899576253733, 6.241238710853972 ], [ -75.599926824524317, 6.241217181418853 ], [ -75.599952638735942, 6.241198523162774 ], [ -75.599987056857032, 6.241166946630755 ], [ -75.600008567643755, 6.241142547088327 ], [ -75.600035815569086, 6.241106665535546 ], [ -75.600058760096829, 6.241073654872257 ], [ -75.600100347408912, 6.241011939187072 ], [ -75.600130461763868, 6.240960271062853 ], [ -75.600174919826543, 6.240928694653392 ], [ -75.600213640765304, 6.240917210617322 ], [ -75.600215584636032, 6.240916958723055 ], [ -75.600118895854408, 6.240772921651603 ], [ -75.600113086916906, 6.240776991542577 ] ] ] } },
{ "type": "Feature", "properties": { "objectid": 663, "codigo": "0103-5", "nombre": "Popular", "riesgo": "Alto riesgo no mitigable", "descripcion": "Zona de alto riesgo no mitigable por inundaciones", "tipo_amenaza": "Inundaciones", "categoria_proteccion": "Áreas de Amenaza y Riesgo", "subcategoria_proteccion": "Zona de riesgo no mitigable", "fecha_adopcion": "2014-12-17T00:00:00", "fecha_actualizacion": "2026-04-30T00:00:00", "st_area(shape)": 133.22221127880039, "st_perimeter(shape)": 46.519693789637074 }, "geometry": { "type": "Polygon", "coordinates": [ [ [ -75.543455469227297, 6.303547527251496 ], [ -75.543399671205506, 6.30355505230269 ], [ -75.543398931850604, 6.303572062184551 ], [ -75.543400363346692, 6.303620858051184 ], [ -75.543407043831223, 6.303647599707949 ], [ -75.543467789532656, 6.30363943752132 ], [ -75.543521257054309, 6.303632253832539 ], [ -75.543515659479951, 6.303587431062522 ], [ -75.543515661015192, 6.303550116707847 ], [ -75.543516966054298, 6.303539232111024 ], [ -75.543455469227297, 6.303547527251496 ] ] ] } },
{ "type": "Feature", "properties": { "objectid": 574, "codigo": "1212-1", "nombre": "Santa Teresita", "riesgo": "Con condiciones de riesgo", "descripcion": "Zona con condiciones de riesgo por inundaciones", "tipo_amenaza": "Inundaciones", "categoria_proteccion": "Áreas de Amenaza y Riesgo", "subcategoria_proteccion": "Zona con condiciones de riesgo", "fecha_adopcion": "2014-12-17T00:00:00", "fecha_actualizacion": "2026-04-30T00:00:00", "st_area(shape)": 5979.6790611625856, "st_perimeter(shape)": 631.04840923526717 }, "geometry": { "type": "Polygon", "coordinates": [ [ [ -75.613653894740082, 6.241810315309519 ], [ -75.613718680485974, 6.241851014389415 ], [ -75.613735216834996, 6.241838601772744 ], [ -75.613768201287613, 6.241814200077491 ], [ -75.613789712150748, 6.241801281792133 ], [ -75.613824130674232, 6.241772574164157 ], [ -75.613848509686179, 6.241751044015258 ], [ -75.613871455305969, 6.241736690186264 ], [ -75.613897269220686, 6.241723771319029 ], [ -75.613933122895361, 6.241712287050233 ], [ -75.613967542957312, 6.24171084858883 ], [ -75.613996227218138, 6.241707974942197 ], [ -75.614024911629713, 6.241715149021756 ], [ -75.614057897504324, 6.241719451229963 ], [ -75.614079411350374, 6.241726624762073 ], [ -75.614110964525509, 6.241740973674381 ], [ -75.61414395188541, 6.241749581908598 ], [ -75.614169766511523, 6.241751014081646 ], [ -75.614198451460979, 6.24175101171583 ], [ -75.614241476366075, 6.241742396549858 ], [ -75.614268725066907, 6.241739523691224 ], [ -75.614301711263678, 6.241739520745883 ], [ -75.61433326429129, 6.241743823724904 ], [ -75.614359079817191, 6.241745255884068 ], [ -75.614407841781585, 6.241745251404008 ], [ -75.614437960152955, 6.241749554271139 ], [ -75.614468077939719, 6.241749551100574 ], [ -75.614503932856778, 6.241745242316504 ], [ -75.614536917668588, 6.241739498581241 ], [ -75.614571337714167, 6.241738060080238 ], [ -75.614604324806336, 6.241738057111454 ], [ -75.614641613251052, 6.241736617915554 ], [ -75.614673164414953, 6.241729439319795 ], [ -75.614726229638521, 6.241726564736885 ], [ -75.614763517974424, 6.241726561180559 ], [ -75.614815149225649, 6.241726555967685 ], [ -75.614849569158196, 6.241726553096792 ], [ -75.614873950443851, 6.241722244344044 ], [ -75.61491840954325, 6.241719370014369 ], [ -75.614961434997909, 6.24171506082951 ], [ -75.615010197039609, 6.241713620647262 ], [ -75.615037220308281, 6.241710474037065 ], [ -75.615078681016669, 6.241714358879858 ], [ -75.615129476549441, 6.241735284059704 ], [ -75.615207165608751, 6.241771156204237 ], [ -75.615269912288738, 6.241789090108512 ], [ -75.615314731362588, 6.241801045052297 ], [ -75.615455164561908, 6.241827941718469 ], [ -75.615502971946782, 6.241830927082056 ], [ -75.615562730202427, 6.241842880979236 ], [ -75.615643407707779, 6.241884732100253 ], [ -75.615694206217299, 6.241935556243995 ], [ -75.615750980700767, 6.241977411335535 ], [ -75.615813727526557, 6.241989364804339 ], [ -75.61588245159858, 6.242016267003889 ], [ -75.616007944741213, 6.242043164525041 ], [ -75.61608264244262, 6.242043157511341 ], [ -75.616142397198374, 6.242007273062923 ], [ -75.616184213030635, 6.241857770683826 ], [ -75.616172257099606, 6.241809933077909 ], [ -75.616160298710142, 6.241750134782608 ], [ -75.616109499296343, 6.241699310699412 ], [ -75.616052726651034, 6.24165745654066 ], [ -75.61597802409571, 6.241612614082837 ], [ -75.615921249148712, 6.241552820667093 ], [ -75.615893357971174, 6.24151561442963 ], [ -75.615865881632899, 6.241528856246667 ], [ -75.61581902038526, 6.241554851245942 ], [ -75.615783450729154, 6.241572935651303 ], [ -75.615743926889337, 6.241586499523571 ], [ -75.615703838699702, 6.2415910228934 ], [ -75.615669961767452, 6.241591026734062 ], [ -75.615645681624599, 6.241588768832831 ], [ -75.61562253220275, 6.241584250586417 ], [ -75.615588089301056, 6.241576343098648 ], [ -75.615556468723796, 6.241568435141954 ], [ -75.615527107448685, 6.24155939763272 ], [ -75.615403452855858, 6.241549239408099 ], [ -75.615380303312094, 6.241554890915825 ], [ -75.61534529767593, 6.241563934611155 ], [ -75.615272463233268, 6.241593322306453 ], [ -75.615231247262201, 6.241612535887454 ], [ -75.615205840785649, 6.241622708958834 ], [ -75.615152201068497, 6.241627233636515 ], [ -75.615068071148997, 6.241624981107347 ], [ -75.614948369612378, 6.241623861814402 ], [ -75.614846172122824, 6.241628390877068 ], [ -75.614801002266987, 6.241634045097249 ], [ -75.614760914939225, 6.241638568395547 ], [ -75.614742846636602, 6.241640830625641 ], [ -75.614724213310225, 6.241640831896235 ], [ -75.614705581077871, 6.241641964139832 ], [ -75.614686947937258, 6.241643095483252 ], [ -75.614650247921546, 6.241644227991879 ], [ -75.614631614598167, 6.241644230163293 ], [ -75.614612981987236, 6.241643101351341 ], [ -75.614594349380596, 6.241641973442716 ], [ -75.614575716051974, 6.241641974708079 ], [ -75.614557083630984, 6.241641976872329 ], [ -75.614538450120278, 6.241640848966161 ], [ -75.614520381968376, 6.24163858998344 ], [ -75.614502878440561, 6.241630681435151 ], [ -75.614486503301819, 6.241622772704498 ], [ -75.614468999057138, 6.241615994233428 ], [ -75.614450366259348, 6.241613735340819 ], [ -75.614431732562522, 6.241611477356008 ], [ -75.614413100317265, 6.241612607780975 ], [ -75.614394467894911, 6.241612609939025 ], [ -75.6143758349357, 6.241614871345656 ], [ -75.614357767715745, 6.24161826363277 ], [ -75.614339699958578, 6.241623915168663 ], [ -75.614321632015219, 6.241628436629654 ], [ -75.614304129088552, 6.241635218146251 ], [ -75.614220565661384, 6.2416555668872 ], [ -75.614201933415515, 6.241656698209573 ], [ -75.614183864916598, 6.241657830347126 ], [ -75.614164667838509, 6.241657831686377 ], [ -75.614146600057154, 6.241657833743614 ], [ -75.614127966721369, 6.241657834993337 ], [ -75.614108769272178, 6.241655576181263 ], [ -75.614090136469144, 6.241653317275826 ], [ -75.61407206794668, 6.241648799031775 ], [ -75.614053999424286, 6.241644280786972 ], [ -75.614036494988895, 6.241636371320757 ], [ -75.614020119850906, 6.241628462572724 ], [ -75.614003180970357, 6.241620553911973 ], [ -75.613986241186723, 6.241612645254965 ], [ -75.613968736941928, 6.241605866764417 ], [ -75.613951232508157, 6.241597957294267 ], [ -75.613934292910173, 6.241591178709742 ], [ -75.613916789569586, 6.241584400212378 ], [ -75.6138992853258, 6.241577621718729 ], [ -75.613881781446921, 6.241573102469964 ], [ -75.613863148833602, 6.241571974533739 ], [ -75.613844515501128, 6.241571976676181 ], [ -75.613825318605478, 6.241573108076602 ], [ -75.613807250287564, 6.241575370275258 ], [ -75.613789747348605, 6.241582151776765 ], [ -75.613775067474791, 6.241593453120879 ], [ -75.613762082815967, 6.241607015237604 ], [ -75.613751356018525, 6.241621706160771 ], [ -75.613741758697756, 6.241637526974464 ], [ -75.613731596734553, 6.241653348784477 ], [ -75.613719175996209, 6.241668039984378 ], [ -75.613708449201155, 6.241682731811695 ], [ -75.613698851882887, 6.24169855352961 ], [ -75.613690383852742, 6.241714374159143 ], [ -75.613681351364448, 6.24173132586 ], [ -75.613672883342502, 6.241747148297748 ], [ -75.613666109619558, 6.241765228800922 ], [ -75.613662158235002, 6.241783310655741 ], [ -75.613661595629154, 6.241801391048843 ], [ -75.613653894740082, 6.241810315309519 ] ] ] } },
{ "type": "Feature", "properties": { "objectid": 575, "codigo": "0801-1", "nombre": "Villa Hermosa", "riesgo": "Con condiciones de riesgo", "descripcion": "Zona con condiciones de riesgo por inundaciones", "tipo_amenaza": "Inundaciones", "categoria_proteccion": "Áreas de Amenaza y Riesgo", "subcategoria_proteccion": "Zona con condiciones de riesgo", "fecha_adopcion": "2014-12-17T00:00:00", "fecha_actualizacion": "2026-04-30T00:00:00", "st_area(shape)": 419.32339713358789, "st_perimeter(shape)": 107.27078943460266 }, "geometry": { "type": "Polygon", "coordinates": [ [ [ -75.55416222887547, 6.257803200860305 ], [ -75.554090807175655, 6.257790997625217 ], [ -75.554039103141363, 6.257777034897148 ], [ -75.55403875331325, 6.257776999531016 ], [ -75.554038222051943, 6.257776999403516 ], [ -75.554037627896804, 6.257776885665153 ], [ -75.554025788875492, 6.257775687468903 ], [ -75.553983719497438, 6.257772816395458 ], [ -75.553940692139676, 6.257768031474565 ], [ -75.553909139042332, 6.257768030384669 ], [ -75.553868024175813, 6.257774728195409 ], [ -75.553834558752243, 6.257777597888221 ], [ -75.553785795047986, 6.257779509519523 ], [ -75.553753285663106, 6.25778333652118 ], [ -75.55373320669203, 6.25778716272002 ], [ -75.553715151598865, 6.257794156087813 ], [ -75.553803273811383, 6.25787184181395 ], [ -75.553848898856174, 6.257867535111141 ], [ -75.553888101541006, 6.257864665529508 ], [ -75.553924435598447, 6.257861796340173 ], [ -75.553967462304769, 6.25786179675427 ], [ -75.554021007105248, 6.257864668047652 ], [ -75.554065946684005, 6.257872324123545 ], [ -75.554106658998577, 6.257878726883601 ], [ -75.55416222887547, 6.257803200860305 ] ] ] } },
{ "type": "Feature", "properties": { "objectid": 576, "codigo": "0210-1", "nombre": "Santa Cruz", "riesgo": "Con condiciones de riesgo", "descripcion": "Zona con condiciones de riesgo por inundaciones", "tipo_amenaza": "Inundaciones", "categoria_proteccion": "Áreas de Amenaza y Riesgo", "subcategoria_proteccion": "Zona con condiciones de riesgo", "fecha_adopcion": "2014-12-17T00:00:00", "fecha_actualizacion": "2026-04-30T00:00:00", "st_area(shape)": 29.398787504040861, "st_perimeter(shape)": 27.296819139520409 }, "geometry": { "type": "Polygon", "coordinates": [ [ [ -75.555566751225072, 6.293348766414613 ], [ -75.555577639005776, 6.293394741747959 ], [ -75.555633272547624, 6.293437453913863 ], [ -75.555645745036031, 6.293412996618569 ], [ -75.555643933839974, 6.29341142602311 ], [ -75.555622418970046, 6.293393485518529 ], [ -75.555602338651639, 6.293377698788397 ], [ -75.555575087470984, 6.293356887818891 ], [ -75.555566751225072, 6.293348766414613 ] ] ] } },
{ "type": "Feature", "properties": { "objectid": 577, "codigo": "0210-2", "nombre": "Santa Cruz", "riesgo": "Con condiciones de riesgo", "descripcion": "Zona con condiciones de riesgo por inundaciones", "tipo_amenaza": "Inundaciones", "categoria_proteccion": "Áreas de Amenaza y Riesgo", "subcategoria_proteccion": "Zona con condiciones de riesgo", "fecha_adopcion": "2014-12-17T00:00:00", "fecha_actualizacion": "2026-04-30T00:00:00", "st_area(shape)": 1384.5752432931233, "st_perimeter(shape)": 374.81239703320091 }, "geometry": { "type": "Polygon", "coordinates": [ [ [ -75.557233231802002, 6.293612384772876 ], [ -75.55722510366239, 6.293624823403777 ], [ -75.557224146860705, 6.29364108830895 ], [ -75.5572313180772, 6.293662616839085 ], [ -75.557249008709746, 6.293687493245689 ], [ -75.557255701777351, 6.293697539349834 ], [ -75.557270522201335, 6.293719545740842 ], [ -75.557289168853373, 6.293742030640018 ], [ -75.55730398915567, 6.293771212861698 ], [ -75.557311639099836, 6.293781258796811 ], [ -75.557325503475724, 6.293797524320487 ], [ -75.557341759054964, 6.29381331161323 ], [ -75.557353711284335, 6.293831012267377 ], [ -75.557364230499758, 6.293846320463693 ], [ -75.557375226226966, 6.293863543014263 ], [ -75.55738813451309, 6.293876459916638 ], [ -75.5574029570422, 6.293892246994075 ], [ -75.557428295264629, 6.293918559599462 ], [ -75.557445985505893, 6.293935781894339 ], [ -75.557458416014796, 6.293947263617545 ], [ -75.557470368661029, 6.293962093750794 ], [ -75.557479452156599, 6.293975009498999 ], [ -75.557488058044015, 6.293987448414724 ], [ -75.557500010898806, 6.294000843740983 ], [ -75.557513876027215, 6.294016152714811 ], [ -75.557527262837411, 6.294029547342485 ], [ -75.557570291856862, 6.294073560489049 ], [ -75.557581766313788, 6.294079301344914 ], [ -75.557589416513053, 6.294085520221337 ], [ -75.557600890894065, 6.29409604556665 ], [ -75.557616668472647, 6.294124749329772 ], [ -75.55762638040413, 6.294135541882254 ], [ -75.557637704421694, 6.294143406296651 ], [ -75.557651091448832, 6.294155367017189 ], [ -75.557661609117559, 6.294166848159723 ], [ -75.557676431092261, 6.294184549201916 ], [ -75.557691730391156, 6.294198422663444 ], [ -75.557707507346223, 6.294210382519291 ], [ -75.557905443276283, 6.29435438018612 ], [ -75.557953732602215, 6.294383563791143 ], [ -75.55796317454606, 6.294390698769848 ], [ -75.557977039645394, 6.294397875357391 ], [ -75.557995685468597, 6.294407443360617 ], [ -75.558011463174012, 6.294418446662203 ], [ -75.558030588419285, 6.294428492390107 ], [ -75.558045886704761, 6.294439017963611 ], [ -75.558064532329851, 6.294450021672239 ], [ -75.558077796364245, 6.294457896453388 ], [ -75.558081864562666, 6.294459628656657 ], [ -75.558098119964114, 6.294466327009475 ], [ -75.558123938661268, 6.294475416841894 ], [ -75.558134455721003, 6.294480679583597 ], [ -75.558145930958929, 6.294483070733261 ], [ -75.558164099207161, 6.294489768748826 ], [ -75.558179876122352, 6.294493596219564 ], [ -75.558197088065199, 6.294498380424649 ], [ -75.55820999759689, 6.294502685751021 ], [ -75.558227687158521, 6.294507948594012 ], [ -75.558245377789035, 6.294514167966821 ], [ -75.558264980031652, 6.294518473938257 ], [ -75.558278844766846, 6.294526128784403 ], [ -75.558295579388229, 6.294534739659987 ], [ -75.558309922107455, 6.29454239397021 ], [ -75.558323787742722, 6.294550047906127 ], [ -75.558326116517108, 6.294553797539001 ], [ -75.558325087354461, 6.294553797159113 ], [ -75.558327083472534, 6.29455954738338 ], [ -75.558352183659935, 6.294587055391957 ], [ -75.558352183587957, 6.294591838975074 ], [ -75.558347205940365, 6.29459314990621 ], [ -75.558350997036584, 6.29459457245516 ], [ -75.558492772920403, 6.294642588462377 ], [ -75.558483437929127, 6.294606919642363 ], [ -75.558468439838549, 6.294574847961211 ], [ -75.558465666150624, 6.294570102386265 ], [ -75.558453713336647, 6.294551924419063 ], [ -75.558446541305457, 6.294544269318915 ], [ -75.558432198487168, 6.294530873991524 ], [ -75.55840972793645, 6.294516522188772 ], [ -75.55839203798449, 6.294501213921645 ], [ -75.558368610353071, 6.294488296186595 ], [ -75.558342315182998, 6.2944749015807 ], [ -75.558299076331423, 6.294455594950602 ], [ -75.558259243164628, 6.294442408640514 ], [ -75.558236772681767, 6.294436190093274 ], [ -75.55820952036288, 6.294429014036257 ], [ -75.558185614683637, 6.294420881312256 ], [ -75.558160753229203, 6.294411312138936 ], [ -75.558144976021879, 6.294403179352363 ], [ -75.558120591991127, 6.294395525428789 ], [ -75.558104337166156, 6.294386914001229 ], [ -75.558083777629648, 6.294374954096901 ], [ -75.558070390887849, 6.294367299612355 ], [ -75.55805222267999, 6.294358209347119 ], [ -75.558024971174575, 6.29434529224974 ], [ -75.558002021710891, 6.294333332300571 ], [ -75.557978116312938, 6.294318980270308 ], [ -75.557956123761571, 6.294304627904793 ], [ -75.557937477722746, 6.294285970094717 ], [ -75.557918352821872, 6.294277839239148 ], [ -75.557906400238892, 6.294268748340411 ], [ -75.557757709787481, 6.294165414374478 ], [ -75.55773189265112, 6.294139102335394 ], [ -75.557696512799438, 6.294108484823184 ], [ -75.557669738832416, 6.294079780702053 ], [ -75.557567903098501, 6.293959702782846 ], [ -75.557551647552003, 6.293941524160782 ], [ -75.557542563763235, 6.293934825901975 ], [ -75.557527742137196, 6.293929563438492 ], [ -75.5575071838539, 6.293908991952964 ], [ -75.557399610722541, 6.293789870592246 ], [ -75.557387180757431, 6.293768343421833 ], [ -75.557378574961476, 6.293751120915068 ], [ -75.557361840660747, 6.293736290696788 ], [ -75.557352279142009, 6.293725765914481 ], [ -75.557320246599375, 6.293679361761823 ], [ -75.557305424901784, 6.293657833647102 ], [ -75.557290603901535, 6.293637740332817 ], [ -75.557273870180737, 6.293620996129165 ], [ -75.557258093172408, 6.293613820740116 ], [ -75.557246619053799, 6.293609992943016 ], [ -75.557233231802002, 6.293612384772876 ] ] ] } },
{ "type": "Feature", "properties": { "objectid": 578, "codigo": "0210-3", "nombre": "Santa Cruz", "riesgo": "Con condiciones de riesgo", "descripcion": "Zona con condiciones de riesgo por inundaciones", "tipo_amenaza": "Inundaciones", "categoria_proteccion": "Áreas de Amenaza y Riesgo", "subcategoria_proteccion": "Zona con condiciones de riesgo", "fecha_adopcion": "2014-12-17T00:00:00", "fecha_actualizacion": "2026-04-30T00:00:00", "st_area(shape)": 16.805590686069603, "st_perimeter(shape)": 17.994229981986155 }, "geometry": { "type": "Polygon", "coordinates": [ [ [ -75.560291909104023, 6.294614899039717 ], [ -75.560306252633126, 6.294632121333596 ], [ -75.560320595338069, 6.29464216781537 ], [ -75.560324833866829, 6.294646021980948 ], [ -75.56032855539604, 6.294621813713739 ], [ -75.560322818314546, 6.294604591693222 ], [ -75.560297957640699, 6.294589282527502 ], [ -75.560282837480187, 6.294586532302199 ], [ -75.560291909104023, 6.294614899039717 ] ] ] } },
{ "type": "Feature", "properties": { "objectid": 579, "codigo": "0210-4", "nombre": "Santa Cruz", "riesgo": "Con condiciones de riesgo", "descripcion": "Zona con condiciones de riesgo por inundaciones", "tipo_amenaza": "Inundaciones", "categoria_proteccion": "Áreas de Amenaza y Riesgo", "subcategoria_proteccion": "Zona con condiciones de riesgo", "fecha_adopcion": "2014-12-17T00:00:00", "fecha_actualizacion": "2026-04-30T00:00:00", "st_area(shape)": 187.17708276911478, "st_perimeter(shape)": 112.68247644192394 }, "geometry": { "type": "Polygon", "coordinates": [ [ [ -75.559081309829665, 6.2948506579213 ], [ -75.559085323852315, 6.294854057535634 ], [ -75.559100004987712, 6.294872138921351 ], [ -75.559107910508914, 6.294883439347647 ], [ -75.559120333296491, 6.294898130591186 ], [ -75.559132756979523, 6.294912820021526 ], [ -75.559145178978824, 6.294928641389621 ], [ -75.55915760266781, 6.294943331722868 ], [ -75.55916141281277, 6.294947904950287 ], [ -75.559373308003785, 6.295202114217041 ], [ -75.559385485738858, 6.295216948593142 ], [ -75.559408809606708, 6.295194840230424 ], [ -75.55936747854598, 6.295159390756 ], [ -75.559327316290918, 6.295117769600103 ], [ -75.559302933609004, 6.295071844399911 ], [ -75.559264206826924, 6.295025918115662 ], [ -75.559238389289831, 6.294979991807881 ], [ -75.559199663718232, 6.294925454883657 ], [ -75.559162371727737, 6.29488670460232 ], [ -75.559127947262681, 6.29485082523018 ], [ -75.559100844751981, 6.294829963174793 ], [ -75.559081309829665, 6.2948506579213 ] ] ] } },
{ "type": "Feature", "properties": { "objectid": 596, "codigo": "0201-1", "nombre": "La Isla", "riesgo": "Con condiciones de riesgo", "descripcion": "Zona con condiciones de riesgo por inundaciones", "tipo_amenaza": "Inundaciones", "categoria_proteccion": "Áreas de Amenaza y Riesgo", "subcategoria_proteccion": "Zona con condiciones de riesgo", "fecha_adopcion": "2014-12-17T00:00:00", "fecha_actualizacion": "2026-04-30T00:00:00", "st_area(shape)": 63.439893253429673, "st_perimeter(shape)": 40.045812638925938 }, "geometry": { "type": "Polygon", "coordinates": [ [ [ -75.548723739559165, 6.300597717316436 ], [ -75.548724883146193, 6.300597831068453 ], [ -75.548784409351626, 6.300597833033621 ], [ -75.54885253999781, 6.300588505970965 ], [ -75.548871865939077, 6.300575762176581 ], [ -75.548858875960974, 6.30053503157766 ], [ -75.548855259108421, 6.300536735412201 ], [ -75.548799917894101, 6.300563854212556 ], [ -75.548733339343585, 6.300564985206121 ], [ -75.548733285116711, 6.300564982758869 ], [ -75.548733103399485, 6.30056496285269 ], [ -75.54872523610662, 6.300590173385984 ], [ -75.548723739559165, 6.300597717316436 ] ] ] } },
{ "type": "Feature", "properties": { "objectid": 597, "codigo": "0201-2", "nombre": "La Isla", "riesgo": "Con condiciones de riesgo", "descripcion": "Zona con condiciones de riesgo por inundaciones", "tipo_amenaza": "Inundaciones", "categoria_proteccion": "Áreas de Amenaza y Riesgo", "subcategoria_proteccion": "Zona con condiciones de riesgo", "fecha_adopcion": "2014-12-17T00:00:00", "fecha_actualizacion": "2026-04-30T00:00:00", "st_area(shape)": 105.55916361184934, "st_perimeter(shape)": 40.63174849727146 }, "geometry": { "type": "Polygon", "coordinates": [ [ [ -75.548803342443023, 6.302151903285585 ], [ -75.548823342127818, 6.302161285035836 ], [ -75.548866373199232, 6.30218137901721 ], [ -75.548875417086279, 6.302186169947919 ], [ -75.548927267023288, 6.30211576697076 ], [ -75.548913709167891, 6.302099574752942 ], [ -75.548886456970322, 6.302082351908989 ], [ -75.548854902117256, 6.302063692683653 ], [ -75.548847114876594, 6.302060332229435 ], [ -75.548803342443023, 6.302151903285585 ] ] ] } },
{ "type": "Feature", "properties": { "objectid": 598, "codigo": "0201-3", "nombre": "La Isla", "riesgo": "Con condiciones de riesgo", "descripcion": "Zona con condiciones de riesgo por inundaciones", "tipo_amenaza": "Inundaciones", "categoria_proteccion": "Áreas de Amenaza y Riesgo", "subcategoria_proteccion": "Zona con condiciones de riesgo", "fecha_adopcion": "2014-12-17T00:00:00", "fecha_actualizacion": "2026-04-30T00:00:00", "st_area(shape)": 186.66656568303839, "st_perimeter(shape)": 53.69046627860719 }, "geometry": { "type": "Polygon", "coordinates": [ [ [ -75.547017965078311, 6.303658354600196 ], [ -75.547033351875996, 6.303706396809571 ], [ -75.547070405334907, 6.303753040257805 ], [ -75.547086031690228, 6.30376112072926 ], [ -75.54716757226268, 6.303645025640722 ], [ -75.547165014141953, 6.303641126078362 ], [ -75.547149237874663, 6.303615292420528 ], [ -75.547142066510361, 6.303600940437062 ], [ -75.547129089306353, 6.303582643283553 ], [ -75.547106448364389, 6.303578257816087 ], [ -75.547017965078311, 6.303658354600196 ] ] ] } },
{ "type": "Feature", "properties": { "objectid": 580, "codigo": "0210-5", "nombre": "Santa Cruz", "riesgo": "Alto riesgo no mitigable", "descripcion": "Zona de alto riesgo no mitigable por inundaciones", "tipo_amenaza": "Inundaciones", "categoria_proteccion": "Áreas de Amenaza y Riesgo", "subcategoria_proteccion": "Zona de riesgo no mitigable", "fecha_adopcion": "2014-12-17T00:00:00", "fecha_actualizacion": "2026-04-30T00:00:00", "st_area(shape)": 7808.4242260386145, "st_perimeter(shape)": 850.71644010045736 }, "geometry": { "type": "Polygon", "coordinates": [ [ [ -75.562564198414577, 6.293002478067091 ], [ -75.562561262911728, 6.29300674986076 ], [ -75.562482373786864, 6.29315026712493 ], [ -75.562439343828785, 6.29322920153234 ], [ -75.562381969726957, 6.293322487440046 ], [ -75.562317424338346, 6.293379894267158 ], [ -75.562224193072254, 6.29350188400525 ], [ -75.562159648374958, 6.293580819145391 ], [ -75.562107087947012, 6.293646557147198 ], [ -75.562077503686993, 6.293664646842608 ], [ -75.562075757941955, 6.293667029565968 ], [ -75.562027833465663, 6.293698997639007 ], [ -75.561987192763127, 6.29373726766991 ], [ -75.561932210572706, 6.293794674561205 ], [ -75.561893961591736, 6.293832946413071 ], [ -75.561853322680221, 6.293871217336771 ], [ -75.561810291011781, 6.293923840768649 ], [ -75.561764870313326, 6.293976463268185 ], [ -75.561743356092094, 6.294024302398966 ], [ -75.561695544410071, 6.29409366873321 ], [ -75.561623827043888, 6.294177386476678 ], [ -75.561575974052573, 6.294213262592836 ], [ -75.56152281260232, 6.294236784070682 ], [ -75.561471855232966, 6.294269030102801 ], [ -75.561420896772333, 6.294301792376563 ], [ -75.561386726891143, 6.294321915270125 ], [ -75.561323652810543, 6.294369294749198 ], [ -75.56126740182728, 6.294424294819185 ], [ -75.561266480623814, 6.294424751387831 ], [ -75.561163208506898, 6.294475941792643 ], [ -75.561146882682593, 6.294485477846798 ], [ -75.561116885822869, 6.294508630674316 ], [ -75.561047676908331, 6.294558675683173 ], [ -75.560995753067246, 6.294595061771251 ], [ -75.560961591095065, 6.294615700851095 ], [ -75.560904507572602, 6.294651652971736 ], [ -75.560888218186307, 6.294662726710802 ], [ -75.560822497365876, 6.294706029018442 ], [ -75.560786027013293, 6.294729483021621 ], [ -75.560788782588219, 6.294730529101978 ], [ -75.560774637766158, 6.294738737180528 ], [ -75.560741000553989, 6.294759890821409 ], [ -75.560733105488438, 6.294763634545897 ], [ -75.560691551537502, 6.294790563520509 ], [ -75.56067423040632, 6.294801664921037 ], [ -75.560637495224839, 6.29482233921775 ], [ -75.560631070959474, 6.294828439033169 ], [ -75.56060214061435, 6.294855905483914 ], [ -75.560581720801423, 6.29487578458942 ], [ -75.560569650313909, 6.294892978248026 ], [ -75.560544407302743, 6.294924295235886 ], [ -75.560533140509619, 6.294935122824122 ], [ -75.560530727191122, 6.294937909336791 ], [ -75.560526471085282, 6.294941532139008 ], [ -75.56051551186755, 6.294952065290831 ], [ -75.560501308779649, 6.294965164814206 ], [ -75.560470292352448, 6.294989365956298 ], [ -75.560449682709205, 6.295015315192327 ], [ -75.560416466280884, 6.295045269948592 ], [ -75.560371049196604, 6.295060510718755 ], [ -75.560336454307077, 6.295086303446015 ], [ -75.560303403741017, 6.295111570548492 ], [ -75.560284971373093, 6.295127500751071 ], [ -75.560251389423243, 6.295142793751982 ], [ -75.560234556706931, 6.295152340415969 ], [ -75.56020139812432, 6.29517142402374 ], [ -75.560168765330033, 6.295190490585396 ], [ -75.560140339697639, 6.295215676227988 ], [ -75.560102942866294, 6.29525954835647 ], [ -75.560071970643804, 6.295286325044013 ], [ -75.560026270750143, 6.295325179481578 ], [ -75.559994867817423, 6.295364741306372 ], [ -75.559965817201132, 6.295375604596931 ], [ -75.559906392718503, 6.295426012908533 ], [ -75.559898655735239, 6.29543546883988 ], [ -75.559923400365065, 6.295433354826009 ], [ -75.560755318502245, 6.29486407463455 ], [ -75.560933478593952, 6.294767811950175 ], [ -75.560957871779976, 6.2947426731989 ], [ -75.561057963357982, 6.29465994364889 ], [ -75.561149352078814, 6.294607692290146 ], [ -75.561245091218765, 6.294546733018747 ], [ -75.561323424874573, 6.294498836549387 ], [ -75.561415591606305, 6.294469280483897 ], [ -75.561422314389731, 6.294467124673742 ], [ -75.561852050088063, 6.294279205778089 ], [ -75.561868127600818, 6.294273026931219 ], [ -75.562070126564549, 6.294093792988575 ], [ -75.56229483915719, 6.29392157179517 ], [ -75.562533894949112, 6.293596267466364 ], [ -75.562639079594177, 6.293438398765841 ], [ -75.562756964156279, 6.293128226255328 ], [ -75.56273772003351, 6.293115673342023 ], [ -75.562564198414577, 6.293002478067091 ] ] ] } },
{ "type": "Feature", "properties": { "objectid": 581, "codigo": "0607-1", "nombre": "Kennedy", "riesgo": "Con condiciones de riesgo", "descripcion": "Zona con condiciones de riesgo por inundaciones", "tipo_amenaza": "Inundaciones", "categoria_proteccion": "Áreas de Amenaza y Riesgo", "subcategoria_proteccion": "Zona con condiciones de riesgo", "fecha_adopcion": "2014-12-17T00:00:00", "fecha_actualizacion": "2026-04-30T00:00:00", "st_area(shape)": 6849.0777760282153, "st_perimeter(shape)": 1231.5984590780843 }, "geometry": { "type": "Polygon", "coordinates": [ [ [ -75.584687586134763, 6.288979431274412 ], [ -75.584697587454372, 6.288986392022731 ], [ -75.584712528158349, 6.288994764009082 ], [ -75.584731055093002, 6.288998949537584 ], [ -75.584743605051074, 6.289000742610484 ], [ -75.58475794870175, 6.28900074215399 ], [ -75.584774681960425, 6.289000143125038 ], [ -75.584795599422876, 6.288997151989828 ], [ -75.584817711362916, 6.288994161271807 ], [ -75.58483623840587, 6.288987582822113 ], [ -75.584851776228888, 6.288978014906635 ], [ -75.584857154115667, 6.288964859248949 ], [ -75.584855957955384, 6.288947516781722 ], [ -75.584839821482788, 6.288933764209679 ], [ -75.584821295284513, 6.28893137237506 ], [ -75.584807549367909, 6.288932569588679 ], [ -75.584772289081869, 6.288933168076534 ], [ -75.584759738806198, 6.288928385213329 ], [ -75.584754957472271, 6.28892001268268 ], [ -75.584752566510062, 6.288906259898182 ], [ -75.584711417972159, 6.288759885037291 ], [ -75.584374198081633, 6.288693867695132 ], [ -75.584294948394955, 6.288672013957387 ], [ -75.584292841775891, 6.288500391091066 ], [ -75.584125401647682, 6.288162540053944 ], [ -75.584078174912634, 6.288088142724432 ], [ -75.584029166051124, 6.288021169466471 ], [ -75.583941909068713, 6.287919514082138 ], [ -75.583762613014841, 6.287707832488381 ], [ -75.583601246830696, 6.287542793138938 ], [ -75.583551043399211, 6.287484191155075 ], [ -75.583337085798135, 6.2873048026641 ], [ -75.583251024692615, 6.287228262842893 ], [ -75.582985670506645, 6.287028542286162 ], [ -75.582754979558644, 6.286857525635439 ], [ -75.582592420630363, 6.286737932568353 ], [ -75.582515922612814, 6.286692488173118 ], [ -75.582427470413037, 6.286612359889302 ], [ -75.582267301187301, 6.28644492893141 ], [ -75.582114302257068, 6.286285867701431 ], [ -75.581914689705471, 6.286110065259919 ], [ -75.581786794151284, 6.286001236290462 ], [ -75.581699537346779, 6.285931871308708 ], [ -75.581630209867512, 6.285863702437323 ], [ -75.581611085227024, 6.285844567081747 ], [ -75.58161347515265, 6.285808688531175 ], [ -75.581617059873324, 6.285787159998437 ], [ -75.581624230245922, 6.285764436638972 ], [ -75.581634987254148, 6.285724968236096 ], [ -75.581642156539729, 6.285674737280925 ], [ -75.581657691315328, 6.28555155078448 ], [ -75.58169211223489, 6.285414361699174 ], [ -75.581735792339927, 6.285234823076305 ], [ -75.581748479062355, 6.285174430113034 ], [ -75.581602219773146, 6.285136897201853 ], [ -75.581515731505093, 6.285649850368086 ], [ -75.581491115379023, 6.285735511691948 ], [ -75.581489945238943, 6.285744289781197 ], [ -75.581489945971569, 6.285760555120221 ], [ -75.581484209779816, 6.28578351821059 ], [ -75.581477517354713, 6.285809351964896 ], [ -75.581481342962178, 6.285835184394791 ], [ -75.581482298949425, 6.285861017437653 ], [ -75.581489950126695, 6.285886850860628 ], [ -75.581493128571751, 6.285902746102987 ], [ -75.581879554619547, 6.286239103061541 ], [ -75.581920713978079, 6.286280982914145 ], [ -75.5819716983587, 6.286331830625898 ], [ -75.582113384322753, 6.286427219991776 ], [ -75.582198935899754, 6.286518473858234 ], [ -75.582256311110214, 6.286585447688691 ], [ -75.582430139262357, 6.286757298087864 ], [ -75.582462411305158, 6.286776433506041 ], [ -75.582487512528132, 6.286781216807968 ], [ -75.58250783152404, 6.286793175931345 ], [ -75.58256640011129, 6.286832640740556 ], [ -75.582587915450972, 6.286846991570384 ], [ -75.582622579402496, 6.28687569389439 ], [ -75.582662023418507, 6.286900808700264 ], [ -75.582693100995115, 6.286919942768116 ], [ -75.58271461556437, 6.286939077991859 ], [ -75.582738522275747, 6.286959409242963 ], [ -75.582767208624915, 6.286977348174527 ], [ -75.582794700628327, 6.287000071076568 ], [ -75.58283414490748, 6.287034752848278 ], [ -75.583124861273703, 6.287264476621876 ], [ -75.583479146344686, 6.287560110631743 ], [ -75.583718685123856, 6.287812692527768 ], [ -75.584064368861831, 6.288224577062456 ], [ -75.584137524337777, 6.288368091449961 ], [ -75.584223588220453, 6.288525956610227 ], [ -75.584231418450798, 6.288743971168867 ], [ -75.584234778007755, 6.288747121542117 ], [ -75.584242659791471, 6.288750276666325 ], [ -75.584243449043186, 6.288751650580093 ], [ -75.584248232080597, 6.288752506588414 ], [ -75.58426465924704, 6.288759081161007 ], [ -75.584284979791249, 6.288759080082805 ], [ -75.584356989660151, 6.28877567353277 ], [ -75.584651966400699, 6.288837456327288 ], [ -75.584687586134763, 6.288979431274412 ] ] ] } },
{ "type": "Feature", "properties": { "objectid": 599, "codigo": "0105-5", "nombre": "Moscú No.2", "riesgo": "Con condiciones de riesgo", "descripcion": "Zona con condiciones de riesgo por inundaciones", "tipo_amenaza": "Inundaciones", "categoria_proteccion": "Áreas de Amenaza y Riesgo", "subcategoria_proteccion": "Zona con condiciones de riesgo", "fecha_adopcion": "2014-12-17T00:00:00", "fecha_actualizacion": "2026-04-30T00:00:00", "st_area(shape)": 226.07971322025557, "st_perimeter(shape)": 91.047348929008152 }, "geometry": { "type": "MultiPolygon", "coordinates": [ [ [ [ -75.546670960387203, 6.290795505492313 ], [ -75.546648011158581, 6.290819902602185 ], [ -75.546625341712371, 6.29083087689019 ], [ -75.546674545060114, 6.290887007067708 ], [ -75.546676457763382, 6.290884194106813 ], [ -75.546686498178445, 6.290873430580805 ], [ -75.546747991491927, 6.290819483749744 ], [ -75.546767115913624, 6.290785996420314 ], [ -75.546769567519547, 6.290780478458053 ], [ -75.546686316734622, 6.290735447679594 ], [ -75.546670960387203, 6.290795505492313 ] ] ], [ [ [ -75.550517656292158, 6.289016901474362 ], [ -75.550530393669504, 6.289025399336269 ], [ -75.550586331245825, 6.289059844694654 ], [ -75.550625330882042, 6.289075250055157 ], [ -75.550636684161816, 6.288990958388731 ], [ -75.550623624994259, 6.288990957961984 ], [ -75.550594939670646, 6.288979475772695 ], [ -75.550560515387119, 6.288965123046256 ], [ -75.550539001410797, 6.288949334852559 ], [ -75.550538444353236, 6.288948498564263 ], [ -75.550517656292158, 6.289016901474362 ] ] ] ] } },
{ "type": "Feature", "properties": { "objectid": 582, "codigo": "0607-2", "nombre": "Kennedy", "riesgo": "Con condiciones de riesgo", "descripcion": "Zona con condiciones de riesgo por inundaciones", "tipo_amenaza": "Inundaciones", "categoria_proteccion": "Áreas de Amenaza y Riesgo", "subcategoria_proteccion": "Zona con condiciones de riesgo", "fecha_adopcion": "2014-12-17T00:00:00", "fecha_actualizacion": "2026-04-30T00:00:00", "st_area(shape)": 3516.7929194145854, "st_perimeter(shape)": 751.37153518183823 }, "geometry": { "type": "Polygon", "coordinates": [ [ [ -75.579174241584241, 6.287290432174508 ], [ -75.57918414432126, 6.287292256554546 ], [ -75.57923195560798, 6.287298236123221 ], [ -75.579292914502744, 6.287316173290277 ], [ -75.579354371588082, 6.287350855234469 ], [ -75.579421307258642, 6.287384341141885 ], [ -75.579542607408939, 6.28747434322566 ], [ -75.579576075898032, 6.287500653171226 ], [ -75.579608348635389, 6.287530551899605 ], [ -75.579644207141385, 6.287564038405318 ], [ -75.579681261262166, 6.287586761315107 ], [ -75.579726334471218, 6.287602559128162 ], [ -75.57975597644527, 6.287609255778393 ], [ -75.579785140649889, 6.287616909497656 ], [ -75.579810003210014, 6.287629347165748 ], [ -75.579835821357051, 6.287642261990162 ], [ -75.579876460051906, 6.287662832640231 ], [ -75.579905146689129, 6.287681010429734 ], [ -75.579946264855209, 6.287695838680111 ], [ -75.579969213675994, 6.287705884542493 ], [ -75.580008897176327, 6.287719277858129 ], [ -75.580066747671964, 6.287728366622351 ], [ -75.580104517469337, 6.287733148042798 ], [ -75.58013750730494, 6.287734582643624 ], [ -75.580184361685653, 6.287741279247002 ], [ -75.580226912868469, 6.287756107625864 ], [ -75.580256556811079, 6.287769979938466 ], [ -75.580407160794181, 6.287846997217777 ], [ -75.580433457783457, 6.287857521050253 ], [ -75.580457840488791, 6.28787378622102 ], [ -75.580479834341858, 6.287894834033966 ], [ -75.580487006413165, 6.287917318409394 ], [ -75.580502306836536, 6.287953197307643 ], [ -75.580511869305369, 6.287967548499375 ], [ -75.580528603932635, 6.287991946596799 ], [ -75.58053864518584, 6.28801012511728 ], [ -75.580559681967429, 6.288036436699945 ], [ -75.580585500473262, 6.288063703783413 ], [ -75.580597453765634, 6.288080447118409 ], [ -75.580620403450496, 6.288111541789964 ], [ -75.58064622196359, 6.288138808867562 ], [ -75.580661999737828, 6.288154595774208 ], [ -75.580700249212839, 6.28819286560582 ], [ -75.580723198541818, 6.288215828046549 ], [ -75.580749496556905, 6.288245966824725 ], [ -75.580782008259476, 6.288278496037992 ], [ -75.580814998843323, 6.288311025594107 ], [ -75.580840816862036, 6.288331596116643 ], [ -75.580879543499179, 6.288357427911724 ], [ -75.580904884015098, 6.288382304220905 ], [ -75.580922574004447, 6.288403830727154 ], [ -75.580942654879891, 6.288430142481941 ], [ -75.580962736562256, 6.288460279404111 ], [ -75.580979471171332, 6.288482285269684 ], [ -75.580990946689766, 6.288506204841263 ], [ -75.580999553288521, 6.288537777179005 ], [ -75.581007681810874, 6.28856456747385 ], [ -75.581023939093271, 6.288598054828821 ], [ -75.581050235302214, 6.288634410960359 ], [ -75.58107031613639, 6.288658330502038 ], [ -75.58109470078513, 6.288685597388412 ], [ -75.581132950512767, 6.288731043763609 ], [ -75.581182675696567, 6.288789407012715 ], [ -75.581232400390377, 6.288849682388947 ], [ -75.581269693490512, 6.288881254904495 ], [ -75.581297902412118, 6.288912828004825 ], [ -75.58137057645645, 6.288978843884418 ], [ -75.581414563521761, 6.289017113290354 ], [ -75.581479586868099, 6.28905777580521 ], [ -75.581555128994253, 6.289103698709068 ], [ -75.581600549982184, 6.289127138578109 ], [ -75.581696519814827, 6.289177548709516 ], [ -75.581715638804226, 6.289182508936729 ], [ -75.581733830720168, 6.289096677701607 ], [ -75.581725203160175, 6.289093634711222 ], [ -75.581633456820455, 6.289060680515529 ], [ -75.581574649005717, 6.289016191970806 ], [ -75.581498628920713, 6.288970268715042 ], [ -75.58147147483993, 6.288949764520755 ], [ -75.581422608193748, 6.2889128636026 ], [ -75.581356628078566, 6.288859763820112 ], [ -75.581287778273236, 6.288789442780066 ], [ -75.581188806931465, 6.288686112435133 ], [ -75.581125694269744, 6.288592829150108 ], [ -75.581094138030792, 6.288549774447635 ], [ -75.581068318611813, 6.288486628904399 ], [ -75.58105110559508, 6.288439267703176 ], [ -75.581036761375415, 6.288409129562209 ], [ -75.581025286353636, 6.288383296046578 ], [ -75.58100663963296, 6.28835172268325 ], [ -75.580989427936473, 6.288335937453456 ], [ -75.580959306011678, 6.28831584566936 ], [ -75.580927750172251, 6.288295753733882 ], [ -75.580878983422593, 6.288269922721014 ], [ -75.580847427564166, 6.288241219391898 ], [ -75.580774274780524, 6.288157981152474 ], [ -75.580652353439959, 6.288023078595603 ], [ -75.58061075823035, 6.287987199401178 ], [ -75.580560554800982, 6.287909701681428 ], [ -75.580523260547622, 6.287837944401995 ], [ -75.580490269906235, 6.287800630401488 ], [ -75.580458715030062, 6.287789149801821 ], [ -75.580422857038826, 6.287764753026457 ], [ -75.58038269504064, 6.287736050563184 ], [ -75.58033105902679, 6.287715959194545 ], [ -75.58025934248478, 6.287690128420175 ], [ -75.580216312685252, 6.287678648417025 ], [ -75.58017471830621, 6.28767003811322 ], [ -75.580143162992741, 6.287662863638264 ], [ -75.580068578633117, 6.28764564391941 ], [ -75.580034154132491, 6.287634163895773 ], [ -75.579972478469713, 6.287618378481929 ], [ -75.579928014154248, 6.287595417347962 ], [ -75.579864902769515, 6.287545188010317 ], [ -75.5797802772545, 6.287503570501915 ], [ -75.579689913836063, 6.287440425243402 ], [ -75.579619631100186, 6.287398806496999 ], [ -75.579563691448257, 6.287345707392013 ], [ -75.579404569005646, 6.287238432353263 ], [ -75.579323290881618, 6.287219298140948 ], [ -75.57922049762837, 6.287195381735596 ], [ -75.579179136822106, 6.287185393257444 ], [ -75.579174241584241, 6.287290432174508 ] ] ] } },
{ "type": "Feature", "properties": { "objectid": 583, "codigo": "0607-3", "nombre": "Kennedy", "riesgo": "Con condiciones de riesgo", "descripcion": "Zona con condiciones de riesgo por inundaciones", "tipo_amenaza": "Inundaciones", "categoria_proteccion": "Áreas de Amenaza y Riesgo", "subcategoria_proteccion": "Zona con condiciones de riesgo", "fecha_adopcion": "2014-12-17T00:00:00", "fecha_actualizacion": "2026-04-30T00:00:00", "st_area(shape)": 669.36763723924412, "st_perimeter(shape)": 168.41922382627678 }, "geometry": { "type": "Polygon", "coordinates": [ [ [ -75.582569572251458, 6.289629900721777 ], [ -75.582589893174372, 6.289657407272167 ], [ -75.582613798661427, 6.289676542385525 ], [ -75.582635313600818, 6.289687305771763 ], [ -75.582654438894721, 6.289689697427234 ], [ -75.582693882147993, 6.289694479358816 ], [ -75.582723763593265, 6.289695674162099 ], [ -75.582776290525061, 6.289696151249703 ], [ -75.582829697880257, 6.289700729410708 ], [ -75.582885022940488, 6.289715631729577 ], [ -75.58292816675872, 6.289730590664194 ], [ -75.582950399665037, 6.289744941493307 ], [ -75.582969763481088, 6.289762879437882 ], [ -75.582990562126582, 6.289799476846392 ], [ -75.583031443114692, 6.289861187042504 ], [ -75.583049371845817, 6.289891325418695 ], [ -75.583060925232061, 6.289907751484602 ], [ -75.583133948655174, 6.289857863875906 ], [ -75.583130899156899, 6.289852183248031 ], [ -75.583079500050545, 6.28976248591529 ], [ -75.583044836039207, 6.289709863537214 ], [ -75.583016148810088, 6.289683553805176 ], [ -75.582981484522065, 6.289668006878688 ], [ -75.582945626731686, 6.289654852625176 ], [ -75.582902415244973, 6.289638448398622 ], [ -75.582779494985886, 6.289621797328981 ], [ -75.582708203003662, 6.289621799069756 ], [ -75.5826699742871, 6.2896071729194 ], [ -75.582647263553326, 6.289597606121258 ], [ -75.582626943803476, 6.289579667459819 ], [ -75.582606623433179, 6.289555748302253 ], [ -75.582586302515807, 6.289528241751161 ], [ -75.582579268043332, 6.289518643546014 ], [ -75.582550564937634, 6.289608403431925 ], [ -75.582569572251458, 6.289629900721777 ] ] ] } },
{ "type": "Feature", "properties": { "objectid": 584, "codigo": "0607-4", "nombre": "Kennedy", "riesgo": "Con condiciones de riesgo", "descripcion": "Zona con condiciones de riesgo por inundaciones", "tipo_amenaza": "Inundaciones", "categoria_proteccion": "Áreas de Amenaza y Riesgo", "subcategoria_proteccion": "Zona con condiciones de riesgo", "fecha_adopcion": "2014-12-17T00:00:00", "fecha_actualizacion": "2026-04-30T00:00:00", "st_area(shape)": 305.916957661217, "st_perimeter(shape)": 72.909473963937629 }, "geometry": { "type": "Polygon", "coordinates": [ [ [ -75.580088025190904, 6.29064059248934 ], [ -75.580097490060325, 6.2906435735022 ], [ -75.580104273409091, 6.290645129366888 ], [ -75.580126176585864, 6.290650150920205 ], [ -75.580170998938172, 6.290662109276061 ], [ -75.580221200093078, 6.290665097863396 ], [ -75.580260046305042, 6.290663302992923 ], [ -75.580298892585162, 6.290645959701864 ], [ -75.580319210628971, 6.290630411248032 ], [ -75.580331761330854, 6.29062263740896 ], [ -75.580333148206833, 6.290622075449604 ], [ -75.580279336416339, 6.290521298310732 ], [ -75.580275994681557, 6.290524140080528 ], [ -75.580254959124147, 6.290531794912328 ], [ -75.580223404228533, 6.290542320646842 ], [ -75.580190893468242, 6.290549018694829 ], [ -75.580157425652843, 6.290554760429309 ], [ -75.580114396835654, 6.29055763192205 ], [ -75.580090490894079, 6.290557632497477 ], [ -75.580085205397793, 6.290555298953358 ], [ -75.580088025190904, 6.29064059248934 ] ] ] } },
{ "type": "Feature", "properties": { "objectid": 600, "codigo": "0101-3", "nombre": "Santo Domingo Savio No.1", "riesgo": "Alto riesgo no mitigable", "descripcion": "Zona de alto riesgo no mitigable por inundaciones", "tipo_amenaza": "Inundaciones", "categoria_proteccion": "Áreas de Amenaza y Riesgo", "subcategoria_proteccion": "Zona de riesgo no mitigable", "fecha_adopcion": "2014-12-17T00:00:00", "fecha_actualizacion": "2026-04-30T00:00:00", "st_area(shape)": 161.93077608859898, "st_perimeter(shape)": 205.74212710489965 }, "geometry": { "type": "Polygon", "coordinates": [ [ [ -75.544804961302845, 6.293993837235381 ], [ -75.544765715746266, 6.294011889214042 ], [ -75.544764076667647, 6.294012632244462 ], [ -75.544763251643175, 6.294012990676835 ], [ -75.544762836841244, 6.294013163575433 ], [ -75.544762002635977, 6.294013492217036 ], [ -75.544761162943345, 6.294013807323783 ], [ -75.544759898368824, 6.294014266446814 ], [ -75.544721045744339, 6.294028211859717 ], [ -75.544713018838934, 6.29403108627396 ], [ -75.544712177312704, 6.294031395964939 ], [ -75.544711340361474, 6.294031717387005 ], [ -75.544710514362919, 6.294032061358357 ], [ -75.544710117671613, 6.294032242305605 ], [ -75.544709332513406, 6.29403262314626 ], [ -75.544708165296825, 6.294033221027127 ], [ -75.544703135356286, 6.294035871077411 ], [ -75.544701979070354, 6.294036486987116 ], [ -75.54470121761581, 6.294036911109373 ], [ -75.54470084279464, 6.29403712992251 ], [ -75.544700474342363, 6.294037357745658 ], [ -75.544700113171345, 6.294037596382613 ], [ -75.544699764720477, 6.294037849423283 ], [ -75.544699421814201, 6.294038127751923 ], [ -75.54469909254486, 6.294038423192109 ], [ -75.544698770556764, 6.294038729446102 ], [ -75.54469845583229, 6.294039042897532 ], [ -75.544697837314047, 6.294039687829271 ], [ -75.544696622086065, 6.294041002901428 ], [ -75.544692999166983, 6.294044984171215 ], [ -75.544692390653822, 6.294045642615782 ], [ -75.544691775736567, 6.294046284817647 ], [ -75.544691460998891, 6.294046595556821 ], [ -75.54469114078266, 6.294046894569311 ], [ -75.544690810543713, 6.294047176452616 ], [ -75.544690468448536, 6.294047435791041 ], [ -75.544690107220248, 6.294047662674878 ], [ -75.54468972141558, 6.294047852610119 ], [ -75.54468931828491, 6.294048010081945 ], [ -75.544688900578549, 6.294048143213953 ], [ -75.544688473757418, 6.294048260116439 ], [ -75.544687603697128, 6.294048462357709 ], [ -75.544684948885589, 6.294048996066395 ], [ -75.544684067938633, 6.294049189319657 ], [ -75.544683631134404, 6.294049297229733 ], [ -75.544683197997216, 6.294049415971236 ], [ -75.54468277125973, 6.294049550051374 ], [ -75.544682351838688, 6.29404970217798 ], [ -75.544681937909417, 6.294049868743523 ], [ -75.544681527647185, 6.294050046140494 ], [ -75.544681120139629, 6.294050232565112 ], [ -75.544680310616272, 6.29405061985327 ], [ -75.54467870072834, 6.294051419699966 ], [ -75.54467388116646, 6.294053852642759 ], [ -75.544672672351155, 6.294054443493518 ], [ -75.544671858208758, 6.29405481000973 ], [ -75.544671446994542, 6.294054977466139 ], [ -75.544671032086853, 6.29405512866663 ], [ -75.544670610739857, 6.294055256391721 ], [ -75.544670180216443, 6.29405535523011 ], [ -75.544669745065221, 6.294055431488358 ], [ -75.544669304409041, 6.294055490595414 ], [ -75.544668415718562, 6.294055578105841 ], [ -75.544667520584355, 6.294055641236752 ], [ -75.544660331911075, 6.294056045158634 ], [ -75.544647762317268, 6.294056791750806 ], [ -75.544646415446493, 6.294056865220949 ], [ -75.544645067588519, 6.294056921517852 ], [ -75.544643713247197, 6.294056945298477 ], [ -75.544642358822216, 6.294056951901476 ], [ -75.54463241949982, 6.294056949726841 ], [ -75.54462564185674, 6.294056962878189 ], [ -75.544624739155097, 6.294056956429657 ], [ -75.544623838190148, 6.294056935506945 ], [ -75.544623388111006, 6.294056915098421 ], [ -75.544622940689692, 6.29405688382767 ], [ -75.544622495005072, 6.29405683808272 ], [ -75.544622056474012, 6.294056776933077 ], [ -75.544621620574361, 6.294056699496663 ], [ -75.544621186437809, 6.294056613010578 ], [ -75.544620752266013, 6.294056519291797 ], [ -75.544619887461835, 6.294056316467162 ], [ -75.544612974829363, 6.294054586252958 ], [ -75.544596556866566, 6.294050498355577 ], [ -75.544595259596448, 6.2940501810093 ], [ -75.544593958800192, 6.294049881762365 ], [ -75.544593522830112, 6.294049789860554 ], [ -75.544592660925886, 6.294049625898354 ], [ -75.544591363223262, 6.294049405293689 ], [ -75.544585726886652, 6.294048509677116 ], [ -75.544583991622559, 6.294048241479631 ], [ -75.54458312359597, 6.294048119136205 ], [ -75.544582253850322, 6.294048014883312 ], [ -75.544581818139974, 6.294047976322565 ], [ -75.544581368012402, 6.294047945969071 ], [ -75.544580917937679, 6.294047926464609 ], [ -75.544580016064742, 6.294047904642118 ], [ -75.544579113354274, 6.29404789638533 ], [ -75.544569340316031, 6.294047899727531 ], [ -75.544567179825421, 6.294047890369512 ], [ -75.544562800937612, 6.294047855661817 ], [ -75.544561913706403, 6.294047871740437 ], [ -75.5445614837123, 6.294047893727011 ], [ -75.544561070061405, 6.294047931907838 ], [ -75.544560677297852, 6.294047991685435 ], [ -75.544560317216266, 6.294048082947471 ], [ -75.544559999812961, 6.294048217398627 ], [ -75.544559743246992, 6.294048413032498 ], [ -75.544559559317392, 6.294048680640889 ], [ -75.544559433501291, 6.294049006732972 ], [ -75.54455934672724, 6.294049371511354 ], [ -75.544559285380316, 6.29404976238489 ], [ -75.544559185385324, 6.294050566624008 ], [ -75.5445591240384, 6.294050957497561 ], [ -75.544559037268755, 6.294051323180028 ], [ -75.544558912356209, 6.294051649267691 ], [ -75.544558727523054, 6.294051916880486 ], [ -75.54455847095268, 6.29405211161029 ], [ -75.544558153553766, 6.294052246965513 ], [ -75.54455779347218, 6.294052338227548 ], [ -75.544557401616572, 6.294052398904824 ], [ -75.544556987053312, 6.294052435281902 ], [ -75.544556557059209, 6.294052457268474 ], [ -75.544555669827986, 6.294052473347086 ], [ -75.544551116550096, 6.294052438585329 ], [ -75.544548014544631, 6.294052431104759 ], [ -75.54454494152327, 6.294052437948587 ], [ -75.544540972283556, 6.294052470859982 ], [ -75.54454009762722, 6.294052471507446 ], [ -75.544539241857422, 6.294052453980684 ], [ -75.544538827907161, 6.294052430683641 ], [ -75.54453842923806, 6.294052391038178 ], [ -75.544538052148539, 6.294052329588934 ], [ -75.544537707446054, 6.294052239050346 ], [ -75.544537403196514, 6.294052105821517 ], [ -75.544537155597851, 6.29405191626184 ], [ -75.544536970869288, 6.294051648642421 ], [ -75.54453684548902, 6.294051321966688 ], [ -75.544536758772225, 6.294050956225846 ], [ -75.54453669723604, 6.294050565951334 ], [ -75.54453659754158, 6.294049761781572 ], [ -75.544536536904545, 6.294049370598588 ], [ -75.544536450192155, 6.294049005761829 ], [ -75.544536323908346, 6.2940486790905 ], [ -75.544536140083309, 6.294048411466675 ], [ -75.544535897015621, 6.294048224597228 ], [ -75.544535599095354, 6.294048092241631 ], [ -75.544535259814197, 6.294048001676628 ], [ -75.544534890856653, 6.294047940187722 ], [ -75.544534500315109, 6.294047899598527 ], [ -75.544534094492434, 6.294047875357752 ], [ -75.544533676976371, 6.294047862023286 ], [ -75.544532824869222, 6.294047854423838 ], [ -75.544528485181814, 6.294047890949235 ], [ -75.544522179258706, 6.294047915361224 ], [ -75.544518077209958, 6.294047951632177 ], [ -75.544517178131287, 6.294047946974003 ], [ -75.544516738039619, 6.294047936461896 ], [ -75.544516307829824, 6.29404791414822 ], [ -75.544515892905565, 6.294047876390191 ], [ -75.544515502271565, 6.294047816815153 ], [ -75.544515141300749, 6.294047725451764 ], [ -75.544514824397069, 6.294047591380482 ], [ -75.544514567732065, 6.294047395536229 ], [ -75.544514397592408, 6.294047154968911 ], [ -75.544514276910419, 6.29404686533868 ], [ -75.544514192198832, 6.294046540272893 ], [ -75.544514130865167, 6.294046191586348 ], [ -75.54451399001897, 6.294045101015059 ], [ -75.54451392778175, 6.29404475233292 ], [ -75.544513842166609, 6.294044427271537 ], [ -75.544513722392566, 6.294044138540985 ], [ -75.544513551349354, 6.294043897978053 ], [ -75.544513320966615, 6.29404371827962 ], [ -75.54451303932791, 6.294043589461077 ], [ -75.544512719016936, 6.294043497899457 ], [ -75.544512371735863, 6.294043434496667 ], [ -75.544512002870761, 6.294043391993553 ], [ -75.544511617807785, 6.294043363131029 ], [ -75.544509592493398, 6.294043279881086 ], [ -75.544508688610819, 6.294043216479315 ], [ -75.544507335314918, 6.294043083843872 ], [ -75.544505986435539, 6.294042930392419 ], [ -75.544502852772723, 6.294042545148879 ], [ -75.544483663643931, 6.29404014697201 ], [ -75.544476965976386, 6.294039327048327 ], [ -75.544475629636665, 6.294039150932975 ], [ -75.544474746161612, 6.294039010582503 ], [ -75.544474308424043, 6.294038926826151 ], [ -75.544473875138209, 6.294038829486491 ], [ -75.544473447172436, 6.29403871132642 ], [ -75.544473036281715, 6.294038574096848 ], [ -75.544472631627826, 6.294038418754718 ], [ -75.544472230517712, 6.294038248929597 ], [ -75.544471832069831, 6.294038069146314 ], [ -75.544471042305659, 6.294037689654598 ], [ -75.544470256085248, 6.294037295679889 ], [ -75.544467121028262, 6.294035696226336 ], [ -75.544466333053578, 6.294035313109461 ], [ -75.544465937303158, 6.294035130600688 ], [ -75.544465538890492, 6.294034958050092 ], [ -75.544465136925254, 6.2940347981743 ], [ -75.544464731442645, 6.294034658206039 ], [ -75.544464319762824, 6.294034544487098 ], [ -75.544463897390045, 6.294034461559959 ], [ -75.544463470618368, 6.294034403065161 ], [ -75.54446303943017, 6.294034365386367 ], [ -75.544462604689386, 6.294034340382393 ], [ -75.544462167286369, 6.294034325336582 ], [ -75.544461288050613, 6.294034313348723 ], [ -75.54445996522783, 6.294034315276622 ], [ -75.544454666822745, 6.294034346529714 ], [ -75.54445068672706, 6.294034376780968 ], [ -75.544449367492049, 6.294034373266715 ], [ -75.544448501725952, 6.294034344035106 ], [ -75.544448077801377, 6.294034313553757 ], [ -75.544447663727837, 6.294034264942231 ], [ -75.544447262180796, 6.294034190954617 ], [ -75.544446877638364, 6.294034083432133 ], [ -75.544446518170901, 6.294033929677935 ], [ -75.544446190076854, 6.294033724236649 ], [ -75.544445885268289, 6.294033476188797 ], [ -75.5444455929686, 6.29403319914852 ], [ -75.544444734797594, 6.294032317306349 ], [ -75.544444432558819, 6.294032040314521 ], [ -75.544444110578368, 6.29403179144627 ], [ -75.544443752605474, 6.294031573493131 ], [ -75.544443372202224, 6.294031388197204 ], [ -75.544442975653908, 6.294031227390878 ], [ -75.544442566539487, 6.294031083823875 ], [ -75.544442148451154, 6.294030952958104 ], [ -75.5444417240776, 6.29403083025996 ], [ -75.544440865483821, 6.294030603897898 ], [ -75.544439997907361, 6.294030388428931 ], [ -75.544433909670119, 6.29402891276807 ], [ -75.544418723220602, 6.294025184120438 ], [ -75.544412644874058, 6.294023698465879 ], [ -75.5444113448537, 6.294023372995524 ], [ -75.544410483536055, 6.294023143934362 ], [ -75.54440963025796, 6.294022895847762 ], [ -75.544409210322925, 6.294022756853988 ], [ -75.544408796659937, 6.294022606980366 ], [ -75.54440839013732, 6.294022438989779 ], [ -75.544408028779131, 6.294022268066697 ], [ -75.544407675491286, 6.294022084446786 ], [ -75.544406625487596, 6.294021517265013 ], [ -75.544406273151708, 6.294021343585629 ], [ -75.544405915478166, 6.294021187110315 ], [ -75.544405549795897, 6.294021055989063 ], [ -75.544405145388524, 6.294020951275693 ], [ -75.544404730292584, 6.294020878258211 ], [ -75.54440430898623, 6.294020828777777 ], [ -75.544403882337804, 6.294020795597345 ], [ -75.54440301836118, 6.294020762740503 ], [ -75.544402146371439, 6.294020754333639 ], [ -75.544401270820302, 6.294020756793422 ], [ -75.544395999644934, 6.294020813228134 ], [ -75.54439513037903, 6.294020807520297 ], [ -75.544394700226448, 6.294020796959611 ], [ -75.544394277249438, 6.294020775514672 ], [ -75.544393861439247, 6.294020741377277 ], [ -75.544393457282766, 6.294020688196827 ], [ -75.544393070166137, 6.294020608714185 ], [ -75.544392704558703, 6.29402049296238 ], [ -75.544392368530808, 6.294020328244567 ], [ -75.544392079249931, 6.294020114477064 ], [ -75.544391815969576, 6.294019858993865 ], [ -75.544391567005206, 6.294019574509451 ], [ -75.544391089686499, 6.294018970179914 ], [ -75.544390842467621, 6.294018673029471 ], [ -75.544390581779084, 6.294018393122737 ], [ -75.544390295046, 6.294018145890833 ], [ -75.544389953319453, 6.294017924242007 ], [ -75.544389581065815, 6.294017742522744 ], [ -75.544389187263377, 6.294017588935848 ], [ -75.544388777302629, 6.294017457126316 ], [ -75.544388355661738, 6.294017338935329 ], [ -75.544387925042543, 6.294017232541504 ], [ -75.544387051242452, 6.294017037897245 ], [ -75.544385723493676, 6.294016770424857 ], [ -75.544379510022523, 6.294015554852611 ], [ -75.544378184072045, 6.294015285563222 ], [ -75.544377303065545, 6.294015095474619 ], [ -75.544376430080973, 6.294014882744206 ], [ -75.544375999386943, 6.294014760980896 ], [ -75.544375572236703, 6.294014624734594 ], [ -75.544375160372013, 6.294014473043961 ], [ -75.544374752954667, 6.294014306865915 ], [ -75.544373947014648, 6.294013945535015 ], [ -75.544373149105326, 6.294013563370492 ], [ -75.544367987990526, 6.294010985602611 ], [ -75.544363990942713, 6.294009018761796 ], [ -75.544363203779184, 6.294008616654501 ], [ -75.544362817853425, 6.29400841059094 ], [ -75.544362441835929, 6.294008198150338 ], [ -75.544362081134793, 6.294007976593979 ], [ -75.544361738447492, 6.294007743196413 ], [ -75.544361424594641, 6.294007493384363 ], [ -75.544361148572136, 6.29400721897699 ], [ -75.544360922994528, 6.294006912679953 ], [ -75.544360758642767, 6.294006561783196 ], [ -75.544360646547403, 6.294006179892035 ], [ -75.544360568685775, 6.294005777039541 ], [ -75.544360512460997, 6.294005364136375 ], [ -75.544360416297422, 6.294004542771203 ], [ -75.54436035475257, 6.294004150688446 ], [ -75.544360268049104, 6.294003787659792 ], [ -75.544360141787422, 6.294003465508793 ], [ -75.544359956181793, 6.294003203318197 ], [ -75.54435969863971, 6.294003012902749 ], [ -75.544359379942179, 6.294002881552425 ], [ -75.544359019888134, 6.294002792896754 ], [ -75.544358627442634, 6.294002732426319 ], [ -75.544358215202621, 6.294002689230407 ], [ -75.544356913528048, 6.294002580753784 ], [ -75.544356475019001, 6.294002524124311 ], [ -75.544356040009703, 6.294002443970982 ], [ -75.544355622935001, 6.294002335702888 ], [ -75.54435521115397, 6.294002201189858 ], [ -75.544354803802648, 6.294002048573096 ], [ -75.544354399100371, 6.294001883285898 ], [ -75.544353997959476, 6.29400170713205 ], [ -75.544352801602358, 6.29400114518408 ], [ -75.544351613275964, 6.294000562402468 ], [ -75.544350430335683, 6.293999972361748 ], [ -75.544349647694361, 6.293999571136486 ], [ -75.544348878553507, 6.293999158996122 ], [ -75.544348504329903, 6.293998943834424 ], [ -75.544348138189875, 6.293998718688138 ], [ -75.544347785545895, 6.293998481722666 ], [ -75.544347450884942, 6.293998226587379 ], [ -75.54434714049664, 6.293997946018767 ], [ -75.544346865245657, 6.293997644484383 ], [ -75.544346612482229, 6.293997322045925 ], [ -75.544346371398973, 6.293996985988904 ], [ -75.544345903623253, 6.293996300243085 ], [ -75.544345664351482, 6.293995965081339 ], [ -75.544345410684514, 6.293995642647283 ], [ -75.544345134534382, 6.293995342021386 ], [ -75.544344815079768, 6.293995055168205 ], [ -75.544344469549742, 6.293994794661258 ], [ -75.544344106940301, 6.293994552319706 ], [ -75.544343729040875, 6.293994324518417 ], [ -75.544343342149944, 6.293994105802036 ], [ -75.544342550380676, 6.293993685634987 ], [ -75.544341745124143, 6.293993279095307 ], [ -75.544337690985415, 6.293991278176398 ], [ -75.54433404980422, 6.293989467819433 ], [ -75.544326775538636, 6.293985839833094 ], [ -75.544321526515517, 6.293983208246582 ], [ -75.544320311012171, 6.293982611131624 ], [ -75.544319495049493, 6.293982232671409 ], [ -75.544319083048379, 6.293982052954036 ], [ -75.544318667485882, 6.293981884103314 ], [ -75.544318245677744, 6.293981731556962 ], [ -75.544317818540733, 6.293981598022869 ], [ -75.544317386048448, 6.293981478076471 ], [ -75.544316510384064, 6.293981271687748 ], [ -75.544315626688956, 6.293981086132646 ], [ -75.544313415293558, 6.293980643049865 ], [ -75.544312544164569, 6.293980440255451 ], [ -75.544312118014744, 6.293980323894575 ], [ -75.544311699014102, 6.293980191224921 ], [ -75.544311294351459, 6.293980034074456 ], [ -75.544310905807492, 6.293979847009868 ], [ -75.544310579560246, 6.293979649696416 ], [ -75.544310268545729, 6.293979426089615 ], [ -75.544309966469896, 6.293979182548854 ], [ -75.544309671560868, 6.293978926315655 ], [ -75.544309382923885, 6.293978659202594 ], [ -75.54430881369386, 6.293978106855098 ], [ -75.544306301353927, 6.293975611106376 ], [ -75.544304697977353, 6.29397403673331 ], [ -75.544304051624039, 6.293973418761881 ], [ -75.544303723958237, 6.293973115674738 ], [ -75.544303393617, 6.293972819833504 ], [ -75.544303056999311, 6.293972533968048 ], [ -75.544302713219224, 6.293972261699114 ], [ -75.544302357789789, 6.293972009377352 ], [ -75.544301988939125, 6.293971784244231 ], [ -75.544301601276715, 6.293971592654786 ], [ -75.544301198385966, 6.293971428262824 ], [ -75.544300784749439, 6.293971283813596 ], [ -75.544300363950498, 6.293971152960889 ], [ -75.544299938677824, 6.293971031171085 ], [ -75.544298642245352, 6.293970700258225 ], [ -75.544294719806999, 6.293969767352277 ], [ -75.544290805434599, 6.293968820845347 ], [ -75.544262128062257, 6.29396182088993 ], [ -75.544260822699897, 6.293961511719068 ], [ -75.544259950711393, 6.293961317969814 ], [ -75.544259512039488, 6.293961227889052 ], [ -75.544259072494839, 6.293961144141287 ], [ -75.544258189852954, 6.293960989320595 ], [ -75.544256861469222, 6.293960777001473 ], [ -75.544232479307979, 6.293957039827435 ], [ -75.544224501036382, 6.29395579940303 ], [ -75.544223613977977, 6.293955665398277 ], [ -75.544222727880324, 6.293955543142255 ], [ -75.54422184008564, 6.293955443497176 ], [ -75.544221396265314, 6.293955409496147 ], [ -75.544220952519808, 6.293955390864592 ], [ -75.544220506160499, 6.29395539213615 ], [ -75.544220059876011, 6.293955408777182 ], [ -75.544219167461065, 6.29395547370225 ], [ -75.544217826319453, 6.29395561043082 ], [ -75.544208888671463, 6.293956642184829 ], [ -75.544144984436855, 6.293963907157969 ], [ -75.544142750196642, 6.293964154020045 ], [ -75.544141408102959, 6.293964280807887 ], [ -75.544140059530349, 6.293964375983533 ], [ -75.544138260997386, 6.293964475160536 ], [ -75.54405863359834, 6.293968571012358 ], [ -75.544056835052018, 6.293968667476838 ], [ -75.544055486439674, 6.293968754515494 ], [ -75.544054145156991, 6.293968862312905 ], [ -75.544052357770184, 6.293969023818758 ], [ -75.544007684500443, 6.293973176229146 ], [ -75.54400321652237, 6.293973587675904 ], [ -75.543998746693163, 6.293973990090566 ], [ -75.543997853471296, 6.293974074909586 ], [ -75.543996963021684, 6.293974172372617 ], [ -75.543996078099028, 6.293974291507281 ], [ -75.543995639324535, 6.293974365974442 ], [ -75.543995203339904, 6.293974456701938 ], [ -75.543994771969864, 6.293974567297317 ], [ -75.543994342477362, 6.293974692349267 ], [ -75.543993916660668, 6.293974830040825 ], [ -75.543993492686312, 6.293974974956255 ], [ -75.543992647527446, 6.293975281047466 ], [ -75.543983812473286, 6.293978641280072 ], [ -75.543949720206115, 6.293991549032249 ], [ -75.543945498285282, 6.293993132811582 ], [ -75.54394166584099, 6.293994538391617 ], [ -75.543940822546347, 6.2939948562271 ], [ -75.543940408607838, 6.293995020983963 ], [ -75.543940004639211, 6.293995192020998 ], [ -75.54393961427229, 6.293995372936928 ], [ -75.543939244757496, 6.293995568216969 ], [ -75.543938905156779, 6.293995783241575 ], [ -75.543938606356747, 6.293996026998806 ], [ -75.543938364665394, 6.293996308450226 ], [ -75.543938197254604, 6.293996628416268 ], [ -75.543938083329479, 6.293996984285963 ], [ -75.543938009292702, 6.29399736708448 ], [ -75.543937964266448, 6.293997769632001 ], [ -75.543937939188751, 6.293998186548019 ], [ -75.543937926813626, 6.293998614251422 ], [ -75.543937928363206, 6.293999489420443 ], [ -75.543938010257932, 6.294003505069125 ], [ -75.543938044264991, 6.294004365614202 ], [ -75.543938073374065, 6.294004776841489 ], [ -75.543938115031651, 6.294005167213117 ], [ -75.54393817552301, 6.294005528561515 ], [ -75.54393826200176, 6.294005845481954 ], [ -75.543938386156839, 6.294006106164066 ], [ -75.54393856051918, 6.294006286135868 ], [ -75.543938805800082, 6.2940063708307 ], [ -75.543939104893667, 6.294006372989421 ], [ -75.543939443439868, 6.294006312572429 ], [ -75.543939809789364, 6.294006209526826 ], [ -75.543940194963824, 6.294006075649818 ], [ -75.543940593590364, 6.294005920912767 ], [ -75.543941001186411, 6.29400575257037 ], [ -75.543941830720911, 6.29400539230887 ], [ -75.54394518383782, 6.294003897750019 ], [ -75.543948096178056, 6.294002623229424 ], [ -75.543968810311227, 6.293993651165715 ], [ -75.54397543394586, 6.293990770943305 ], [ -75.543976263515518, 6.293990417914449 ], [ -75.543977097660132, 6.293990076616713 ], [ -75.543977517941101, 6.293989915445342 ], [ -75.543977939165217, 6.293989762406348 ], [ -75.543978365867872, 6.293989621094053 ], [ -75.543978796268362, 6.293989496941791 ], [ -75.543979230335864, 6.293989383620934 ], [ -75.543979667158041, 6.29398927932775 ], [ -75.54398054631173, 6.293989088796676 ], [ -75.543981429141255, 6.293988910905207 ], [ -75.543992047856605, 6.293986851127671 ], [ -75.544018141761256, 6.293981754972446 ], [ -75.544026101868127, 6.293980191849803 ], [ -75.54402787217245, 6.293979862263216 ], [ -75.544028760594855, 6.293979719604622 ], [ -75.544029205760225, 6.293979658667915 ], [ -75.544030102569906, 6.293979568406698 ], [ -75.544031001305498, 6.293979502547016 ], [ -75.544032351773396, 6.293979425444554 ], [ -75.544041817988941, 6.293978945335263 ], [ -75.544146839382165, 6.293973539523158 ], [ -75.544148641542577, 6.293973443040751 ], [ -75.544149992869876, 6.293973356892727 ], [ -75.544151339529762, 6.293973240027785 ], [ -75.54415358011687, 6.293972997655255 ], [ -75.544216751958245, 6.293965815812018 ], [ -75.544225713072279, 6.2939647785188 ], [ -75.544227056034202, 6.293964644493648 ], [ -75.544227503134223, 6.293964609766471 ], [ -75.544227950291472, 6.293964586792431 ], [ -75.544228396602378, 6.293964575575913 ], [ -75.544228842102171, 6.293964583349616 ], [ -75.544229285010147, 6.29396461554687 ], [ -75.544229727098198, 6.293964664926158 ], [ -75.54423016744957, 6.293964728779644 ], [ -75.544231050078267, 6.29396488088813 ], [ -75.54423193009751, 6.293965053803795 ], [ -75.544239850689081, 6.293966695933046 ], [ -75.544268016998672, 6.293972470602418 ], [ -75.544275499716235, 6.293974000947798 ], [ -75.544281226772185, 6.293975156509118 ], [ -75.544282539266149, 6.293975445754778 ], [ -75.544282973508331, 6.293975553939265 ], [ -75.54428340237321, 6.293975671191042 ], [ -75.544283826786355, 6.293975802026128 ], [ -75.54428424316437, 6.293975952790768 ], [ -75.544284651520456, 6.293976126197182 ], [ -75.544285052740548, 6.293976318624662 ], [ -75.544285448609756, 6.29397652554394 ], [ -75.544285840908771, 6.293976741521699 ], [ -75.544286617476075, 6.293977194310838 ], [ -75.54428738867928, 6.29397765887952 ], [ -75.544293158891989, 6.293981182992689 ], [ -75.54430394508374, 6.293987725882499 ], [ -75.544305096967463, 6.293988432704646 ], [ -75.544306238087799, 6.293989155853184 ], [ -75.544307363102646, 6.293989911628114 ], [ -75.544308847266791, 6.293990941405259 ], [ -75.544326978780461, 6.294003643436325 ], [ -75.544332524932216, 6.294007543845716 ], [ -75.544333641872385, 6.294008311413315 ], [ -75.544334397842917, 6.294008802275275 ], [ -75.544334782098034, 6.294009036374348 ], [ -75.5443351726164, 6.294009257785369 ], [ -75.544335570279529, 6.294009461983528 ], [ -75.544335979583224, 6.294009644426361 ], [ -75.544336398751156, 6.294009811451271 ], [ -75.544336823278769, 6.294009965792535 ], [ -75.544337251372184, 6.294010110171248 ], [ -75.544339407900708, 6.294010790397548 ], [ -75.544339828748093, 6.294010931195138 ], [ -75.544340240590756, 6.294011078365382 ], [ -75.544340637134667, 6.294011238267719 ], [ -75.544341012063754, 6.294011412741117 ], [ -75.544341358184781, 6.294011609053539 ], [ -75.544341661992931, 6.294011837216003 ], [ -75.544341909075314, 6.294012106339804 ], [ -75.544342072224183, 6.294012395763112 ], [ -75.544342188555603, 6.294012719770735 ], [ -75.544342272469166, 6.294013066539067 ], [ -75.544342333873146, 6.29401342969107 ], [ -75.544342478377189, 6.294014529285801 ], [ -75.544342543311757, 6.294014875242524 ], [ -75.544342631615422, 6.294015195770343 ], [ -75.544342754981571, 6.294015479962935 ], [ -75.544342928708971, 6.294015715088204 ], [ -75.544343188049353, 6.294015903686681 ], [ -75.544343505843344, 6.294016035041418 ], [ -75.544343865910605, 6.294016126409351 ], [ -75.544344252057655, 6.294016192335151 ], [ -75.544345068484972, 6.29401629504017 ], [ -75.544345477190021, 6.294016354527249 ], [ -75.544345876965181, 6.294016435756454 ], [ -75.544346256125905, 6.294016551442216 ], [ -75.544346604821158, 6.294016719714759 ], [ -75.544346912247889, 6.294016948763667 ], [ -75.544347187410878, 6.294017232216317 ], [ -75.544347439266346, 6.29401755375509 ], [ -75.544347673182841, 6.294017902504546 ], [ -75.544347895449988, 6.294018271201172 ], [ -75.544348109655573, 6.294018654402794 ], [ -75.544348943188098, 6.294020228911828 ], [ -75.544349159222804, 6.29402061662508 ], [ -75.544349384253437, 6.294020996157509 ], [ -75.544349622775727, 6.294021362966668 ], [ -75.544349881074922, 6.294021708884947 ], [ -75.544350165449501, 6.294022028457008 ], [ -75.544350482193494, 6.294022315323391 ], [ -75.54435082501287, 6.294022575843538 ], [ -75.544351187613543, 6.294022816376907 ], [ -75.544351564600646, 6.294023042374415 ], [ -75.544351950579227, 6.294023259287016 ], [ -75.544352342851894, 6.294023469840174 ], [ -75.544353932636184, 6.294024293869806 ], [ -75.544354324913243, 6.294024505327064 ], [ -75.544354711804203, 6.294024724043426 ], [ -75.544355090615994, 6.294024953648461 ], [ -75.544355456852912, 6.29402519868463 ], [ -75.5443558051156, 6.294025463698787 ], [ -75.544356129995975, 6.29402575142961 ], [ -75.544356439608393, 6.294026058221121 ], [ -75.54435673484322, 6.294026381356661 ], [ -75.544357021994486, 6.294026714476789 ], [ -75.54435730286049, 6.29402705576451 ], [ -75.544358123900921, 6.294028105951921 ], [ -75.544360007307176, 6.294030592108451 ], [ -75.544360555551947, 6.294031288311276 ], [ -75.544360837312723, 6.29403162778642 ], [ -75.544361124446382, 6.294031957290205 ], [ -75.544361423269009, 6.294032274983595 ], [ -75.544361734653322, 6.294032574533597 ], [ -75.544362063985432, 6.294032848681104 ], [ -75.544362418476169, 6.294033093774522 ], [ -75.54436279182265, 6.29403331436511 ], [ -75.544363178634384, 6.29403351680792 ], [ -75.544363574424409, 6.294033707453549 ], [ -75.544364385755003, 6.294034062429435 ], [ -75.544365209651673, 6.294034400165996 ], [ -75.544369361464859, 6.294036048006372 ], [ -75.544373088759215, 6.294037543313652 ], [ -75.544379294046493, 6.29404004727926 ], [ -75.544384669204703, 6.294042232524881 ], [ -75.544385498447866, 6.294042554865515 ], [ -75.54438591483914, 6.294042708342278 ], [ -75.544386333002322, 6.294042854577554 ], [ -75.544386753818912, 6.294042989046497 ], [ -75.544387177262536, 6.294043106324583 ], [ -75.544387604210314, 6.2940432009829 ], [ -75.544388022894069, 6.294043268558265 ], [ -75.544388445081978, 6.294043313513859 ], [ -75.544388869002177, 6.294043343091171 ], [ -75.544389296483757, 6.294043361801831 ], [ -75.544390155850238, 6.294043375694891 ], [ -75.544393174601524, 6.29404335736313 ], [ -75.544394026726366, 6.294043368579165 ], [ -75.54439444607597, 6.29404338732946 ], [ -75.544394860061473, 6.294043417859301 ], [ -75.544395263287996, 6.294043465619638 ], [ -75.544395655786332, 6.294043536939083 ], [ -75.544396029472935, 6.294043641802205 ], [ -75.544396381685573, 6.294043790167168 ], [ -75.544396688914276, 6.294043978532152 ], [ -75.544396978252394, 6.294044204052765 ], [ -75.544397255064055, 6.294044454949447 ], [ -75.544398069472734, 6.294045256539445 ], [ -75.544398354429561, 6.294045510108755 ], [ -75.544398657338576, 6.294045739179639 ], [ -75.544399018934485, 6.29404595892338 ], [ -75.544399403868695, 6.294046146909574 ], [ -75.544399805860365, 6.294046312209931 ], [ -75.544400219505761, 6.294046458467214 ], [ -75.544400641225934, 6.294046592931739 ], [ -75.544401501723684, 6.294046839174934 ], [ -75.544402812652791, 6.294047178153742 ], [ -75.544410269902087, 6.294049044948808 ], [ -75.544430410112142, 6.29405414810284 ], [ -75.544432162445872, 6.29405458166936 ], [ -75.544433042610507, 6.294054784419458 ], [ -75.544433922660673, 6.294054963663304 ], [ -75.544435243917405, 6.294055196811067 ], [ -75.544437010885204, 6.294055481128464 ], [ -75.544444085839586, 6.294056588527877 ], [ -75.544445409767334, 6.294056813525617 ], [ -75.544446287948773, 6.294056980121062 ], [ -75.544446722111772, 6.294057072031814 ], [ -75.5444480174868, 6.29405737130557 ], [ -75.544449309335675, 6.294057688678669 ], [ -75.544461353389181, 6.294060722918958 ], [ -75.544462645189626, 6.294061030347053 ], [ -75.544463509888217, 6.294061211473905 ], [ -75.544463943971991, 6.294061287111099 ], [ -75.544464379796821, 6.294061349178179 ], [ -75.544464826385052, 6.294061394918863 ], [ -75.544465273802004, 6.294061425285669 ], [ -75.544465722977634, 6.294061445698735 ], [ -75.544466173920753, 6.294061457966195 ], [ -75.544467075732157, 6.294061467131673 ], [ -75.544470239994965, 6.294061456227058 ], [ -75.544471593600207, 6.294061466806548 ], [ -75.54447249371016, 6.294061497678874 ], [ -75.544472941127097, 6.29406152804569 ], [ -75.544473387710923, 6.294061572882265 ], [ -75.544473828957081, 6.294061634922926 ], [ -75.544474267558613, 6.294061710538087 ], [ -75.544474705309412, 6.294061797006686 ], [ -75.544475578201585, 6.294061990751075 ], [ -75.544476884498494, 6.294062306245434 ], [ -75.544481234184531, 6.294063395285683 ], [ -75.544482541367358, 6.294063707159282 ], [ -75.544483415145493, 6.294063897282911 ], [ -75.54448385379105, 6.294063981938927 ], [ -75.54448429419088, 6.294064055737083 ], [ -75.544484732721969, 6.294064116886863 ], [ -75.544485173906494, 6.294064166270293 ], [ -75.544486059801699, 6.294064246937809 ], [ -75.5444878359162, 6.294064368471039 ], [ -75.544495392930727, 6.294064827082743 ], [ -75.54451139193813, 6.294065822265443 ], [ -75.544513169745258, 6.294065920283522 ], [ -75.544514511780392, 6.294065967083609 ], [ -75.544515414517321, 6.29406598076502 ], [ -75.544517221697078, 6.29406598732503 ], [ -75.5445680549429, 6.294065984528927 ], [ -75.544573245036005, 6.294065977309383 ], [ -75.544577779026795, 6.294065947973278 ], [ -75.544578678109872, 6.294065953535419 ], [ -75.544579122728081, 6.294065965833613 ], [ -75.544579561960219, 6.294065985390946 ], [ -75.54457999313081, 6.294066019453274 ], [ -75.544580411748498, 6.294066073467181 ], [ -75.544580813326363, 6.294066153783266 ], [ -75.544581191592385, 6.294066271281411 ], [ -75.544581540296477, 6.294066441361922 ], [ -75.544581829573019, 6.294066654225177 ], [ -75.544582093757015, 6.294066909703827 ], [ -75.544582340901172, 6.294067191484672 ], [ -75.544582820886717, 6.294067786759832 ], [ -75.544583068960833, 6.294068073960779 ], [ -75.544583332289704, 6.29406833938878 ], [ -75.544583621649892, 6.294068569429673 ], [ -75.544583965946288, 6.294068762134354 ], [ -75.544584340743356, 6.294068909484957 ], [ -75.544584738869901, 6.294069023269854 ], [ -75.544585153145945, 6.294069113469213 ], [ -75.544585579080106, 6.294069185529584 ], [ -75.544586013996977, 6.294069246696892 ], [ -75.544586454291135, 6.294069298796891 ], [ -75.544587344748081, 6.294069388483081 ], [ -75.544593179789402, 6.294069896172813 ], [ -75.544607051289958, 6.294071161202972 ], [ -75.544612872821972, 6.294071677999403 ], [ -75.544614211669824, 6.29407181251318 ], [ -75.544615096833112, 6.29407192844425 ], [ -75.544615535417023, 6.294072000442926 ], [ -75.544615968658846, 6.294072088741586 ], [ -75.544616397488568, 6.294072198760349 ], [ -75.544616818309592, 6.294072334133141 ], [ -75.544617232911378, 6.294072491234847 ], [ -75.544617643070268, 6.294072663728048 ], [ -75.544618049672152, 6.294072847991984 ], [ -75.544618858450633, 6.29407323552767 ], [ -75.544620469748779, 6.294074024191193 ], [ -75.544620875464744, 6.294074212075869 ], [ -75.544621282939374, 6.294074390006788 ], [ -75.544621693058644, 6.294074554363206 ], [ -75.544622109410312, 6.294074699702981 ], [ -75.544622530147677, 6.294074817898144 ], [ -75.544622961569203, 6.294074903493353 ], [ -75.544623400091467, 6.29407496283482 ], [ -75.544623842126683, 6.294075001364689 ], [ -75.544624288613647, 6.294075026311247 ], [ -75.544624736863668, 6.294075042208116 ], [ -75.544625635977539, 6.294075054098779 ], [ -75.544632869879607, 6.294075031490156 ], [ -75.544636936870148, 6.294075032457524 ], [ -75.544641455702887, 6.294075044783692 ], [ -75.544642810127911, 6.294075038180677 ], [ -75.544643710890384, 6.294075017515387 ], [ -75.544644160767021, 6.294074996335913 ], [ -75.544644608792524, 6.294074966124404 ], [ -75.544645055839638, 6.294074920547811 ], [ -75.544645495583495, 6.294074859637004 ], [ -75.544645934344572, 6.294074782457063 ], [ -75.54464680902835, 6.294074601891875 ], [ -75.544647680895835, 6.294074399641841 ], [ -75.544652465855876, 6.294073210919802 ], [ -75.544654208581605, 6.294072784726057 ], [ -75.544655518209709, 6.294072485410577 ], [ -75.544656394718203, 6.294072308452904 ], [ -75.544657715519136, 6.294072076891016 ], [ -75.544659482432778, 6.294071793428317 ], [ -75.544670087713712, 6.294070130606032 ], [ -75.544675396758237, 6.294069315437548 ], [ -75.544676721270179, 6.294069103747873 ], [ -75.544677597866695, 6.294068944871895 ], [ -75.544678030232433, 6.29406885325738 ], [ -75.54467845983028, 6.294068749902964 ], [ -75.544678882124856, 6.294068631214318 ], [ -75.54467929616861, 6.294068488155002 ], [ -75.544679692921605, 6.294068319864962 ], [ -75.54468008143256, 6.294068129012423 ], [ -75.544680463539407, 6.29406792191718 ], [ -75.544680840163309, 6.29406770219115 ], [ -75.544681586984979, 6.294067241975948 ], [ -75.544682695788808, 6.294066524133576 ], [ -75.54468601484858, 6.294064345327301 ], [ -75.544689710496996, 6.294061939562288 ], [ -75.544690441821785, 6.294061451395294 ], [ -75.544691162242302, 6.294060950623961 ], [ -75.544691514285375, 6.294060693045247 ], [ -75.544691859056002, 6.29406042646091 ], [ -75.54469219202322, 6.294060148180723 ], [ -75.544692510458759, 6.294059854601564 ], [ -75.544692791861863, 6.294059563915264 ], [ -75.544693060553598, 6.294059260633418 ], [ -75.544694095374922, 6.294058008824186 ], [ -75.544694361360399, 6.294057706459656 ], [ -75.544694638254541, 6.29405741760355 ], [ -75.544694931509468, 6.294057148558045 ], [ -75.544695271771147, 6.294056883803903 ], [ -75.544695631121883, 6.294056642463502 ], [ -75.544696004113931, 6.294056419138749 ], [ -75.54469638890501, 6.294056206605761 ], [ -75.544696780064967, 6.294056003082783 ], [ -75.544697175769102, 6.29405580496232 ], [ -75.544697978081629, 6.294055421325701 ], [ -75.544704453840225, 6.294052420665833 ], [ -75.544716975089074, 6.294046570621332 ], [ -75.544719001801695, 6.294045642167364 ], [ -75.544720237101686, 6.294045109050288 ], [ -75.544722317476058, 6.294044252663305 ], [ -75.544771110693603, 6.294024447183376 ], [ -75.544774027036112, 6.294023253104962 ], [ -75.544776920622482, 6.29402202478139 ], [ -75.544782044956676, 6.294019832652873 ], [ -75.544786797788944, 6.294017798746108 ], [ -75.544806370877041, 6.294009423503822 ], [ -75.544804807110864, 6.293998170469889 ], [ -75.544804961302845, 6.293993837235381 ] ] ] } },
{ "type": "Feature", "properties": { "objectid": 664, "codigo": "0103-16", "nombre": "Popular", "riesgo": "Con condiciones de riesgo", "descripcion": "Zona con condiciones de riesgo por inundaciones", "tipo_amenaza": "Inundaciones", "categoria_proteccion": "Áreas de Amenaza y Riesgo", "subcategoria_proteccion": "Zona con condiciones de riesgo", "fecha_adopcion": "2014-12-17T00:00:00", "fecha_actualizacion": "2026-04-30T00:00:00", "st_area(shape)": 391.85140733589418, "st_perimeter(shape)": 91.808222707960823 }, "geometry": { "type": "Polygon", "coordinates": [ [ [ -75.546995833226106, 6.303589257087662 ], [ -75.547017965078311, 6.303658354600196 ], [ -75.547106448364389, 6.303578257816087 ], [ -75.547129089306353, 6.303582643283553 ], [ -75.547126289691192, 6.303578695175195 ], [ -75.547118400878432, 6.303564343080776 ], [ -75.547108349439625, 6.303549551310467 ], [ -75.547106209733528, 6.303546402822552 ], [ -75.547096887471781, 6.303522721938585 ], [ -75.547089715762567, 6.303504781559905 ], [ -75.54707967683774, 6.303476078254369 ], [ -75.547066851368456, 6.303455544502465 ], [ -75.547065334128149, 6.303453114448437 ], [ -75.547060314312802, 6.303432303866304 ], [ -75.547055294167407, 6.303413646865137 ], [ -75.547051709710871, 6.303395707036318 ], [ -75.547044537998488, 6.303372026489084 ], [ -75.547038083749015, 6.303354087122485 ], [ -75.547028495296615, 6.30332955405966 ], [ -75.546925670148582, 6.303370196113986 ], [ -75.546963223614256, 6.30348744417683 ], [ -75.546995833226106, 6.303589257087662 ] ] ] } },
{ "type": "Feature", "properties": { "objectid": 585, "codigo": "0607-5", "nombre": "Kennedy", "riesgo": "Con condiciones de riesgo", "descripcion": "Zona con condiciones de riesgo por inundaciones", "tipo_amenaza": "Inundaciones", "categoria_proteccion": "Áreas de Amenaza y Riesgo", "subcategoria_proteccion": "Zona con condiciones de riesgo", "fecha_adopcion": "2014-12-17T00:00:00", "fecha_actualizacion": "2026-04-30T00:00:00", "st_area(shape)": 1693.6035602483762, "st_perimeter(shape)": 322.35377091533923 }, "geometry": { "type": "Polygon", "coordinates": [ [ [ -75.583297549541882, 6.290369156831193 ], [ -75.583300394807736, 6.290372817845681 ], [ -75.583324779304476, 6.290403672844169 ], [ -75.583353466539052, 6.290433811318345 ], [ -75.583407254984905, 6.290483323026273 ], [ -75.583437377186726, 6.290512025946128 ], [ -75.583467499661126, 6.290537857501286 ], [ -75.583516983645708, 6.290578040480938 ], [ -75.583543519981035, 6.290603873495828 ], [ -75.583580813666515, 6.2906318583424 ], [ -75.583638904725717, 6.290672758149773 ], [ -75.583697714404877, 6.290720117663133 ], [ -75.583742178261616, 6.290751689667385 ], [ -75.583809593819154, 6.290793307258909 ], [ -75.583837563033555, 6.290811245961341 ], [ -75.583885614229615, 6.290839946919474 ], [ -75.583917887644361, 6.290860755567514 ], [ -75.583988168757159, 6.290898067276359 ], [ -75.584034068576187, 6.290927487658475 ], [ -75.58407853370359, 6.2909554713177 ], [ -75.584105069244515, 6.290980586448915 ], [ -75.584254246845248, 6.291199445670548 ], [ -75.584275045356037, 6.291229584219137 ], [ -75.584288241758244, 6.291241136339328 ], [ -75.584329721636507, 6.291138796225776 ], [ -75.584322374864385, 6.291130554827956 ], [ -75.584311616305271, 6.291102568932655 ], [ -75.584297989371052, 6.291080323675152 ], [ -75.584248501897463, 6.290999238438654 ], [ -75.584227703204277, 6.29097125340425 ], [ -75.584204753679714, 6.290947573392433 ], [ -75.584191126989126, 6.290932504715629 ], [ -75.584173197274538, 6.290911695628926 ], [ -75.584164590088719, 6.290893038227462 ], [ -75.58414307505879, 6.290872946638655 ], [ -75.584120125571545, 6.290858595823218 ], [ -75.584088569159036, 6.290842092489336 ], [ -75.584046465694229, 6.290821745660189 ], [ -75.584020169496881, 6.290807395125105 ], [ -75.583996264405997, 6.290789456215028 ], [ -75.583972358638192, 6.290778692991962 ], [ -75.58392693787755, 6.290757167369058 ], [ -75.583879096172794, 6.290724415999967 ], [ -75.583857579850473, 6.290708630533338 ], [ -75.583844671281398, 6.290695713615387 ], [ -75.583829610348872, 6.290684233080904 ], [ -75.583795185751271, 6.290661988535974 ], [ -75.583780124460603, 6.290644767090122 ], [ -75.583757175328245, 6.290626827953363 ], [ -75.583718955915273, 6.290596913874865 ], [ -75.583691464347652, 6.290582562900295 ], [ -75.583657995228705, 6.290562232977035 ], [ -75.583634090009042, 6.290539509646949 ], [ -75.583592254154567, 6.290506023340837 ], [ -75.583470302473302, 6.2903957745909 ], [ -75.583334963238144, 6.290259770561181 ], [ -75.583297549541882, 6.290369156831193 ] ] ] } },
{ "type": "Feature", "properties": { "objectid": 586, "codigo": "0211-2", "nombre": "La Rosa", "riesgo": "Alto riesgo no mitigable", "descripcion": "Zona de alto riesgo no mitigable por inundaciones", "tipo_amenaza": "Inundaciones", "categoria_proteccion": "Áreas de Amenaza y Riesgo", "subcategoria_proteccion": "Zona de riesgo no mitigable", "fecha_adopcion": "2014-12-17T00:00:00", "fecha_actualizacion": "2026-04-30T00:00:00", "st_area(shape)": 1057.8763520276011, "st_perimeter(shape)": 236.08041366114412 }, "geometry": { "type": "Polygon", "coordinates": [ [ [ -75.562564198414577, 6.293002478067091 ], [ -75.56273772003351, 6.293115673342023 ], [ -75.562756964156279, 6.293128226255328 ], [ -75.562768170995597, 6.293098740233623 ], [ -75.562782514404788, 6.292936087316441 ], [ -75.562839888013315, 6.292773433819939 ], [ -75.562906824904218, 6.292486398630992 ], [ -75.562992867324056, 6.292183844910504 ], [ -75.562926265823691, 6.292327906667547 ], [ -75.562922987923528, 6.292340480637047 ], [ -75.562891158667171, 6.292418328474263 ], [ -75.56284095789043, 6.292533143626966 ], [ -75.56276206909736, 6.292647956761044 ], [ -75.562690352563067, 6.29278429826176 ], [ -75.562640149972012, 6.292891935823361 ], [ -75.562564198414577, 6.293002478067091 ] ] ] } },
{ "type": "Feature", "properties": { "objectid": 587, "codigo": "0211-3", "nombre": "La Rosa", "riesgo": "Con condiciones de riesgo", "descripcion": "Zona con condiciones de riesgo por inundaciones", "tipo_amenaza": "Inundaciones", "categoria_proteccion": "Áreas de Amenaza y Riesgo", "subcategoria_proteccion": "Zona con condiciones de riesgo", "fecha_adopcion": "2014-12-17T00:00:00", "fecha_actualizacion": "2026-04-30T00:00:00", "st_area(shape)": 876.95882639784293, "st_perimeter(shape)": 285.20724422164602 }, "geometry": { "type": "Polygon", "coordinates": [ [ [ -75.55794928701593, 6.289115530760698 ], [ -75.557986446951645, 6.289111156487384 ], [ -75.558003121948985, 6.28910374078411 ], [ -75.558009821301411, 6.289090334553527 ], [ -75.55804281153101, 6.289055891396762 ], [ -75.55809444683608, 6.289020012539244 ], [ -75.55812600220456, 6.289004226148619 ], [ -75.558160425730748, 6.2889927445887 ], [ -75.558245051229974, 6.288978394384448 ], [ -75.558323987040751, 6.28898639693077 ], [ -75.558347030312277, 6.289002075959333 ], [ -75.558382888060279, 6.289013557784955 ], [ -75.55841731116692, 6.289023603693273 ], [ -75.558456037218178, 6.289032215418537 ], [ -75.558480421056572, 6.289035085843721 ], [ -75.558485149951551, 6.289037237942432 ], [ -75.55851771288873, 6.289039392944444 ], [ -75.558557873858121, 6.289053744984239 ], [ -75.558600902582853, 6.289075273265131 ], [ -75.558635326131039, 6.289101107416923 ], [ -75.558668315938505, 6.289125504743415 ], [ -75.558707041241718, 6.28914559758883 ], [ -75.558735727477583, 6.289157079251739 ], [ -75.558773018974961, 6.289169996959908 ], [ -75.558806009054493, 6.289180043526341 ], [ -75.558844735733516, 6.289184349898382 ], [ -75.558897804753755, 6.28918722082029 ], [ -75.558948005885256, 6.28919009132033 ], [ -75.55898673227766, 6.28919009236896 ], [ -75.559021155930495, 6.28919009189131 ], [ -75.559029761394015, 6.28919009222581 ], [ -75.559070892772397, 6.289193360648476 ], [ -75.55907712358885, 6.289188908181345 ], [ -75.559101028262688, 6.289176949198261 ], [ -75.559109993027207, 6.289156019718385 ], [ -75.559098040695019, 6.289123130242567 ], [ -75.559089484191148, 6.28911799348995 ], [ -75.559089453382541, 6.289117975558943 ], [ -75.55908643347243, 6.289117928875001 ], [ -75.559084774828051, 6.28911798672616 ], [ -75.559067767394964, 6.289118579053189 ], [ -75.559048632373347, 6.28912015280363 ], [ -75.55902903464586, 6.28912078584626 ], [ -75.559008507560094, 6.289121870065295 ], [ -75.558988884601447, 6.289124363863247 ], [ -75.558969730189261, 6.289126406932715 ], [ -75.558950151849217, 6.289126570650788 ], [ -75.558949363892609, 6.289126559141159 ], [ -75.558929633265407, 6.289126253473642 ], [ -75.558927471135746, 6.28912626948997 ], [ -75.558909114266498, 6.28912640552447 ], [ -75.558904181059731, 6.289125893560849 ], [ -75.558829978670161, 6.289118197019201 ], [ -75.558820672658712, 6.289116659529824 ], [ -75.558802575952868, 6.289111243125011 ], [ -75.55878545548309, 6.289102583458688 ], [ -75.558768812993478, 6.289093000174452 ], [ -75.558752631812837, 6.289083887472984 ], [ -75.558735998359467, 6.28907430414295 ], [ -75.558719411243089, 6.289061448654709 ], [ -75.558704178349416, 6.289050951652502 ], [ -75.558687545308217, 6.289040898187182 ], [ -75.558669963986333, 6.289032229923539 ], [ -75.558668130623985, 6.289031481269577 ], [ -75.558650963118637, 6.2890244727102 ], [ -75.558633843136803, 6.289016281357097 ], [ -75.558617173177069, 6.289008100456356 ], [ -75.558599590939892, 6.288999429481596 ], [ -75.558581521727461, 6.288991690304011 ], [ -75.558563912469552, 6.288984883710115 ], [ -75.558545319341604, 6.288980868364601 ], [ -75.558508113301201, 6.288974703826597 ], [ -75.558469435450803, 6.28897317366831 ], [ -75.558449396704077, 6.288972866776968 ], [ -75.558430305750775, 6.28897070545802 ], [ -75.558411241421837, 6.288967152600851 ], [ -75.558392684320111, 6.288961266493595 ], [ -75.558372265273789, 6.288954884113613 ], [ -75.558353726665274, 6.288947606506921 ], [ -75.558340417878057, 6.288933872435829 ], [ -75.558326143191351, 6.288921985646727 ], [ -75.558306600873934, 6.288919354593555 ], [ -75.558286091779038, 6.288918576251047 ], [ -75.558265131279342, 6.288917320042212 ], [ -75.558263076756987, 6.288917538046475 ], [ -75.558245985891759, 6.288919362134865 ], [ -75.558226343585815, 6.288923259157791 ], [ -75.558207614890932, 6.288928103721462 ], [ -75.558191613573641, 6.288937657937676 ], [ -75.558174682421921, 6.288947196817012 ], [ -75.558158230105363, 6.288955802129845 ], [ -75.55814086421627, 6.288963468037582 ], [ -75.558123029339242, 6.288971125392442 ], [ -75.558106576165684, 6.288979740653557 ], [ -75.558088244843475, 6.288989719451111 ], [ -75.55807179257198, 6.288998334707169 ], [ -75.558055773219579, 6.289008821134814 ], [ -75.558039301549499, 6.289018827892748 ], [ -75.558022389319447, 6.289027433647057 ], [ -75.558007752121597, 6.289039339972957 ], [ -75.557992166178167, 6.289052167700444 ], [ -75.557978442143906, 6.289065484468466 ], [ -75.557967472974738, 6.289081187223471 ], [ -75.557956505107967, 6.289097341117269 ], [ -75.557946467145555, 6.289113524813234 ], [ -75.557945354294716, 6.289115993931059 ], [ -75.55794928701593, 6.289115530760698 ] ] ] } },
{ "type": "Feature", "properties": { "objectid": 616, "codigo": "1017-1", "nombre": "Los Ángeles", "riesgo": "Con condiciones de riesgo", "descripcion": "Zona con condiciones de riesgo por inundaciones", "tipo_amenaza": "Inundaciones", "categoria_proteccion": "Áreas de Amenaza y Riesgo", "subcategoria_proteccion": "Zona con condiciones de riesgo", "fecha_adopcion": "2014-12-17T00:00:00", "fecha_actualizacion": "2026-04-30T00:00:00", "st_area(shape)": 1251.1510086993246, "st_perimeter(shape)": 220.36575196257655 }, "geometry": { "type": "Polygon", "coordinates": [ [ [ -75.561710074876487, 6.25433146025298 ], [ -75.561707543221516, 6.254333486928586 ], [ -75.561667385085613, 6.254375105799654 ], [ -75.561585633309463, 6.254495661716684 ], [ -75.561277273708953, 6.254930518317256 ], [ -75.561203170672968, 6.255041036720882 ], [ -75.561293397634614, 6.255113267098879 ], [ -75.561614661060233, 6.254656171827028 ], [ -75.561746132350649, 6.254464814961818 ], [ -75.561793940316235, 6.254428936854042 ], [ -75.561810562859833, 6.254419306705241 ], [ -75.561710074876487, 6.25433146025298 ] ] ] } },
{ "type": "Feature", "properties": { "objectid": 682, "codigo": "0103-15", "nombre": "Popular", "riesgo": "Con condiciones de riesgo", "descripcion": "Zona con condiciones de riesgo por inundaciones", "tipo_amenaza": "Inundaciones", "categoria_proteccion": "Áreas de Amenaza y Riesgo", "subcategoria_proteccion": "Zona con condiciones de riesgo", "fecha_adopcion": "2014-12-17T00:00:00", "fecha_actualizacion": "2026-04-30T00:00:00", "st_area(shape)": 91.661057329863993, "st_perimeter(shape)": 40.496632754104176 }, "geometry": { "type": "Polygon", "coordinates": [ [ [ -75.548672784999425, 6.30053539872453 ], [ -75.548660339957664, 6.300535398074212 ], [ -75.548590056784789, 6.300516739127133 ], [ -75.548563500088207, 6.3005086958198 ], [ -75.548547293485072, 6.300574226783224 ], [ -75.548556348347532, 6.300577015990639 ], [ -75.548638105315618, 6.300589216893536 ], [ -75.548648458164266, 6.30059024579187 ], [ -75.548690244318536, 6.300564517771996 ], [ -75.548672784999425, 6.30053539872453 ] ] ] } },
{ "type": "Feature", "properties": { "objectid": 589, "codigo": "0410-1", "nombre": "Campo Valdés No.1", "riesgo": "Con condiciones de riesgo", "descripcion": "Zona con condiciones de riesgo por inundaciones", "tipo_amenaza": "Inundaciones", "categoria_proteccion": "Áreas de Amenaza y Riesgo", "subcategoria_proteccion": "Zona con condiciones de riesgo", "fecha_adopcion": "2014-12-17T00:00:00", "fecha_actualizacion": "2026-04-30T00:00:00", "st_area(shape)": 5002.0545758831358, "st_perimeter(shape)": 1026.8894999087918 }, "geometry": { "type": "MultiPolygon", "coordinates": [ [ [ [ -75.558226033060919, 6.27222859963874 ], [ -75.55816608778683, 6.272258441096744 ], [ -75.558084938527742, 6.272298838403173 ], [ -75.558050284778616, 6.272316088799546 ], [ -75.557957550793731, 6.272350809784273 ], [ -75.557903724780587, 6.272381332862766 ], [ -75.557686576226757, 6.272504470251561 ], [ -75.557662876854835, 6.272497091912674 ], [ -75.557606117593267, 6.272475486282535 ], [ -75.55753535933178, 6.272479312605631 ], [ -75.557466514381218, 6.272509928886947 ], [ -75.557307788487321, 6.272582643145317 ], [ -75.55713184942401, 6.272649614498741 ], [ -75.55705344238757, 6.272674490291569 ], [ -75.55696929824262, 6.27269553810178 ], [ -75.556888979313541, 6.272720413265327 ], [ -75.556713041137115, 6.272747199990016 ], [ -75.556621247755075, 6.272745285701686 ], [ -75.556531366567185, 6.272733803014026 ], [ -75.556470171470252, 6.272733802484171 ], [ -75.556437660291905, 6.272760591451068 ], [ -75.556443397274606, 6.272793121894281 ], [ -75.556485468418103, 6.272840962201637 ], [ -75.556561963237499, 6.272854358219607 ], [ -75.556649931715896, 6.272854360026473 ], [ -75.55669009115708, 6.272856274138189 ], [ -75.5567704097393, 6.27285818837431 ], [ -75.55686794027956, 6.272846708407872 ], [ -75.556959734044696, 6.27282183417201 ], [ -75.557156709451533, 6.27275103433461 ], [ -75.557474162212117, 6.272628570842515 ], [ -75.557487548879024, 6.272628570565897 ], [ -75.557506672661333, 6.272620916195313 ], [ -75.557550657303409, 6.272620917478947 ], [ -75.557625505481866, 6.272622387275619 ], [ -75.557629063935536, 6.272622831892127 ], [ -75.557648187102558, 6.272622832527681 ], [ -75.557673048573619, 6.272622833165403 ], [ -75.557739980735747, 6.272597957281591 ], [ -75.557826776001832, 6.272567331954297 ], [ -75.557843270814686, 6.272555850705533 ], [ -75.55819251579463, 6.272369909443468 ], [ -75.558201913705176, 6.27236479064103 ], [ -75.558226033060919, 6.27222859963874 ] ] ], [ [ [ -75.5571720553516, 6.274354278505565 ], [ -75.557121856443715, 6.274384177236625 ], [ -75.557027431696781, 6.274448758945249 ], [ -75.556808573786853, 6.274717733299547 ], [ -75.556723063800902, 6.27482282575186 ], [ -75.55669754201962, 6.274854192459345 ], [ -75.556695157498496, 6.274856950759279 ], [ -75.556751330714192, 6.274958960846532 ], [ -75.556855313235545, 6.274825489793298 ], [ -75.556925833165423, 6.274710677333108 ], [ -75.557063287116705, 6.274555202475509 ], [ -75.557140977304741, 6.274484639597789 ], [ -75.557168183966709, 6.274467317074219 ], [ -75.55719108784885, 6.274342160122774 ], [ -75.5571720553516, 6.274354278505565 ] ] ], [ [ [ -75.556510703124928, 6.275151866602225 ], [ -75.556256115178115, 6.275363551740871 ], [ -75.55618679068651, 6.275403016993642 ], [ -75.556071329310953, 6.275438831643532 ], [ -75.556058173814847, 6.275445492193853 ], [ -75.55604216149662, 6.275548898178693 ], [ -75.556103500820072, 6.275523931197559 ], [ -75.556157287110409, 6.275502405030005 ], [ -75.556196729308169, 6.275495229162677 ], [ -75.556239757955623, 6.275478486675038 ], [ -75.556289958917915, 6.275446196613022 ], [ -75.556360477614106, 6.275400750319144 ], [ -75.556442950755027, 6.275333775981465 ], [ -75.556512485135372, 6.275261955563706 ], [ -75.556531563936574, 6.275136685248331 ], [ -75.556510703124928, 6.275151866602225 ] ] ], [ [ [ -75.55755436078708, 6.27043029588088 ], [ -75.557496682333067, 6.270445081917795 ], [ -75.557482772839691, 6.270552064083764 ], [ -75.557520414615155, 6.270540585411878 ], [ -75.557721124132584, 6.27048809720827 ], [ -75.557691122763728, 6.270386023514781 ], [ -75.55755436078708, 6.27043029588088 ] ] ], [ [ [ -75.554492353565081, 6.270754478416115 ], [ -75.554619012120426, 6.270761793373025 ], [ -75.554678008112418, 6.270745143254455 ], [ -75.554692721031429, 6.27060579832667 ], [ -75.554664910294917, 6.270636554045582 ], [ -75.554512260841463, 6.27063812566199 ], [ -75.554492353565081, 6.270754478416115 ] ] ], [ [ [ -75.558558320799747, 6.270285577650915 ], [ -75.558402969131478, 6.270298749580193 ], [ -75.55839466731382, 6.270299069487102 ], [ -75.558377492755611, 6.270414775825429 ], [ -75.558538715690744, 6.270399038315818 ], [ -75.558558320799747, 6.270285577650915 ] ] ], [ [ [ -75.553490068199025, 6.276438170437353 ], [ -75.553481203037819, 6.276483672835585 ], [ -75.553472790085337, 6.276526854910736 ], [ -75.55362650918272, 6.276507632335825 ], [ -75.553631449311041, 6.276428557187112 ], [ -75.553607861086974, 6.276429384703269 ], [ -75.553542123246771, 6.276431775817455 ], [ -75.553490068199025, 6.276438170437353 ] ] ] ] } },
{ "type": "Feature", "properties": { "objectid": 590, "codigo": "0307-1", "nombre": "Manrique Central No.2", "riesgo": "Con condiciones de riesgo", "descripcion": "Zona con condiciones de riesgo por inundaciones", "tipo_amenaza": "Inundaciones", "categoria_proteccion": "Áreas de Amenaza y Riesgo", "subcategoria_proteccion": "Zona con condiciones de riesgo", "fecha_adopcion": "2014-12-17T00:00:00", "fecha_actualizacion": "2026-04-30T00:00:00", "st_area(shape)": 441.92516063990359, "st_perimeter(shape)": 108.93213707701865 }, "geometry": { "type": "Polygon", "coordinates": [ [ [ -75.555620983066788, 6.261166544897935 ], [ -75.555879307016582, 6.26148257976102 ], [ -75.555947546192925, 6.261409745674875 ], [ -75.555750080041562, 6.261189750856763 ], [ -75.555721395833444, 6.261161047057463 ], [ -75.555688886028591, 6.261131385461385 ], [ -75.555669606917917, 6.261114849341345 ], [ -75.555620983066788, 6.261166544897935 ] ] ] } },
{ "type": "Feature", "properties": { "objectid": 591, "codigo": "1610-1", "nombre": "El Rincón", "riesgo": "Con condiciones de riesgo", "descripcion": "Zona con condiciones de riesgo por inundaciones", "tipo_amenaza": "Inundaciones", "categoria_proteccion": "Áreas de Amenaza y Riesgo", "subcategoria_proteccion": "Zona con condiciones de riesgo", "fecha_adopcion": "2014-12-17T00:00:00", "fecha_actualizacion": "2026-04-30T00:00:00", "st_area(shape)": 616.12786067285788, "st_perimeter(shape)": 141.41457621745113 }, "geometry": { "type": "Polygon", "coordinates": [ [ [ -75.601495275837749, 6.209604535965036 ], [ -75.601632092936427, 6.209611483434169 ], [ -75.601717603652631, 6.209602198422359 ], [ -75.601876311425599, 6.209600274096368 ], [ -75.601968092575405, 6.209598353493179 ], [ -75.601983389813967, 6.209594524543377 ], [ -75.601996774585317, 6.209590696864669 ], [ -75.602019719914594, 6.209586869165467 ], [ -75.602042664677469, 6.209575385804834 ], [ -75.60205413568039, 6.209560075908059 ], [ -75.602048397471293, 6.209527545869831 ], [ -75.602035010855374, 6.209512238015854 ], [ -75.601985295956538, 6.20950458643184 ], [ -75.601889688974126, 6.209506506865368 ], [ -75.601820851715871, 6.209506511873887 ], [ -75.601761576639362, 6.209510342874881 ], [ -75.601698476078909, 6.209516088520965 ], [ -75.601644937682352, 6.209516091485847 ], [ -75.6015952215255, 6.209516095535113 ], [ -75.601558890866031, 6.209516097933009 ], [ -75.601512999461349, 6.209510360398252 ], [ -75.601495268351414, 6.209497053805453 ], [ -75.601495275837749, 6.209604535965036 ] ] ] } },
{ "type": "Feature", "properties": { "objectid": 592, "codigo": "0414-1", "nombre": "Brasilia", "riesgo": "Con condiciones de riesgo", "descripcion": "Zona con condiciones de riesgo por inundaciones", "tipo_amenaza": "Inundaciones", "categoria_proteccion": "Áreas de Amenaza y Riesgo", "subcategoria_proteccion": "Zona con condiciones de riesgo", "fecha_adopcion": "2014-12-17T00:00:00", "fecha_actualizacion": "2026-04-30T00:00:00", "st_area(shape)": 4645.0331883925719, "st_perimeter(shape)": 987.38477976952379 }, "geometry": { "type": "MultiPolygon", "coordinates": [ [ [ [ -75.558226033060919, 6.27222859963874 ], [ -75.558201913705176, 6.27236479064103 ], [ -75.558407658311239, 6.272252706271241 ], [ -75.558454272806785, 6.272218024271972 ], [ -75.558488933784858, 6.27217855650315 ], [ -75.558530767709286, 6.272143874347837 ], [ -75.55862280003403, 6.272099623904385 ], [ -75.558693318931745, 6.272098428649296 ], [ -75.558738737040755, 6.272094840809724 ], [ -75.558809255633349, 6.272103213613649 ], [ -75.558870211710513, 6.27208407892186 ], [ -75.559129577568214, 6.271916643891538 ], [ -75.559587351347588, 6.271602105424152 ], [ -75.559627989551572, 6.271574598566467 ], [ -75.559632784069152, 6.271574128513029 ], [ -75.559642837812319, 6.271487903495048 ], [ -75.559611257484264, 6.271489684286724 ], [ -75.558931170551389, 6.271932190038106 ], [ -75.558822404280804, 6.271984811040012 ], [ -75.558800889758146, 6.272006339661719 ], [ -75.558744713561694, 6.272018298669288 ], [ -75.558662244226866, 6.272018297418001 ], [ -75.558589334947911, 6.272023080955277 ], [ -75.558533158581909, 6.272039823528953 ], [ -75.5584722030802, 6.272068526256794 ], [ -75.558420807293146, 6.272098425419134 ], [ -75.558380169711199, 6.272130716711176 ], [ -75.558333555702959, 6.272164202577835 ], [ -75.55829052647438, 6.27219649379609 ], [ -75.558226033060919, 6.27222859963874 ] ] ], [ [ [ -75.560203682182191, 6.270842601554909 ], [ -75.560320215788536, 6.270821673556869 ], [ -75.560365037186415, 6.270809712983513 ], [ -75.560564141413025, 6.270827556804479 ], [ -75.560581782293923, 6.270729009877189 ], [ -75.560351173692084, 6.270699423909942 ], [ -75.56023762777204, 6.270753241927006 ], [ -75.560088225439344, 6.270726331089151 ], [ -75.559962727603434, 6.270639621196729 ], [ -75.559882050259446, 6.270579821508732 ], [ -75.559819302667108, 6.270505072634805 ], [ -75.559711733380965, 6.270415372887006 ], [ -75.559622092005966, 6.270370521886965 ], [ -75.559490618216174, 6.270340621073283 ], [ -75.559395108147029, 6.270321071847594 ], [ -75.559373351819573, 6.270443765684595 ], [ -75.559459661109315, 6.270465859686574 ], [ -75.559561254746228, 6.270459880894166 ], [ -75.559674799866144, 6.270507721589389 ], [ -75.559725596115427, 6.270552571604951 ], [ -75.559767428465364, 6.270636290983891 ], [ -75.55991085425363, 6.270728979826369 ], [ -75.560018422828136, 6.270800740392692 ], [ -75.560203682182191, 6.270842601554909 ] ] ], [ [ [ -75.559145488745656, 6.272901432765518 ], [ -75.559108848502959, 6.272963367141639 ], [ -75.559017053058128, 6.273129846109697 ], [ -75.558974981256014, 6.273175771041118 ], [ -75.558930996072846, 6.273217869233126 ], [ -75.558887011170341, 6.273244660135137 ], [ -75.558810516700291, 6.273261880888489 ], [ -75.558745495528569, 6.273286755721998 ], [ -75.558719042114618, 6.273296770391531 ], [ -75.558686531375812, 6.273313991390403 ], [ -75.558668363839644, 6.273323558727671 ], [ -75.558654499286305, 6.27333838859084 ], [ -75.558637287543533, 6.273358481291897 ], [ -75.558627263564262, 6.27337991039006 ], [ -75.558621191528232, 6.27339965482934 ], [ -75.558612745719927, 6.273452129286018 ], [ -75.558609876926454, 6.273475809888445 ], [ -75.558597685853428, 6.273491596248442 ], [ -75.558587954540144, 6.273509121828449 ], [ -75.558588817394707, 6.273509303856708 ], [ -75.558667589869373, 6.27352599647216 ], [ -75.55868432941233, 6.273504678310159 ], [ -75.558695086680999, 6.273476692722743 ], [ -75.558697955918348, 6.273450141606832 ], [ -75.558708713860341, 6.273417850700051 ], [ -75.558740267973207, 6.273387712094088 ], [ -75.558766084698036, 6.273374795664953 ], [ -75.558825736270038, 6.273348081908583 ], [ -75.558847251523588, 6.273339471017787 ], [ -75.558942468882933, 6.273296326868286 ], [ -75.559013227091242, 6.273246573935522 ], [ -75.559055299833062, 6.273223612184426 ], [ -75.559112769814277, 6.273135534368826 ], [ -75.559154745988778, 6.272888783496268 ], [ -75.559145488745656, 6.272901432765518 ] ] ], [ [ [ -75.558558320799747, 6.270285577650915 ], [ -75.558538715690744, 6.270399038315818 ], [ -75.558620019368107, 6.270391101972175 ], [ -75.558742529626016, 6.270385123350986 ], [ -75.558751116397048, 6.27038746732855 ], [ -75.558773195402125, 6.270270692824294 ], [ -75.558755558702416, 6.270268854136289 ], [ -75.558558320799747, 6.270285577650915 ] ] ] ] } },
{ "type": "Feature", "properties": { "objectid": 593, "codigo": "1107-1", "nombre": "Bolivariana", "riesgo": "Con condiciones de riesgo", "descripcion": "Zona con condiciones de riesgo por inundaciones", "tipo_amenaza": "Inundaciones", "categoria_proteccion": "Áreas de Amenaza y Riesgo", "subcategoria_proteccion": "Zona con condiciones de riesgo", "fecha_adopcion": "2014-12-17T00:00:00", "fecha_actualizacion": "2026-04-30T00:00:00", "st_area(shape)": 1917.0755537843625, "st_perimeter(shape)": 342.47467210016032 }, "geometry": { "type": "MultiPolygon", "coordinates": [ [ [ [ -75.592426432206281, 6.248245532887942 ], [ -75.592405011977675, 6.248251207621164 ], [ -75.592358400745368, 6.248260778377408 ], [ -75.592336888565626, 6.248270347415472 ], [ -75.592280715591059, 6.248283505675984 ], [ -75.592232909975351, 6.248293076888165 ], [ -75.592186299293502, 6.248311018466238 ], [ -75.592154030059248, 6.248321784195874 ], [ -75.592106224126155, 6.248342118422503 ], [ -75.592076346046753, 6.248363648038092 ], [ -75.592042881649164, 6.248383980257831 ], [ -75.591996271956205, 6.248409099278159 ], [ -75.591955637347255, 6.248437805139645 ], [ -75.591926955097051, 6.248467706022601 ], [ -75.591866002645048, 6.248505979539982 ], [ -75.591815808584784, 6.248541862071346 ], [ -75.591779954172281, 6.248570567865335 ], [ -75.59172019748226, 6.248612430989828 ], [ -75.59170585607859, 6.248624391199336 ], [ -75.591681954926656, 6.248654292012946 ], [ -75.59164490518198, 6.248680605183019 ], [ -75.591612636997596, 6.248705723096057 ], [ -75.591593571202111, 6.248724803593533 ], [ -75.591795757849113, 6.248750271786679 ], [ -75.591815039002981, 6.248737866823674 ], [ -75.59183431146927, 6.248721862776789 ], [ -75.591828739075225, 6.248710152633151 ], [ -75.591828738393176, 6.248700105640395 ], [ -75.591829454731055, 6.248685037490827 ], [ -75.591835907301416, 6.248668531604745 ], [ -75.591847380177313, 6.24865417978945 ], [ -75.591862437888594, 6.248632650921918 ], [ -75.591881799453532, 6.248613275136984 ], [ -75.591905462315552, 6.248594615870275 ], [ -75.591930560456348, 6.248578827200005 ], [ -75.591959243782426, 6.248560887233035 ], [ -75.591992229382271, 6.248542945037925 ], [ -75.592010873528338, 6.248532180494832 ], [ -75.592035254233139, 6.248517109579366 ], [ -75.592095489202961, 6.248490555502561 ], [ -75.592149271101988, 6.24847691903215 ], [ -75.592190862607083, 6.248471176483801 ], [ -75.592218829822144, 6.248466151144632 ], [ -75.592260420661233, 6.248458255990569 ], [ -75.592294125363892, 6.248456819562509 ], [ -75.592327111808473, 6.248455382153884 ], [ -75.5923730058704, 6.248463272629302 ], [ -75.59239810610228, 6.248469011781924 ], [ -75.592398670436438, 6.248469128336967 ], [ -75.592408700886267, 6.248387533969975 ], [ -75.592426432206281, 6.248245532887942 ] ] ], [ [ [ -75.591350586261001, 6.248914665906573 ], [ -75.591343847539449, 6.249151259728484 ], [ -75.591361781509463, 6.249133319425828 ], [ -75.591383293831441, 6.249112388879315 ], [ -75.591401220399746, 6.249098634485891 ], [ -75.59150867276874, 6.249010703176712 ], [ -75.59152899003152, 6.248990370690181 ], [ -75.591591691502472, 6.248913894956915 ], [ -75.591612589725443, 6.248900727121061 ], [ -75.59162395976297, 6.248893561410039 ], [ -75.591629319112712, 6.248892094794086 ], [ -75.591642274482595, 6.248888549324133 ], [ -75.591642826930098, 6.248888453480587 ], [ -75.591410318877934, 6.248857254613956 ], [ -75.591350586261001, 6.248914665906573 ] ] ] ] } },
{ "type": "Feature", "properties": { "objectid": 594, "codigo": "1209-1", "nombre": "Santa Mónica", "riesgo": "Con condiciones de riesgo", "descripcion": "Zona con condiciones de riesgo por inundaciones", "tipo_amenaza": "Inundaciones", "categoria_proteccion": "Áreas de Amenaza y Riesgo", "subcategoria_proteccion": "Zona con condiciones de riesgo", "fecha_adopcion": "2014-12-17T00:00:00", "fecha_actualizacion": "2026-04-30T00:00:00", "st_area(shape)": 1517.731140476968, "st_perimeter(shape)": 215.94954205095308 }, "geometry": { "type": "Polygon", "coordinates": [ [ [ -75.6102360603401, 6.250611832249259 ], [ -75.610263549814235, 6.250614222563935 ], [ -75.610288648114292, 6.250613023871753 ], [ -75.610322112536025, 6.250605844833482 ], [ -75.610334064189573, 6.250603452081195 ], [ -75.610361551759837, 6.250595077723823 ], [ -75.610396211325948, 6.250585506923331 ], [ -75.610426089580344, 6.250571152969561 ], [ -75.610442821541668, 6.250562778696092 ], [ -75.610460747873205, 6.250554405721891 ], [ -75.610488237003935, 6.250541247955923 ], [ -75.610528871484576, 6.250530481228127 ], [ -75.610562336009608, 6.25052569342335 ], [ -75.61057855378597, 6.250523305692256 ], [ -75.610443543078418, 6.250380041419366 ], [ -75.610435467232719, 6.250383525109044 ], [ -75.610391726095187, 6.250402186164557 ], [ -75.610351042950285, 6.250413523584207 ], [ -75.610308544150712, 6.250428743929273 ], [ -75.610253327625671, 6.250443818601321 ], [ -75.610203850037607, 6.250456021486547 ], [ -75.610165126567651, 6.250463918242674 ], [ -75.610104794923132, 6.250468659553596 ], [ -75.610082565476745, 6.250468661471372 ], [ -75.610055314695344, 6.25046794609117 ], [ -75.610032367221493, 6.250465077556369 ], [ -75.610011570949837, 6.250461132446208 ], [ -75.609992208516474, 6.250456470524493 ], [ -75.609969619109265, 6.25044965487678 ], [ -75.609948822703558, 6.250447504329691 ], [ -75.609925157833771, 6.250445353562309 ], [ -75.609896114711134, 6.250443203285604 ], [ -75.609876753042286, 6.250440335016513 ], [ -75.60985452296309, 6.250436748700368 ], [ -75.609826000691044, 6.250432141301173 ], [ -75.609800902152031, 6.250428555666528 ], [ -75.609779389140471, 6.25042855762916 ], [ -75.609736363230041, 6.250430952798613 ], [ -75.609712783820981, 6.250436197738544 ], [ -75.609702097296932, 6.25048255602557 ], [ -75.60973707162735, 6.250571974114054 ], [ -75.609765015213313, 6.2505701076798 ], [ -75.609789875296798, 6.250569148867618 ], [ -75.609851068430302, 6.250578711013124 ], [ -75.609864699761573, 6.250582178203465 ], [ -75.609876310897874, 6.250584355383428 ], [ -75.60991694742107, 6.250586744613635 ], [ -75.609956388119357, 6.250596308096179 ], [ -75.609991049676452, 6.250608264860365 ], [ -75.610028100783495, 6.25060945773136 ], [ -75.610065150866035, 6.250608258453902 ], [ -75.610105786241874, 6.250605863372476 ], [ -75.610169129507284, 6.25060466277639 ], [ -75.610183471931236, 6.25060705239857 ], [ -75.610209766015032, 6.250607050174636 ], [ -75.6102360603401, 6.250611832249259 ] ] ] } },
{ "type": "Feature", "properties": { "objectid": 595, "codigo": "0306-1", "nombre": "El Pomar", "riesgo": "Con condiciones de riesgo", "descripcion": "Zona con condiciones de riesgo por inundaciones", "tipo_amenaza": "Inundaciones", "categoria_proteccion": "Áreas de Amenaza y Riesgo", "subcategoria_proteccion": "Zona con condiciones de riesgo", "fecha_adopcion": "2014-12-17T00:00:00", "fecha_actualizacion": "2026-04-30T00:00:00", "st_area(shape)": 35.803896001322556, "st_perimeter(shape)": 28.366235051552501 }, "geometry": { "type": "Polygon", "coordinates": [ [ [ -75.55184022121405, 6.269332665445499 ], [ -75.551873387350895, 6.269334235281574 ], [ -75.551924770128949, 6.269350057281715 ], [ -75.55193299782745, 6.269351025286008 ], [ -75.551947945830506, 6.269317789077015 ], [ -75.551925762710852, 6.269313753608722 ], [ -75.551899467102643, 6.269310164000371 ], [ -75.551866001630628, 6.269305380632074 ], [ -75.551856809392191, 6.26930468584241 ], [ -75.55184022121405, 6.269332665445499 ] ] ] } },
{ "type": "Feature", "properties": { "objectid": 601, "codigo": "1207-1", "nombre": "El Danubio", "riesgo": "Con condiciones de riesgo", "descripcion": "Zona con condiciones de riesgo por inundaciones", "tipo_amenaza": "Inundaciones", "categoria_proteccion": "Áreas de Amenaza y Riesgo", "subcategoria_proteccion": "Zona con condiciones de riesgo", "fecha_adopcion": "2014-12-17T00:00:00", "fecha_actualizacion": "2026-04-30T00:00:00", "st_area(shape)": 2663.565109312668, "st_perimeter(shape)": 494.12633275625251 }, "geometry": { "type": "Polygon", "coordinates": [ [ [ -75.607101381243453, 6.251899714489179 ], [ -75.607178394528987, 6.251966414872179 ], [ -75.607231104816506, 6.251943600502304 ], [ -75.607281299689717, 6.251917285414921 ], [ -75.607357788433148, 6.251883791751247 ], [ -75.607416349981477, 6.251852691507646 ], [ -75.607478496218349, 6.251816807240678 ], [ -75.607538252401042, 6.251782118251934 ], [ -75.607602789452855, 6.251742646535802 ], [ -75.607654179548334, 6.251716330920715 ], [ -75.60768646109652, 6.251697401420508 ], [ -75.607702376872751, 6.251683645739512 ], [ -75.607727473600121, 6.251665702972565 ], [ -75.607751375958557, 6.251647760708486 ], [ -75.607771692499668, 6.251629819063568 ], [ -75.607795594574952, 6.251615465936751 ], [ -75.607832644243231, 6.251602306917378 ], [ -75.607882840715646, 6.251592735065803 ], [ -75.607912719871607, 6.251584360682645 ], [ -75.607962915160186, 6.251559240728977 ], [ -75.607995183794301, 6.251537711192769 ], [ -75.608027451912847, 6.251514984676834 ], [ -75.608066889910546, 6.251483885289622 ], [ -75.608090791459091, 6.251468336080667 ], [ -75.608113498414127, 6.25144800306745 ], [ -75.608142180816017, 6.25142766841991 ], [ -75.60816130279234, 6.251415706755555 ], [ -75.60818640011172, 6.251401353110748 ], [ -75.608221058867557, 6.2513810186303 ], [ -75.608252132820027, 6.251363076015868 ], [ -75.608287985091167, 6.251334369397683 ], [ -75.608308875535698, 6.251319392938514 ], [ -75.60835381204511, 6.251290686428457 ], [ -75.608406398096861, 6.251273459722133 ], [ -75.608439862295029, 6.251259105220056 ], [ -75.608467589775557, 6.25124953457201 ], [ -75.608510614779988, 6.251233265713133 ], [ -75.608545034829405, 6.251218911885896 ], [ -75.608567980995744, 6.251208384964327 ], [ -75.60862152242467, 6.251181590310185 ], [ -75.608661678264227, 6.251154797012206 ], [ -75.608701833874136, 6.251127047214236 ], [ -75.608735297364404, 6.251105994493813 ], [ -75.608764935403471, 6.251083986183146 ], [ -75.608793617585761, 6.251061978096937 ], [ -75.608827080611249, 6.251035184570219 ], [ -75.608864367962056, 6.251012218847993 ], [ -75.608909305763362, 6.250993080014749 ], [ -75.608944681174194, 6.250980638044264 ], [ -75.608993443742662, 6.250967239103246 ], [ -75.609020487322027, 6.250962598075382 ], [ -75.608978647949101, 6.250878880656438 ], [ -75.608936068708346, 6.250889744637401 ], [ -75.608887306591484, 6.250901229665271 ], [ -75.608846194704128, 6.250919412889453 ], [ -75.608796563422757, 6.250945469408236 ], [ -75.608751540743214, 6.250976827981956 ], [ -75.608696087181173, 6.251009362992623 ], [ -75.608631738812804, 6.251045485183726 ], [ -75.608558410222784, 6.25109548413092 ], [ -75.608483835472597, 6.251141417354558 ], [ -75.608451327586209, 6.251157684628892 ], [ -75.60839461010778, 6.251169091587705 ], [ -75.608394916919096, 6.251168836022678 ], [ -75.60839155857218, 6.251169706129915 ], [ -75.608372436779192, 6.251175687411083 ], [ -75.608349733680598, 6.251183671793943 ], [ -75.608328216551882, 6.251191238035839 ], [ -75.608303118461137, 6.251207984743815 ], [ -75.608285192950078, 6.251216357663203 ], [ -75.608257704482824, 6.251227124097015 ], [ -75.608226631040509, 6.251246261879007 ], [ -75.608196754223982, 6.251274968666121 ], [ -75.608161823228528, 6.251305266379293 ], [ -75.608160901152829, 6.251306066532762 ], [ -75.608125047127459, 6.251326401516597 ], [ -75.608092779589626, 6.251341951565816 ], [ -75.608061706644605, 6.251362286322083 ], [ -75.608028242420701, 6.251376640807 ], [ -75.607992388158394, 6.251392191477616 ], [ -75.60795533923428, 6.251411329075682 ], [ -75.607893192982544, 6.251444822115896 ], [ -75.607869290810342, 6.251456783992611 ], [ -75.607841802422143, 6.251469941663683 ], [ -75.607820290506922, 6.251485491661271 ], [ -75.607791607855617, 6.251501041084639 ], [ -75.607762924699244, 6.251515395336142 ], [ -75.607735436810955, 6.251529749079055 ], [ -75.607698387252881, 6.251545300245139 ], [ -75.607678070381468, 6.251556066326908 ], [ -75.607655363287847, 6.251574007175413 ], [ -75.607639827325556, 6.25159075251947 ], [ -75.607612339982424, 6.251617067033004 ], [ -75.607561244227426, 6.251657016285539 ], [ -75.607390658037019, 6.251758374056321 ], [ -75.607317040027183, 6.251801434751488 ], [ -75.607208999385932, 6.251852153721137 ], [ -75.607101381243453, 6.251899714489179 ] ] ] } },
{ "type": "Feature", "properties": { "objectid": 602, "codigo": "0111-5", "nombre": "La Avanzada", "riesgo": "Alto riesgo no mitigable", "descripcion": "Zona de alto riesgo no mitigable por inundaciones", "tipo_amenaza": "Inundaciones", "categoria_proteccion": "Áreas de Amenaza y Riesgo", "subcategoria_proteccion": "Zona de riesgo no mitigable", "fecha_adopcion": "2014-12-17T00:00:00", "fecha_actualizacion": "2026-04-30T00:00:00", "st_area(shape)": 1487.2492165799044, "st_perimeter(shape)": 727.15198033668742 }, "geometry": { "type": "Polygon", "coordinates": [ [ [ -75.539059763044193, 6.294899806416913 ], [ -75.539059002418625, 6.294895754273884 ], [ -75.539055179820011, 6.294875391488779 ], [ -75.539046687088145, 6.294872046004969 ], [ -75.539043253963129, 6.294868610809981 ], [ -75.539036735116852, 6.294865547750955 ], [ -75.539001874071047, 6.294849171205867 ], [ -75.538969258651974, 6.294831540579759 ], [ -75.538926973417688, 6.29483795753435 ], [ -75.538918754012812, 6.294782448912248 ], [ -75.538882976472891, 6.294761925134037 ], [ -75.538822169832017, 6.294763910715893 ], [ -75.538794883834527, 6.29475206668243 ], [ -75.538786300871422, 6.29474130791719 ], [ -75.538786658816946, 6.294672710329086 ], [ -75.538786603663596, 6.294672327587227 ], [ -75.538786483518706, 6.294671960029842 ], [ -75.538786301961323, 6.294671618606148 ], [ -75.538786064399858, 6.294671313486865 ], [ -75.538785777911087, 6.294671053761233 ], [ -75.538732907801588, 6.29465433624289 ], [ -75.538688906909968, 6.294642761560918 ], [ -75.538647617430684, 6.294623142462261 ], [ -75.538606418769206, 6.294603431602056 ], [ -75.538569918339277, 6.2945767606367 ], [ -75.538533236293148, 6.294550089646512 ], [ -75.538496645948783, 6.294523508617374 ], [ -75.538460054264917, 6.294496837179519 ], [ -75.538427167877515, 6.29446899135782 ], [ -75.538385608070897, 6.294444127886829 ], [ -75.538342420231444, 6.294430655096827 ], [ -75.538297606838512, 6.294420527284792 ], [ -75.538251618214062, 6.294414558673658 ], [ -75.538216743246934, 6.294398284286348 ], [ -75.538166417829828, 6.294392767113899 ], [ -75.538120429428105, 6.29438517018279 ], [ -75.538074169428171, 6.294394208421148 ], [ -75.53804281722698, 6.294396105815506 ], [ -75.537997732427272, 6.294388328177145 ], [ -75.537945418845155, 6.294394472846852 ], [ -75.537922232952994, 6.294384228983986 ], [ -75.537897533932195, 6.294373316201313 ], [ -75.537854706707165, 6.294388140321677 ], [ -75.537810524449611, 6.294390940910769 ], [ -75.537772489145937, 6.294343114774764 ], [ -75.537701022948823, 6.294316441046202 ], [ -75.537667014519215, 6.294336076453306 ], [ -75.537644189957149, 6.294349255464648 ], [ -75.537591694701391, 6.294362090509637 ], [ -75.537533418122194, 6.294370042518987 ], [ -75.537496374544588, 6.29435394858962 ], [ -75.537469722879507, 6.29431344644189 ], [ -75.537429092380364, 6.294299643786223 ], [ -75.537426743718669, 6.294298846023496 ], [ -75.537415423078542, 6.294295000717027 ], [ -75.537389623328721, 6.294272514286476 ], [ -75.537388365154641, 6.294272121522157 ], [ -75.537387066230465, 6.294271897777167 ], [ -75.537385749157238, 6.294271846944625 ], [ -75.537384436851781, 6.294271969909002 ], [ -75.537340649392547, 6.294292251360402 ], [ -75.537341686577562, 6.294292598018106 ], [ -75.537356669846943, 6.294291133750495 ], [ -75.537362856430846, 6.29429052956397 ], [ -75.537377998252325, 6.294294363528504 ], [ -75.537381667840705, 6.294297186410796 ], [ -75.537390655884437, 6.294304100766307 ], [ -75.537392538577592, 6.294305886277106 ], [ -75.537397413252322, 6.294310510621701 ], [ -75.537401993996326, 6.294314521598619 ], [ -75.537409798879395, 6.294321358527091 ], [ -75.537414885595851, 6.294328898507479 ], [ -75.537421051036773, 6.294340315502599 ], [ -75.537423937721016, 6.29434566014372 ], [ -75.537429033049705, 6.294354601456285 ], [ -75.537432970812731, 6.294363898287783 ], [ -75.537440537041078, 6.294366060305816 ], [ -75.537459145896804, 6.294383291728362 ], [ -75.537459842981448, 6.294383937492158 ], [ -75.537465892532836, 6.294389537989921 ], [ -75.537470318287532, 6.294393636514043 ], [ -75.537474417281942, 6.294397431940807 ], [ -75.537479244541416, 6.294398618174859 ], [ -75.537514532563932, 6.294407288835281 ], [ -75.537523259674956, 6.294406242841644 ], [ -75.537523514337821, 6.294406212671941 ], [ -75.537573352067838, 6.294400240107288 ], [ -75.537593800587146, 6.294410395132213 ], [ -75.537609400551148, 6.294418141667034 ], [ -75.537625660432383, 6.294430416403809 ], [ -75.537650599388243, 6.29444924353744 ], [ -75.537661121826673, 6.29446325132372 ], [ -75.537727982562743, 6.294552266094115 ], [ -75.537730052492179, 6.29455502170906 ], [ -75.537731974194401, 6.294556741253968 ], [ -75.537734156932046, 6.294558114363737 ], [ -75.537736538944102, 6.294559102185929 ], [ -75.537739052831, 6.294559676769897 ], [ -75.53774162746177, 6.294559821857666 ], [ -75.537744189986682, 6.294559533343943 ], [ -75.537746667898531, 6.294558819392288 ], [ -75.537748991084257, 6.294557700204117 ], [ -75.537751093808822, 6.294556207447105 ], [ -75.537752916575172, 6.294554383359134 ], [ -75.537754407807739, 6.294552279553171 ], [ -75.537780314142026, 6.294504797093361 ], [ -75.537810521179594, 6.294449432466891 ], [ -75.537856601215012, 6.294431986879915 ], [ -75.537902048466705, 6.294419694189849 ], [ -75.537946411751278, 6.294417888139392 ], [ -75.537985352204942, 6.294422500527109 ], [ -75.538022848032824, 6.294422502636047 ], [ -75.538077962237423, 6.294435794501197 ], [ -75.538120427921484, 6.29441202050859 ], [ -75.53816442964839, 6.294414282894008 ], [ -75.538204996761607, 6.294423777695738 ], [ -75.538249900486946, 6.29444375899288 ], [ -75.538293630303016, 6.294442314925571 ], [ -75.538336636816553, 6.294450453437488 ], [ -75.538378740474172, 6.294466367177468 ], [ -75.538412349594054, 6.294485444124327 ], [ -75.53845065773605, 6.294511301655098 ], [ -75.538486796725508, 6.294537972582823 ], [ -75.538522845337326, 6.294564824768469 ], [ -75.538558804056606, 6.29459158607207 ], [ -75.538594581603292, 6.294618438664081 ], [ -75.538630699230339, 6.294645545461584 ], [ -75.538670022568311, 6.294668707392936 ], [ -75.538706884955118, 6.294694926338403 ], [ -75.538742662146007, 6.294721145133827 ], [ -75.538768330697764, 6.294752508670496 ], [ -75.538768410694033, 6.294752607733634 ], [ -75.538776632574042, 6.294767343634174 ], [ -75.538803646639607, 6.2947886812582 ], [ -75.538839785787161, 6.294814448034128 ], [ -75.538872401093698, 6.29484916456982 ], [ -75.538900132284638, 6.294853513154934 ], [ -75.538926611063943, 6.294857665310131 ], [ -75.538929308340585, 6.294857498489532 ], [ -75.538964559012214, 6.294855317161971 ], [ -75.538987144907665, 6.294884518576251 ], [ -75.539026989888399, 6.294888951070411 ], [ -75.539037831989077, 6.294895098719333 ], [ -75.539032569899788, 6.294915812195788 ], [ -75.539032429808742, 6.294916362577038 ], [ -75.539026716436737, 6.294938853923831 ], [ -75.539031775881426, 6.294943193455062 ], [ -75.539075414215844, 6.294963084970723 ], [ -75.539111734291382, 6.294990750375116 ], [ -75.53911995500421, 6.295027184037693 ], [ -75.539132150040999, 6.295067414617066 ], [ -75.53915437499829, 6.295103035154478 ], [ -75.539177774114521, 6.295142271846592 ], [ -75.539204814519948, 6.295187615268881 ], [ -75.539243455470185, 6.295220023179337 ], [ -75.539283480341638, 6.295240456631388 ], [ -75.539323505165783, 6.295261251723787 ], [ -75.539339444153754, 6.295269586017087 ], [ -75.5393636203233, 6.29528222719451 ], [ -75.539403735611174, 6.295302299453206 ], [ -75.539445206325283, 6.295305465467727 ], [ -75.539490201941987, 6.295288562047052 ], [ -75.539533479113388, 6.295313334750304 ], [ -75.539572330510154, 6.295308726392435 ], [ -75.539596361289398, 6.295364326192181 ], [ -75.539637742210445, 6.295366678926037 ], [ -75.539663233279327, 6.295372294168644 ], [ -75.539680839405335, 6.295376173013112 ], [ -75.539724569020308, 6.295396244827805 ], [ -75.539748696391271, 6.295442155690237 ], [ -75.539749322941333, 6.295443346971402 ], [ -75.539750765188984, 6.29544356055532 ], [ -75.539779951871694, 6.295447868542322 ], [ -75.539815278055372, 6.295472370701833 ], [ -75.539851959409191, 6.29549831826387 ], [ -75.539890538110683, 6.295525531383398 ], [ -75.539928394323525, 6.295550032970422 ], [ -75.539947870037977, 6.295573443247972 ], [ -75.53995453677345, 6.295563989965424 ], [ -75.539959193294877, 6.295557747923207 ], [ -75.539944694528756, 6.295536946192477 ], [ -75.539940773652489, 6.295531320008949 ], [ -75.539906983531523, 6.295503655039155 ], [ -75.539868856075287, 6.295480418715836 ], [ -75.53983271647347, 6.295457363480898 ], [ -75.539798383989734, 6.295434671036709 ], [ -75.539765587517394, 6.295409174698713 ], [ -75.539728273866444, 6.295381780913781 ], [ -75.539690598085045, 6.295362793501908 ], [ -75.5396484050422, 6.295345795415002 ], [ -75.53962617765454, 6.295340355959967 ], [ -75.53960702428401, 6.295335668230389 ], [ -75.539598121276811, 6.295320045121429 ], [ -75.539581005172764, 6.295290012478413 ], [ -75.539561951796472, 6.295293069778547 ], [ -75.539533118465428, 6.295297694480674 ], [ -75.539493094386614, 6.29526813043222 ], [ -75.539444304690363, 6.295261619563929 ], [ -75.539403737277652, 6.295263787024438 ], [ -75.539370783079463, 6.295245432990791 ], [ -75.539363803010758, 6.295241545825215 ], [ -75.539323868742017, 6.295219303717459 ], [ -75.539283934040824, 6.295196972100368 ], [ -75.539243995714827, 6.295174637784131 ], [ -75.53922403385323, 6.295151586046708 ], [ -75.539201808218749, 6.295120847719068 ], [ -75.539179041703278, 6.295090741282445 ], [ -75.539155280765954, 6.295060906394829 ], [ -75.53915582542156, 6.295009918197448 ], [ -75.539132606957864, 6.294971223993166 ], [ -75.539104418389059, 6.294935603534337 ], [ -75.539069937316469, 6.294908911949816 ], [ -75.539069815778419, 6.294908817609428 ], [ -75.539068912416923, 6.294908118605732 ], [ -75.539065317185575, 6.29490683960115 ], [ -75.539060780602313, 6.294905225230413 ], [ -75.539059763044193, 6.294899806416913 ] ] ] } },
{ "type": "Feature", "properties": { "objectid": 603, "codigo": "0204-1", "nombre": "La Frontera", "riesgo": "Alto riesgo no mitigable", "descripcion": "Zona de alto riesgo no mitigable por inundaciones", "tipo_amenaza": "Inundaciones", "categoria_proteccion": "Áreas de Amenaza y Riesgo", "subcategoria_proteccion": "Zona de riesgo no mitigable", "fecha_adopcion": "2014-12-17T00:00:00", "fecha_actualizacion": "2026-04-30T00:00:00", "st_area(shape)": 8888.3451931982381, "st_perimeter(shape)": 623.18101350287532 }, "geometry": { "type": "Polygon", "coordinates": [ [ [ -75.556576763872556, 6.303293877073293 ], [ -75.556556685092389, 6.303361869783234 ], [ -75.556541741839254, 6.303505387437233 ], [ -75.556505880530551, 6.303660864961103 ], [ -75.556487948425072, 6.303807371768578 ], [ -75.55647599379256, 6.303929959342655 ], [ -75.556475992280753, 6.30404656733767 ], [ -75.556464036178497, 6.304202045141773 ], [ -75.55646104621313, 6.304285763110993 ], [ -75.556449091289224, 6.304417321162172 ], [ -75.556437136049624, 6.304557848783619 ], [ -75.556443110818947, 6.304659506209537 ], [ -75.556455062244822, 6.304794054368364 ], [ -75.556467013353412, 6.304895713209686 ], [ -75.556474090019236, 6.304994869006711 ], [ -75.556478963349676, 6.305063150684735 ], [ -75.556483622944839, 6.305123772075384 ], [ -75.556484939321521, 6.305140889252772 ], [ -75.556499878234675, 6.305236568181913 ], [ -75.556517805978643, 6.305356165752569 ], [ -75.556532745545326, 6.305433904635517 ], [ -75.556556650693963, 6.305514633680441 ], [ -75.55659026388247, 6.305574695299983 ], [ -75.556590740216464, 6.305575093478525 ], [ -75.556638551744769, 6.305612170130097 ], [ -75.556689949587494, 6.305651638599588 ], [ -75.556742541488148, 6.305694694090167 ], [ -75.556784376697479, 6.305734162457142 ], [ -75.556819039690893, 6.305774826878431 ], [ -75.556847726808599, 6.305816686005432 ], [ -75.556866850991639, 6.305840605919501 ], [ -75.556908884763018, 6.305893479269363 ], [ -75.556943308387162, 6.305926967209185 ], [ -75.556959564809517, 6.305947059675513 ], [ -75.556915528875606, 6.305615891063693 ], [ -75.556831866032539, 6.305113577496712 ], [ -75.556760156516546, 6.304575386606775 ], [ -75.556712351166226, 6.304168751333839 ], [ -75.556817801918569, 6.303512302125237 ], [ -75.556815462140065, 6.303511481832588 ], [ -75.556813837882814, 6.303509715958767 ], [ -75.556813751579455, 6.303509621451775 ], [ -75.5567867223414, 6.303480220754729 ], [ -75.556776123768273, 6.303465005229451 ], [ -75.556765055738481, 6.30344931916293 ], [ -75.556764938386266, 6.303449157904913 ], [ -75.556759519225977, 6.303441703974654 ], [ -75.556742920634122, 6.303418879149656 ], [ -75.556742589261987, 6.303418375383912 ], [ -75.556742612200807, 6.303418262259027 ], [ -75.556739438482808, 6.303413582842033 ], [ -75.55673231394006, 6.303402743289579 ], [ -75.556730168125085, 6.303400200640469 ], [ -75.556719864384036, 6.303387988891259 ], [ -75.556707874714192, 6.303373226811821 ], [ -75.556702007181187, 6.303364810406184 ], [ -75.556697077765747, 6.303357541220644 ], [ -75.556685784206181, 6.303342850765691 ], [ -75.55666884383956, 6.303333810601006 ], [ -75.556663591852129, 6.303331337434009 ], [ -75.556663535556964, 6.303331650528406 ], [ -75.556649779820006, 6.303325275394767 ], [ -75.556632722000671, 6.30331697535754 ], [ -75.556614741177754, 6.303309137321146 ], [ -75.556596301333471, 6.303301298823166 ], [ -75.5565783205071, 6.303294382061989 ], [ -75.556576763872556, 6.303293877073293 ] ] ] } },
{ "type": "Feature", "properties": { "objectid": 604, "codigo": "1111-1", "nombre": "Lorena", "riesgo": "Con condiciones de riesgo", "descripcion": "Zona con condiciones de riesgo por inundaciones", "tipo_amenaza": "Inundaciones", "categoria_proteccion": "Áreas de Amenaza y Riesgo", "subcategoria_proteccion": "Zona con condiciones de riesgo", "fecha_adopcion": "2014-12-17T00:00:00", "fecha_actualizacion": "2026-04-30T00:00:00", "st_area(shape)": 3202.5959833510938, "st_perimeter(shape)": 361.02292611720702 }, "geometry": { "type": "Polygon", "coordinates": [ [ [ -75.595173408776219, 6.247786921460982 ], [ -75.595150874699542, 6.247788752239278 ], [ -75.594981851448793, 6.247795601325301 ], [ -75.594680883138892, 6.247818161612734 ], [ -75.594473932934491, 6.247836629734396 ], [ -75.59437449727335, 6.247853857547297 ], [ -75.594295157470981, 6.247886164683853 ], [ -75.594259762925688, 6.247899790154603 ], [ -75.594210045671574, 6.247926583621985 ], [ -75.594156504398654, 6.247972512607591 ], [ -75.594125909523584, 6.248006958728487 ], [ -75.594091491644576, 6.248056712514802 ], [ -75.594076195438632, 6.248093071207824 ], [ -75.594053252454842, 6.248156221002297 ], [ -75.593997801319375, 6.248259556384838 ], [ -75.59397676819853, 6.248278693646492 ], [ -75.593970031834317, 6.248282877490987 ], [ -75.59420930017491, 6.248296715320107 ], [ -75.594216246052568, 6.248289763972028 ], [ -75.594217714948584, 6.24828442087703 ], [ -75.594240658816787, 6.248221271981077 ], [ -75.59425786576908, 6.248171518134018 ], [ -75.594292283456284, 6.248112195619441 ], [ -75.59431905386046, 6.248081576324211 ], [ -75.594359209585335, 6.248062438715351 ], [ -75.594412752766786, 6.248043300132882 ], [ -75.594443348359178, 6.248029903556779 ], [ -75.594544697170932, 6.248010761392592 ], [ -75.594607802100768, 6.248006930400324 ], [ -75.594672819254242, 6.248001185983573 ], [ -75.594749309935139, 6.247993527060377 ], [ -75.594800940416604, 6.247991610549692 ], [ -75.594835767723154, 6.247991947649878 ], [ -75.59520251541008, 6.247953316282487 ], [ -75.595303865722428, 6.24794182967605 ], [ -75.595347846693855, 6.247936085961703 ], [ -75.59535186199389, 6.247937252284368 ], [ -75.595351854779125, 6.247807686833587 ], [ -75.595173408776219, 6.247786921460982 ] ] ] } },
{ "type": "Feature", "properties": { "objectid": 605, "codigo": "1111-2", "nombre": "Lorena", "riesgo": "Con condiciones de riesgo", "descripcion": "Zona con condiciones de riesgo por inundaciones", "tipo_amenaza": "Inundaciones", "categoria_proteccion": "Áreas de Amenaza y Riesgo", "subcategoria_proteccion": "Zona con condiciones de riesgo", "fecha_adopcion": "2014-12-17T00:00:00", "fecha_actualizacion": "2026-04-30T00:00:00", "st_area(shape)": 6764.5427673130189, "st_perimeter(shape)": 460.14551905628446 }, "geometry": { "type": "Polygon", "coordinates": [ [ [ -75.592398670436438, 6.248469128336967 ], [ -75.592422487265921, 6.248474034835009 ], [ -75.5924841588986, 6.248486229547498 ], [ -75.592522166171094, 6.248498427042037 ], [ -75.59254081093458, 6.248506319887457 ], [ -75.592907972758368, 6.24861609181391 ], [ -75.592948848366404, 6.2486297234501 ], [ -75.592986855725385, 6.248641203066149 ], [ -75.593035618948804, 6.248651246388371 ], [ -75.593069323356232, 6.248660572921669 ], [ -75.593097290710631, 6.248670618465655 ], [ -75.593125258220837, 6.248679228335777 ], [ -75.593154660539, 6.248695013098187 ], [ -75.593181911285754, 6.248706492417901 ], [ -75.593212746386513, 6.248715102601247 ], [ -75.593237846309862, 6.248723712144495 ], [ -75.593257925191566, 6.248728734676572 ], [ -75.593260217651462, 6.248729178117123 ], [ -75.593264364592443, 6.2487295554524 ], [ -75.59330980564053, 6.248733883297577 ], [ -75.593332358180959, 6.248737985027772 ], [ -75.593385902489558, 6.248745636952155 ], [ -75.593437533931223, 6.24876094226031 ], [ -75.593468131384711, 6.248778163102426 ], [ -75.593479605664839, 6.248797298192213 ], [ -75.593479606313949, 6.24881613368332 ], [ -75.593612457123271, 6.248843717900073 ], [ -75.593616585880923, 6.248835454175839 ], [ -75.593626624745895, 6.248822537853364 ], [ -75.593659610461344, 6.248811054278828 ], [ -75.593696900385083, 6.248806745899654 ], [ -75.593729886069966, 6.248803874536713 ], [ -75.593775781149489, 6.2488024366215 ], [ -75.593815937471291, 6.248792387682751 ], [ -75.59385322664653, 6.248786645434988 ], [ -75.593897687055147, 6.248776596950884 ], [ -75.593940712453033, 6.24876941874867 ], [ -75.593978001212804, 6.24875075998366 ], [ -75.594023893494338, 6.248724923806444 ], [ -75.594048274805658, 6.248703394106791 ], [ -75.594078391135682, 6.248683300706623 ], [ -75.594097032580663, 6.248621586103043 ], [ -75.59411280680068, 6.248590011215088 ], [ -75.594122844826288, 6.248551261873551 ], [ -75.594137183243532, 6.248488112946569 ], [ -75.594146820100264, 6.248453390524562 ], [ -75.593882251106862, 6.248326962042034 ], [ -75.593857014646133, 6.248328225693836 ], [ -75.5938310510045, 6.248328227227971 ], [ -75.593799976485343, 6.2483282286634 ], [ -75.593756950442696, 6.248322251653666 ], [ -75.593707948556585, 6.248322253838478 ], [ -75.593643410105457, 6.248336609817909 ], [ -75.593602775479184, 6.248355747041422 ], [ -75.593574092812901, 6.248379668426256 ], [ -75.593556165724493, 6.248396413542946 ], [ -75.593540630086807, 6.248413156806119 ], [ -75.59352270359048, 6.248438274556138 ], [ -75.593505972283396, 6.248458606566411 ], [ -75.593485656044152, 6.248478939085275 ], [ -75.593454581746371, 6.248493292690564 ], [ -75.593444420728716, 6.248496269308901 ], [ -75.593432872124154, 6.248498722080617 ], [ -75.593379089168977, 6.248503507782281 ], [ -75.593324111454294, 6.24851188402979 ], [ -75.593304989266983, 6.248513080429415 ], [ -75.593242839634058, 6.248507103696017 ], [ -75.593223716938965, 6.248504712725644 ], [ -75.593184274704541, 6.248486775162458 ], [ -75.593157980540497, 6.248468836927878 ], [ -75.593111367857972, 6.24844252773337 ], [ -75.593055193378262, 6.248415022593812 ], [ -75.593025312880542, 6.24839349749149 ], [ -75.592999018253764, 6.248374363155601 ], [ -75.592969137717503, 6.248350444961394 ], [ -75.592940452460525, 6.248326526293335 ], [ -75.592911767285841, 6.248307392892317 ], [ -75.592866349543016, 6.248287063653531 ], [ -75.592816150649085, 6.248264342300841 ], [ -75.592787466486115, 6.248252383626309 ], [ -75.592751611161276, 6.248244014236916 ], [ -75.592713364840677, 6.248236840071082 ], [ -75.592676315174728, 6.248230862420752 ], [ -75.592627311777804, 6.248222492770173 ], [ -75.592597433524247, 6.248229670207445 ], [ -75.592543651026787, 6.24823565280892 ], [ -75.592504210468334, 6.248238046922264 ], [ -75.592445647250713, 6.248240442212281 ], [ -75.592426432206281, 6.248245532887942 ], [ -75.592408700886267, 6.248387533969975 ], [ -75.592398670436438, 6.248469128336967 ] ] ] } },
{ "type": "Feature", "properties": { "objectid": 606, "codigo": "1111-3", "nombre": "Lorena", "riesgo": "Con condiciones de riesgo", "descripcion": "Zona con condiciones de riesgo por inundaciones", "tipo_amenaza": "Inundaciones", "categoria_proteccion": "Áreas de Amenaza y Riesgo", "subcategoria_proteccion": "Zona con condiciones de riesgo", "fecha_adopcion": "2014-12-17T00:00:00", "fecha_actualizacion": "2026-04-30T00:00:00", "st_area(shape)": 1383.3373778236189, "st_perimeter(shape)": 193.51162457077976 }, "geometry": { "type": "Polygon", "coordinates": [ [ [ -75.601115721504101, 6.247314302486715 ], [ -75.601263834284936, 6.247315153672526 ], [ -75.601383350704211, 6.247304620320382 ], [ -75.6014101216863, 6.247299835528197 ], [ -75.601478006286271, 6.247283564533396 ], [ -75.601525812268306, 6.247270165657168 ], [ -75.601588915489273, 6.247244327942918 ], [ -75.601635763776599, 6.247218491094785 ], [ -75.601678787322726, 6.247190741173703 ], [ -75.601743801993209, 6.247151509247902 ], [ -75.601789104606098, 6.247116378978819 ], [ -75.601812050452494, 6.247097720270969 ], [ -75.601835138001789, 6.247081410536812 ], [ -75.601839184254075, 6.247055751119163 ], [ -75.601841572987951, 6.247027047766596 ], [ -75.601815276958206, 6.246993561887554 ], [ -75.601767469429248, 6.246979214002517 ], [ -75.601724442290021, 6.246972041560753 ], [ -75.601718019842863, 6.246969704677769 ], [ -75.601598668546856, 6.247050204069684 ], [ -75.601515488442388, 6.247099005922876 ], [ -75.601449518024396, 6.247130584182871 ], [ -75.601386413953023, 6.247146375864007 ], [ -75.601341954431078, 6.247162165704833 ], [ -75.601291759290135, 6.24717364981032 ], [ -75.601228653866357, 6.247175090285718 ], [ -75.601175588368761, 6.247177963759433 ], [ -75.60113636503597, 6.247176520528674 ], [ -75.601115721504101, 6.247314302486715 ] ] ] } },
{ "type": "Feature", "properties": { "objectid": 607, "codigo": "0205-2", "nombre": "La Francia", "riesgo": "Con condiciones de riesgo", "descripcion": "Zona con condiciones de riesgo por inundaciones", "tipo_amenaza": "Inundaciones", "categoria_proteccion": "Áreas de Amenaza y Riesgo", "subcategoria_proteccion": "Zona con condiciones de riesgo", "fecha_adopcion": "2014-12-17T00:00:00", "fecha_actualizacion": "2026-04-30T00:00:00", "st_area(shape)": 170.31513138257324, "st_perimeter(shape)": 51.554425168517092 }, "geometry": { "type": "Polygon", "coordinates": [ [ [ -75.55035172716768, 6.298306972906625 ], [ -75.550305826829543, 6.298315582886429 ], [ -75.550293575162826, 6.298319085613882 ], [ -75.550301670835694, 6.298435572317006 ], [ -75.550328773453884, 6.298431833333849 ], [ -75.550407241363928, 6.298427647913673 ], [ -75.550416889290346, 6.298309696611634 ], [ -75.550386150978767, 6.298305539755479 ], [ -75.55035172716768, 6.298306972906625 ] ] ] } },
{ "type": "Feature", "properties": { "objectid": 608, "codigo": "0205-3", "nombre": "La Francia", "riesgo": "Con condiciones de riesgo", "descripcion": "Zona con condiciones de riesgo por inundaciones", "tipo_amenaza": "Inundaciones", "categoria_proteccion": "Áreas de Amenaza y Riesgo", "subcategoria_proteccion": "Zona con condiciones de riesgo", "fecha_adopcion": "2014-12-17T00:00:00", "fecha_actualizacion": "2026-04-30T00:00:00", "st_area(shape)": 1224.5442027152915, "st_perimeter(shape)": 261.66470826800025 }, "geometry": { "type": "Polygon", "coordinates": [ [ [ -75.550148035798273, 6.298817889544965 ], [ -75.550159761046871, 6.2988366619818 ], [ -75.550193852312347, 6.298842245394797 ], [ -75.550228992963682, 6.298850856941686 ], [ -75.550294337527902, 6.29886094909077 ], [ -75.550354580491557, 6.298869561748135 ], [ -75.550404781529309, 6.29887530505563 ], [ -75.55051657842894, 6.298892486030476 ], [ -75.550544547461271, 6.29889463935233 ], [ -75.550568213763398, 6.298896075061395 ], [ -75.550603355726864, 6.298896075892944 ], [ -75.550747588348699, 6.298892537078517 ], [ -75.550866639673259, 6.298883928212947 ], [ -75.551006405478745, 6.298868100908285 ], [ -75.55101071012632, 6.298868101552649 ], [ -75.551024346029408, 6.298866069339071 ], [ -75.551082426592714, 6.298859491800459 ], [ -75.551119002266944, 6.298855187480312 ], [ -75.551154861834959, 6.298848012517372 ], [ -75.55119000370776, 6.298836532108504 ], [ -75.551214387221123, 6.298821463498969 ], [ -75.551236619891156, 6.298808547229153 ], [ -75.551253330081536, 6.298792525255343 ], [ -75.551254088751463, 6.298791716892838 ], [ -75.551259021412932, 6.298785435469324 ], [ -75.551197770907123, 6.298711887945442 ], [ -75.551189370233359, 6.298718892435682 ], [ -75.551133430429047, 6.298756205336844 ], [ -75.551081793815527, 6.298779166251833 ], [ -75.551011510434776, 6.298787776223223 ], [ -75.550902500346496, 6.298792077677625 ], [ -75.550813571809599, 6.298793511631755 ], [ -75.550716035992892, 6.298793508551112 ], [ -75.550657228179645, 6.298789201488733 ], [ -75.550608460574395, 6.298804986933894 ], [ -75.550538177372815, 6.298812161128812 ], [ -75.550495147366135, 6.29880498411827 ], [ -75.550452117113338, 6.298793501764546 ], [ -75.55041338947764, 6.298783453974035 ], [ -75.550368925933498, 6.298773407103951 ], [ -75.550308683198736, 6.298763358726426 ], [ -75.550198239469211, 6.298753309878686 ], [ -75.550176724389601, 6.298759049447038 ], [ -75.550149471223435, 6.298784881841141 ], [ -75.550148035798273, 6.298817889544965 ] ] ] } },
{ "type": "Feature", "properties": { "objectid": 609, "codigo": "0205-4", "nombre": "La Francia", "riesgo": "Con condiciones de riesgo", "descripcion": "Zona con condiciones de riesgo por inundaciones", "tipo_amenaza": "Inundaciones", "categoria_proteccion": "Áreas de Amenaza y Riesgo", "subcategoria_proteccion": "Zona con condiciones de riesgo", "fecha_adopcion": "2014-12-17T00:00:00", "fecha_actualizacion": "2026-04-30T00:00:00", "st_area(shape)": 58.230854384477212, "st_perimeter(shape)": 34.547294705115995 }, "geometry": { "type": "Polygon", "coordinates": [ [ [ -75.548733103399485, 6.30056496285269 ], [ -75.548733285116711, 6.300564982758869 ], [ -75.548733339343585, 6.300564985206121 ], [ -75.548799917894101, 6.300563854212556 ], [ -75.548855259108421, 6.300536735412201 ], [ -75.548858875960974, 6.30053503157766 ], [ -75.548848779274593, 6.300503373084568 ], [ -75.548821366535137, 6.300512098785364 ], [ -75.548789810530181, 6.300519274307939 ], [ -75.548763275377567, 6.300522861307209 ], [ -75.548744987501323, 6.300526876319307 ], [ -75.548741350575611, 6.300538534442121 ], [ -75.548733248411082, 6.300564497434151 ], [ -75.548733103399485, 6.30056496285269 ] ] ] } },
{ "type": "Feature", "properties": { "objectid": 610, "codigo": "0205-5", "nombre": "La Francia", "riesgo": "Con condiciones de riesgo", "descripcion": "Zona con condiciones de riesgo por inundaciones", "tipo_amenaza": "Inundaciones", "categoria_proteccion": "Áreas de Amenaza y Riesgo", "subcategoria_proteccion": "Zona con condiciones de riesgo", "fecha_adopcion": "2014-12-17T00:00:00", "fecha_actualizacion": "2026-04-30T00:00:00", "st_area(shape)": 586.53934702750792, "st_perimeter(shape)": 184.2061467096062 }, "geometry": { "type": "Polygon", "coordinates": [ [ [ -75.55091681037149, 6.300639261993654 ], [ -75.550912138841397, 6.300643511529294 ], [ -75.550902007840392, 6.300665135702586 ], [ -75.550916350659136, 6.300683313950007 ], [ -75.55095938101033, 6.300705321764991 ], [ -75.551022491914381, 6.300723501907293 ], [ -75.55106839077952, 6.30073785510223 ], [ -75.551131501732257, 6.300761776281171 ], [ -75.551178355956381, 6.300772302242764 ], [ -75.551254853515019, 6.300801964956841 ], [ -75.551447052511705, 6.30093878985134 ], [ -75.551518768797365, 6.301003852538017 ], [ -75.551569190170738, 6.301047424930859 ], [ -75.551603289244255, 6.300992838317264 ], [ -75.551537396985324, 6.300933968275256 ], [ -75.551313643320668, 6.300765568337506 ], [ -75.551283044157486, 6.300747388280469 ], [ -75.55121993438236, 6.300719640049044 ], [ -75.551177859480092, 6.300705288049087 ], [ -75.551114749005365, 6.300684236494061 ], [ -75.55107363060371, 6.300678494096144 ], [ -75.551034426378507, 6.30066414159835 ], [ -75.55096940350704, 6.300645961767659 ], [ -75.55093402178413, 6.300639262777493 ], [ -75.55091681037149, 6.300639261993654 ] ] ] } },
{ "type": "Feature", "properties": { "objectid": 611, "codigo": "0205-6", "nombre": "La Francia", "riesgo": "Con condiciones de riesgo", "descripcion": "Zona con condiciones de riesgo por inundaciones", "tipo_amenaza": "Inundaciones", "categoria_proteccion": "Áreas de Amenaza y Riesgo", "subcategoria_proteccion": "Zona con condiciones de riesgo", "fecha_adopcion": "2014-12-17T00:00:00", "fecha_actualizacion": "2026-04-30T00:00:00", "st_area(shape)": 119.06738170285168, "st_perimeter(shape)": 49.809233720686635 }, "geometry": { "type": "Polygon", "coordinates": [ [ [ -75.552022791174991, 6.301281162043577 ], [ -75.552046975249965, 6.301272049657688 ], [ -75.552064770963611, 6.301272723804141 ], [ -75.552094414754066, 6.301272724260889 ], [ -75.552141269157559, 6.301267940946762 ], [ -75.552160463303665, 6.301265594872115 ], [ -75.552192287866433, 6.301209873875603 ], [ -75.552040866258963, 6.301210531897004 ], [ -75.552008919467497, 6.301221851219311 ], [ -75.552022791174991, 6.301281162043577 ] ] ] } },
{ "type": "Feature", "properties": { "objectid": 612, "codigo": "0205-7", "nombre": "La Francia", "riesgo": "Con condiciones de riesgo", "descripcion": "Zona con condiciones de riesgo por inundaciones", "tipo_amenaza": "Inundaciones", "categoria_proteccion": "Áreas de Amenaza y Riesgo", "subcategoria_proteccion": "Zona con condiciones de riesgo", "fecha_adopcion": "2014-12-17T00:00:00", "fecha_actualizacion": "2026-04-30T00:00:00", "st_area(shape)": 264.88422626446612, "st_perimeter(shape)": 96.329000930652867 }, "geometry": { "type": "Polygon", "coordinates": [ [ [ -75.556034881146658, 6.301212562972114 ], [ -75.55604772753658, 6.3012153750293 ], [ -75.556120400940785, 6.301238338179743 ], [ -75.556206377130877, 6.301262285755677 ], [ -75.556229460412922, 6.301270684676987 ], [ -75.556284920890874, 6.301289821057471 ], [ -75.556346119637439, 6.301322352456493 ], [ -75.556394083650162, 6.301337351351637 ], [ -75.556409586702927, 6.301278755706911 ], [ -75.556340016099185, 6.301245996845278 ], [ -75.556273079780667, 6.301229730291972 ], [ -75.556184150962991, 6.301196240871842 ], [ -75.556139207511663, 6.301183802016036 ], [ -75.556104783049946, 6.301179017224913 ], [ -75.556072271700558, 6.301170405944377 ], [ -75.55604655779905, 6.301167295330113 ], [ -75.556034881146658, 6.301212562972114 ] ] ] } },
{ "type": "Feature", "properties": { "objectid": 613, "codigo": "0205-8", "nombre": "La Francia", "riesgo": "Con condiciones de riesgo", "descripcion": "Zona con condiciones de riesgo por inundaciones", "tipo_amenaza": "Inundaciones", "categoria_proteccion": "Áreas de Amenaza y Riesgo", "subcategoria_proteccion": "Zona con condiciones de riesgo", "fecha_adopcion": "2014-12-17T00:00:00", "fecha_actualizacion": "2026-04-30T00:00:00", "st_area(shape)": 87.525490947642822, "st_perimeter(shape)": 39.684817720027482 }, "geometry": { "type": "Polygon", "coordinates": [ [ [ -75.552820860743751, 6.301350023468084 ], [ -75.552941697032594, 6.301376714866083 ], [ -75.55294626504886, 6.301318236001041 ], [ -75.552836284762407, 6.301289402968885 ], [ -75.552820860743751, 6.301350023468084 ] ] ] } },
{ "type": "Feature", "properties": { "objectid": 614, "codigo": "0205-10", "nombre": "La Francia", "riesgo": "Alto riesgo no mitigable", "descripcion": "Zona de alto riesgo no mitigable por inundaciones", "tipo_amenaza": "Inundaciones", "categoria_proteccion": "Áreas de Amenaza y Riesgo", "subcategoria_proteccion": "Zona de riesgo no mitigable", "fecha_adopcion": "2014-12-17T00:00:00", "fecha_actualizacion": "2026-04-30T00:00:00", "st_area(shape)": 2783.9123010584981, "st_perimeter(shape)": 364.06261614547202 }, "geometry": { "type": "Polygon", "coordinates": [ [ [ -75.556576763872556, 6.303293877073293 ], [ -75.5565783205071, 6.303294382061989 ], [ -75.556596301333471, 6.303301298823166 ], [ -75.556614741177754, 6.303309137321146 ], [ -75.556632722000671, 6.30331697535754 ], [ -75.556649779820006, 6.303325275394767 ], [ -75.556663535556964, 6.303331650528406 ], [ -75.556663591852129, 6.303331337434009 ], [ -75.55666884383956, 6.303333810601006 ], [ -75.556685784206181, 6.303342850765691 ], [ -75.556697077765747, 6.303357541220644 ], [ -75.556702007181187, 6.303364810406184 ], [ -75.556707874714192, 6.303373226811821 ], [ -75.556719864384036, 6.303387988891259 ], [ -75.556730168125085, 6.303400200640469 ], [ -75.55673231394006, 6.303402743289579 ], [ -75.556739438482808, 6.303413582842033 ], [ -75.556742612200807, 6.303418262259027 ], [ -75.556742589261987, 6.303418375383912 ], [ -75.556742920634122, 6.303418879149656 ], [ -75.556759519225977, 6.303441703974654 ], [ -75.556764938386266, 6.303449157904913 ], [ -75.556765055738481, 6.30344931916293 ], [ -75.556776123768273, 6.303465005229451 ], [ -75.5567867223414, 6.303480220754729 ], [ -75.556813751579455, 6.303509621451775 ], [ -75.556813837882814, 6.303509715958767 ], [ -75.556815462140065, 6.303511481832588 ], [ -75.556817801918569, 6.303512302125237 ], [ -75.556819937886459, 6.303499005009925 ], [ -75.556939476831616, 6.302865137152601 ], [ -75.557171708777943, 6.302019454035988 ], [ -75.55714421660926, 6.302088821151727 ], [ -75.557114908061962, 6.302162577536747 ], [ -75.557104771101791, 6.302188087584584 ], [ -75.557067715458516, 6.302255061452336 ], [ -75.557019902643518, 6.302326820140217 ], [ -75.556976870790947, 6.30238661856113 ], [ -75.556918300997296, 6.302444025007954 ], [ -75.556883882975285, 6.302526512030393 ], [ -75.556866901693795, 6.302567208349553 ], [ -75.556838213872339, 6.302611459145179 ], [ -75.556796376546203, 6.302708333325331 ], [ -75.556757342304138, 6.302763012119394 ], [ -75.556738976367811, 6.302799762512387 ], [ -75.556709092572532, 6.302889460997945 ], [ -75.556673231692045, 6.303009058425479 ], [ -75.556605243339504, 6.303202665676003 ], [ -75.556595534279907, 6.303230313634598 ], [ -75.556576763872556, 6.303293877073293 ] ] ] } },
{ "type": "Feature", "properties": { "objectid": 615, "codigo": "0205-12", "nombre": "La Francia", "riesgo": "Con condiciones de riesgo", "descripcion": "Zona con condiciones de riesgo por inundaciones", "tipo_amenaza": "Inundaciones", "categoria_proteccion": "Áreas de Amenaza y Riesgo", "subcategoria_proteccion": "Zona con condiciones de riesgo", "fecha_adopcion": "2014-12-17T00:00:00", "fecha_actualizacion": "2026-04-30T00:00:00", "st_area(shape)": 170.83952576985888, "st_perimeter(shape)": 84.817283466818054 }, "geometry": { "type": "Polygon", "coordinates": [ [ [ -75.55308280089038, 6.29871429201772 ], [ -75.553068819696961, 6.298751775793875 ], [ -75.553092470780499, 6.298755282759018 ], [ -75.553128329470113, 6.298763654607962 ], [ -75.553164187106958, 6.298779203216969 ], [ -75.55320124103261, 6.298797144547871 ], [ -75.55323351375614, 6.298811496490812 ], [ -75.553288495440185, 6.298834222254905 ], [ -75.553329135284628, 6.2988485748184 ], [ -75.55335543111056, 6.298850967626398 ], [ -75.55338531269868, 6.29885694753078 ], [ -75.553403221576914, 6.298856947554109 ], [ -75.553403222255625, 6.298830847048846 ], [ -75.553386314281269, 6.298830424430355 ], [ -75.553360781083825, 6.298826555108954 ], [ -75.5533364687345, 6.298812731077759 ], [ -75.553281771306501, 6.298770710402448 ], [ -75.553226459105147, 6.298754120581282 ], [ -75.553180263030015, 6.298744727077667 ], [ -75.553127498578263, 6.298728253154548 ], [ -75.553118383841948, 6.298725406454135 ], [ -75.55308280089038, 6.29871429201772 ] ] ] } },
{ "type": "Feature", "properties": { "objectid": 618, "codigo": "0713-1", "nombre": "Aures No.1", "riesgo": "Con condiciones de riesgo", "descripcion": "Zona con condiciones de riesgo por inundaciones", "tipo_amenaza": "Inundaciones", "categoria_proteccion": "Áreas de Amenaza y Riesgo", "subcategoria_proteccion": "Zona con condiciones de riesgo", "fecha_adopcion": "2014-12-17T00:00:00", "fecha_actualizacion": "2026-04-30T00:00:00", "st_area(shape)": 2181.6230568062324, "st_perimeter(shape)": 683.17646157431045 }, "geometry": { "type": "Polygon", "coordinates": [ [ [ -75.59491496932911, 6.292618185743001 ], [ -75.594916137448493, 6.292617972904286 ], [ -75.594917140381881, 6.292617792529156 ], [ -75.594918025578778, 6.292617738405324 ], [ -75.594921838189492, 6.292617493436716 ], [ -75.594925072766657, 6.292617294736678 ], [ -75.594938823937085, 6.29261643532311 ], [ -75.594953695294507, 6.29261608204635 ], [ -75.59495761524235, 6.292615982099655 ], [ -75.594957796853166, 6.292615982101022 ], [ -75.594968403042927, 6.292616442895646 ], [ -75.594977674437231, 6.292616848847806 ], [ -75.594978578153203, 6.292616885039079 ], [ -75.594983483412321, 6.292617969050014 ], [ -75.594987983398951, 6.292618954723292 ], [ -75.595005230917167, 6.292622759216582 ], [ -75.595017013073928, 6.292625497852015 ], [ -75.59502219901934, 6.292626700708966 ], [ -75.595030529282326, 6.292628633796276 ], [ -75.595031116488755, 6.292628797226784 ], [ -75.595033836289403, 6.292629556689486 ], [ -75.595035480303792, 6.292630017731229 ], [ -75.595035815102193, 6.292630116419094 ], [ -75.59505311657648, 6.292634961229743 ], [ -75.595061256706273, 6.292638089541312 ], [ -75.595069624111844, 6.292641316170933 ], [ -75.595070735763528, 6.292641740983674 ], [ -75.595082788868808, 6.292647914649948 ], [ -75.595089256588636, 6.292651232088637 ], [ -75.595092220190566, 6.292652506564435 ], [ -75.59509832859095, 6.292655154063234 ], [ -75.59510865555238, 6.292659611338797 ], [ -75.595109134557106, 6.292659819606608 ], [ -75.595125822812207, 6.292665812922182 ], [ -75.595126753307795, 6.292666147323943 ], [ -75.595133944425967, 6.292668487479914 ], [ -75.595136185175818, 6.292669211352212 ], [ -75.595136980684273, 6.292669473195099 ], [ -75.595144824290884, 6.292672022564423 ], [ -75.595150000006782, 6.292673712765676 ], [ -75.59516560404299, 6.292678801068283 ], [ -75.595167037471427, 6.292679249595223 ], [ -75.595167104443661, 6.292679271864111 ], [ -75.595169706149008, 6.292680085253248 ], [ -75.59517908403663, 6.292683013938004 ], [ -75.595180927412244, 6.292683592421608 ], [ -75.595187288239742, 6.292685580499511 ], [ -75.595196458556472, 6.292688012071833 ], [ -75.595198654356409, 6.292688599652307 ], [ -75.595209424231484, 6.292691455419443 ], [ -75.595225705866184, 6.29269416716143 ], [ -75.595233818220592, 6.292695522721663 ], [ -75.595234369237161, 6.292695676387011 ], [ -75.595235119300597, 6.292695884211273 ], [ -75.595236854655354, 6.292696361975521 ], [ -75.59524269131721, 6.292697963003115 ], [ -75.595251889233225, 6.292700493885024 ], [ -75.595256099621878, 6.292701749504596 ], [ -75.595269280024411, 6.292705675461687 ], [ -75.595270970329153, 6.292706178763781 ], [ -75.595273121222789, 6.292706820811445 ], [ -75.595281975227294, 6.292710147177861 ], [ -75.59529480582475, 6.292714955439548 ], [ -75.595312424082593, 6.292722639259833 ], [ -75.595324928411031, 6.29272906652786 ], [ -75.595329138775824, 6.292731227123175 ], [ -75.5953323100955, 6.292732664201623 ], [ -75.595339331100845, 6.292735864068359 ], [ -75.595340794492301, 6.292736523998665 ], [ -75.595342195447017, 6.292737165253826 ], [ -75.595342366619661, 6.292737246673437 ], [ -75.595349017181093, 6.292740265759013 ], [ -75.595359541856695, 6.292745418180767 ], [ -75.595367312190447, 6.292749223666484 ], [ -75.595370249495645, 6.292750661003944 ], [ -75.595375489500256, 6.292753834465304 ], [ -75.595378100393347, 6.292755406324056 ], [ -75.59538164205037, 6.292757548545489 ], [ -75.595383802590746, 6.292758859558075 ], [ -75.595389675147104, 6.292762412297098 ], [ -75.595406841960468, 6.292774163970173 ], [ -75.595424008713294, 6.292787722883046 ], [ -75.595441628060442, 6.292803995377814 ], [ -75.595455631564434, 6.292816650573902 ], [ -75.595473703606729, 6.292832017648007 ], [ -75.595486352802325, 6.292841961934879 ], [ -75.59549719541495, 6.292850549150097 ], [ -75.595517072376609, 6.292862752940281 ], [ -75.595539209439451, 6.292878121497871 ], [ -75.595564960523788, 6.292897103743115 ], [ -75.595580771636619, 6.292907500614854 ], [ -75.595589355436204, 6.292915183232634 ], [ -75.595606973912069, 6.292930550746055 ], [ -75.595623238423187, 6.292946369793931 ], [ -75.595639501896969, 6.29296671011048 ], [ -75.595655314716026, 6.292994733662949 ], [ -75.595659832487769, 6.293020950083097 ], [ -75.595660737925215, 6.29304716728697 ], [ -75.595664353046786, 6.293074289554773 ], [ -75.595670228042067, 6.293096889266137 ], [ -75.59568106863469, 6.293112709060426 ], [ -75.595693719560771, 6.29312536464123 ], [ -75.5957104355019, 6.293138020802307 ], [ -75.595726698742013, 6.29315158057333 ], [ -75.595742510595173, 6.293167400055778 ], [ -75.595756063139348, 6.293183671054843 ], [ -75.595769617003, 6.293201299058678 ], [ -75.595782267303349, 6.293219831106438 ], [ -75.59579627236478, 6.29324152790119 ], [ -75.595816150461303, 6.293261414468627 ], [ -75.595835576414075, 6.293279042199186 ], [ -75.595851840099854, 6.293293053996884 ], [ -75.595867199897441, 6.293303902420632 ], [ -75.595885270708607, 6.293316105222947 ], [ -75.595908762579782, 6.293333732619227 ], [ -75.595928639996913, 6.293346386607667 ], [ -75.595943547561149, 6.293357686600508 ], [ -75.595995031856447, 6.293408590181866 ], [ -75.596006860247755, 6.293423180032836 ], [ -75.59601959026736, 6.29343665791132 ], [ -75.596031407826885, 6.293451249623174 ], [ -75.596044917030426, 6.293464248987742 ], [ -75.596061261780349, 6.293474933386946 ], [ -75.596078719159877, 6.293482237352 ], [ -75.596096833226497, 6.29348804904417 ], [ -75.596115626021387, 6.293488074917176 ], [ -75.596134509684262, 6.293489113801956 ], [ -75.596152922001949, 6.293493669156955 ], [ -75.596171092094067, 6.293497845101704 ], [ -75.596189885394978, 6.29350215626908 ], [ -75.596208579188982, 6.293501169166587 ], [ -75.596227226909662, 6.293501820470418 ], [ -75.596246587839715, 6.293503627246105 ], [ -75.596265146142798, 6.29350755896509 ], [ -75.596283840488198, 6.293510866197246 ], [ -75.596302009631742, 6.293515033100769 ], [ -75.596320377715273, 6.293521233175071 ], [ -75.596334553509735, 6.293532732070368 ], [ -75.596345072196399, 6.293548678201779 ], [ -75.596356854562444, 6.293564913678618 ], [ -75.596369828674781, 6.293578780888193 ], [ -75.596383861242003, 6.293590912439466 ], [ -75.596401028507529, 6.293599472684586 ], [ -75.596406341514566, 6.293600787899419 ], [ -75.596419432696322, 6.293604028068047 ], [ -75.596438948648441, 6.293605211158401 ], [ -75.596455481818779, 6.293613627191597 ], [ -75.596485082725778, 6.293636931563963 ], [ -75.596518638079402, 6.293654530557525 ], [ -75.596576059379075, 6.293662111246482 ], [ -75.596613380058159, 6.293667038118643 ], [ -75.59666974995956, 6.293671410052773 ], [ -75.596732378568319, 6.293672854200445 ], [ -75.596744865974429, 6.293673141953964 ], [ -75.596763947980563, 6.293671911511165 ], [ -75.596777268323024, 6.293670901394242 ], [ -75.596783410065527, 6.293670436885758 ], [ -75.596791499880354, 6.293668345302342 ], [ -75.596796023502435, 6.29366717643553 ], [ -75.596802337442156, 6.293665544818303 ], [ -75.596821410456812, 6.293664323458992 ], [ -75.596825048415468, 6.29366420591256 ], [ -75.59684412343212, 6.293662296544316 ], [ -75.596876310171382, 6.293652123826869 ], [ -75.596893251027311, 6.293644213001271 ], [ -75.596910190269909, 6.29363743227232 ], [ -75.59693325341884, 6.293635507580399 ], [ -75.596933280515273, 6.293635505637451 ], [ -75.596937246189086, 6.293635152305488 ], [ -75.596937295073204, 6.293635171047762 ], [ -75.596954800640418, 6.293643079560092 ], [ -75.596960006645759, 6.29364595391949 ], [ -75.596971326755366, 6.293651893399411 ], [ -75.596977552327672, 6.29365702557599 ], [ -75.596985860497085, 6.293663419419064 ], [ -75.59699152855481, 6.293669090483295 ], [ -75.596999634127656, 6.293676534056446 ], [ -75.597010071686796, 6.293684878234761 ], [ -75.597014660474102, 6.293688277313172 ], [ -75.597019985811897, 6.293692619289367 ], [ -75.597030110478585, 6.293700363816489 ], [ -75.597036957261011, 6.293705410630673 ], [ -75.597045154203101, 6.293710876544608 ], [ -75.597060399692964, 6.293722172097759 ], [ -75.597075784040427, 6.29373559152625 ], [ -75.597088135820371, 6.293749314441202 ], [ -75.597097885292769, 6.293765739914752 ], [ -75.59709841167458, 6.293766936093898 ], [ -75.59709805724485, 6.293767068947689 ], [ -75.597105578921813, 6.293783196313046 ], [ -75.597112921269954, 6.293800146370936 ], [ -75.59712139323392, 6.293818226321153 ], [ -75.597129299390005, 6.293835176285289 ], [ -75.597141158131706, 6.293849866294348 ], [ -75.597153017582514, 6.293863426210585 ], [ -75.597165441939254, 6.293878116116423 ], [ -75.597176735968503, 6.293892805317427 ], [ -75.597177863668676, 6.293894095239927 ], [ -75.597188595425834, 6.293906366136118 ], [ -75.597202149009718, 6.293919925757125 ], [ -75.597215701495472, 6.293932355294261 ], [ -75.597231513535064, 6.293943655251671 ], [ -75.597248453896626, 6.293953824929592 ], [ -75.597260070323699, 6.293961571970571 ], [ -75.597263701027245, 6.293963993991535 ], [ -75.59727781932007, 6.293977552607281 ], [ -75.597291936523547, 6.293989982947297 ], [ -75.597306620044776, 6.294001282188134 ], [ -75.59732186666983, 6.294013712331072 ], [ -75.597338243423792, 6.294025012185368 ], [ -75.59734147210095, 6.294019626842047 ], [ -75.597341486908007, 6.294019515567654 ], [ -75.597337830582759, 6.294011756944804 ], [ -75.597337235195909, 6.294010493304314 ], [ -75.597331710378185, 6.293998921567761 ], [ -75.597316232497093, 6.293966504473024 ], [ -75.597306936817262, 6.293947034551365 ], [ -75.597306042939366, 6.293945160340089 ], [ -75.597302323209291, 6.293932097848237 ], [ -75.597300540111092, 6.293925832469143 ], [ -75.597295496797258, 6.293907517583 ], [ -75.597293744130937, 6.293903557433126 ], [ -75.597287671291667, 6.293889889169589 ], [ -75.597287415013682, 6.293889409479107 ], [ -75.597287390385148, 6.293889362589968 ], [ -75.597278680161693, 6.293872975347519 ], [ -75.59727183628857, 6.293859243114774 ], [ -75.597267919307797, 6.293856304485452 ], [ -75.597251184293967, 6.293838366007906 ], [ -75.59723684055777, 6.29382162256539 ], [ -75.597221300399525, 6.293802487479152 ], [ -75.597210542186176, 6.293790528619166 ], [ -75.59718783094641, 6.293776178297425 ], [ -75.597178268495753, 6.293763023729051 ], [ -75.597163924526214, 6.293749868541591 ], [ -75.597143603381141, 6.293731929819547 ], [ -75.597124478944309, 6.29372116708193 ], [ -75.597104157563038, 6.293706816616407 ], [ -75.597089814403773, 6.293699641851338 ], [ -75.597058735857289, 6.293675723780852 ], [ -75.597033634107021, 6.293657785331293 ], [ -75.597007336698553, 6.29363506305989 ], [ -75.596988211646419, 6.29362908466201 ], [ -75.596958328809777, 6.293618323004523 ], [ -75.596939204558652, 6.293618324126914 ], [ -75.596918885834341, 6.293618325766769 ], [ -75.596891392889475, 6.293615935666718 ], [ -75.596872269404457, 6.293613545514496 ], [ -75.596845973120381, 6.293609958796709 ], [ -75.596814896088503, 6.293603981086832 ], [ -75.596788599422695, 6.293601590453935 ], [ -75.596764693654549, 6.29360159185095 ], [ -75.59673242152175, 6.293600398097661 ], [ -75.596714491600693, 6.293598006521845 ], [ -75.596698952683241, 6.29359202744893 ], [ -75.596672656644145, 6.293584853365201 ], [ -75.596646360880527, 6.293582462719969 ], [ -75.596628431103611, 6.293582464216959 ], [ -75.596614088364305, 6.293582465047067 ], [ -75.596587792497161, 6.293586054831479 ], [ -75.596567472725425, 6.293583664289382 ], [ -75.596541176996354, 6.293589646243881 ], [ -75.596526833352357, 6.293589647076182 ], [ -75.596507709095789, 6.29358964818231 ], [ -75.596482608845179, 6.29358964917931 ], [ -75.596463484066646, 6.293588454199841 ], [ -75.596445554912506, 6.29358367134119 ], [ -75.596427625237268, 6.29357769239776 ], [ -75.5964144773219, 6.293568124914787 ], [ -75.59639893813231, 6.293557362390072 ], [ -75.596390569544383, 6.293548990726012 ], [ -75.596377420975145, 6.293535835888914 ], [ -75.596358295371033, 6.293520288772901 ], [ -75.596348733601701, 6.293510722435415 ], [ -75.596337974888783, 6.293497567462519 ], [ -75.596326022491695, 6.293490391627256 ], [ -75.596316458667474, 6.293484412654966 ], [ -75.596300919343818, 6.293471257952699 ], [ -75.596294943599688, 6.29346767048424 ], [ -75.596277014039941, 6.293455712003095 ], [ -75.596245935689197, 6.29344255683468 ], [ -75.596229201537781, 6.293438970437466 ], [ -75.596210077282237, 6.293438971530407 ], [ -75.596173023218725, 6.293430601494203 ], [ -75.596163460683073, 6.29342342642467 ], [ -75.596144335337982, 6.293404291938664 ], [ -75.596133577398135, 6.293388744780908 ], [ -75.59612042741459, 6.293374393853122 ], [ -75.596106083337489, 6.293358846447914 ], [ -75.596080982414705, 6.293346888363257 ], [ -75.596066638498627, 6.293342104833746 ], [ -75.596053490351636, 6.293336126502552 ], [ -75.596035561068476, 6.293328951451382 ], [ -75.596010459517075, 6.293321777713179 ], [ -75.59599133485338, 6.293314602276297 ], [ -75.5959662328777, 6.293291881214212 ], [ -75.595943521405047, 6.293272746468175 ], [ -75.595925591968751, 6.293254807532863 ], [ -75.595912443149601, 6.293236869233088 ], [ -75.59589929252445, 6.293218930941586 ], [ -75.595870605313522, 6.293196207810377 ], [ -75.595861042247719, 6.293179464941416 ], [ -75.595849088556378, 6.293165113477122 ], [ -75.595840721139197, 6.293153154434778 ], [ -75.595829963100599, 6.29314358770118 ], [ -75.595820400953599, 6.293135215628063 ], [ -75.595810836603277, 6.293119668850623 ], [ -75.595795297300796, 6.293106514123425 ], [ -75.59577378239193, 6.293092163187443 ], [ -75.595758242571875, 6.293077812373746 ], [ -75.595749874639225, 6.293064657243809 ], [ -75.595730749825606, 6.293038347108747 ], [ -75.595712819501443, 6.293020408164171 ], [ -75.595693693269183, 6.292992901946043 ], [ -75.595681738938509, 6.292974963119551 ], [ -75.595668590780349, 6.292960611257729 ], [ -75.595653050439751, 6.292936693550104 ], [ -75.5956434880313, 6.29292353712289 ], [ -75.595626752580742, 6.292904403376654 ], [ -75.595612409196207, 6.292900815912673 ], [ -75.595610018293655, 6.292890052164976 ], [ -75.595587305272247, 6.292850585720744 ], [ -75.595572960315593, 6.292826667488885 ], [ -75.595558616393006, 6.292805140521729 ], [ -75.595528732159622, 6.292776438349848 ], [ -75.595508412651171, 6.292762087779534 ], [ -75.59549645976486, 6.292753716732595 ], [ -75.595476139235004, 6.292745346602923 ], [ -75.595458209709562, 6.292733387171358 ], [ -75.595443865944105, 6.292730995789777 ], [ -75.595427131166147, 6.292723821999703 ], [ -75.595404421298682, 6.292716647175487 ], [ -75.595390078441355, 6.292714256691675 ], [ -75.595372148676518, 6.29271425813319 ], [ -75.595347048313272, 6.292711866883637 ], [ -75.59532314164889, 6.292703496492813 ], [ -75.59529206412742, 6.29268794996377 ], [ -75.595259791749115, 6.292673600035239 ], [ -75.595237080335082, 6.292662837850435 ], [ -75.595211979069092, 6.292652075791394 ], [ -75.595190462905165, 6.292638921815081 ], [ -75.595176118619747, 6.29262696262885 ], [ -75.595149822489944, 6.292609024553862 ], [ -75.595124720447686, 6.292592282053477 ], [ -75.595100814044315, 6.29258032338384 ], [ -75.595080494807746, 6.292570756234968 ], [ -75.595058978519589, 6.292563581786552 ], [ -75.59503268304374, 6.292557603674656 ], [ -75.595000410028433, 6.292556408886402 ], [ -75.594986066782027, 6.292555213574747 ], [ -75.594953794673813, 6.292554019683045 ], [ -75.594926303565003, 6.292551630347615 ], [ -75.594901202429554, 6.292551631252481 ], [ -75.594882077931331, 6.292546848836404 ], [ -75.594876831165806, 6.292546498820378 ], [ -75.594891807380264, 6.292557075262834 ], [ -75.594916911867799, 6.292610892878904 ], [ -75.59491496932911, 6.292618185743001 ] ] ] } },
{ "type": "Feature", "properties": { "objectid": 627, "codigo": "0409-3", "nombre": "Manrique Central No.1", "riesgo": "Con condiciones de riesgo", "descripcion": "Zona con condiciones de riesgo por inundaciones", "tipo_amenaza": "Inundaciones", "categoria_proteccion": "Áreas de Amenaza y Riesgo", "subcategoria_proteccion": "Zona con condiciones de riesgo", "fecha_adopcion": "2014-12-17T00:00:00", "fecha_actualizacion": "2026-04-30T00:00:00", "st_area(shape)": 2146.3379906475748, "st_perimeter(shape)": 428.32824337289264 }, "geometry": { "type": "Polygon", "coordinates": [ [ [ -75.555124570770658, 6.267825368238211 ], [ -75.555149670472119, 6.267826086686298 ], [ -75.555180911726964, 6.267824644225411 ], [ -75.555183550115515, 6.267825037303876 ], [ -75.555220840721901, 6.267822167608283 ], [ -75.55523709568692, 6.2678202539386 ], [ -75.555270561689326, 6.267817384804061 ], [ -75.555288729410435, 6.267815471752485 ], [ -75.555310720829326, 6.267813558139855 ], [ -75.555336537811428, 6.267805903820211 ], [ -75.555362354941209, 6.267799207845766 ], [ -75.555386259448824, 6.267793466885061 ], [ -75.555406338450794, 6.267787726493395 ], [ -75.555434068470007, 6.267781986769148 ], [ -75.555466577544308, 6.267772419285978 ], [ -75.555505941622883, 6.267758211984004 ], [ -75.555547853412165, 6.267745630487998 ], [ -75.555563152019673, 6.267740846432434 ], [ -75.555589924300335, 6.267735106850965 ], [ -75.555628171484557, 6.267724582869697 ], [ -75.555677892333989, 6.267713102454955 ], [ -75.55574291239968, 6.267694923992749 ], [ -75.555788808445271, 6.267688227734274 ], [ -75.555854784995148, 6.267673877078888 ], [ -75.555901637574536, 6.267665266687097 ], [ -75.555946577064859, 6.267660483637341 ], [ -75.556010641469356, 6.267644220172686 ], [ -75.556087135679135, 6.267634652425505 ], [ -75.556131118806633, 6.267626998986607 ], [ -75.556184664552177, 6.267629870552063 ], [ -75.55622673659073, 6.267639439591142 ], [ -75.556276456353501, 6.267663359177514 ], [ -75.556302273162714, 6.267672927928518 ], [ -75.556342431501093, 6.26768823738075 ], [ -75.556383547760873, 6.267698763083317 ], [ -75.556445699058173, 6.267704504751502 ], [ -75.556486813406721, 6.26770833197643 ], [ -75.556518367039061, 6.267708332668062 ], [ -75.556586797860149, 6.267705555997577 ], [ -75.556610463251531, 6.267697662588112 ], [ -75.556633411489074, 6.267688335157135 ], [ -75.556663491042229, 6.267677675555574 ], [ -75.556790193111269, 6.267701162598973 ], [ -75.556850432509194, 6.267712645536734 ], [ -75.556867996923586, 6.267716537889755 ], [ -75.556886337948981, 6.267669347526928 ], [ -75.556856170069352, 6.267660021539506 ], [ -75.556797857288984, 6.267636547166023 ], [ -75.556773010568747, 6.267630627177791 ], [ -75.556748628938053, 6.26762058131975 ], [ -75.556727115310935, 6.267609099320717 ], [ -75.556705600934364, 6.267607663682483 ], [ -75.556688389355585, 6.267604793042042 ], [ -75.556666876358605, 6.267600487782116 ], [ -75.5566439285668, 6.267596181383055 ], [ -75.556613808831258, 6.267596180934789 ], [ -75.556589426399754, 6.267601920657516 ], [ -75.5565893351244, 6.267601916582231 ], [ -75.556574874385035, 6.267605274426229 ], [ -75.556550878704186, 6.267607870513386 ], [ -75.556526974280644, 6.267607870483157 ], [ -75.556494464731287, 6.267607869931724 ], [ -75.556456217253128, 6.267604041378369 ], [ -75.556421795713646, 6.2676030845692 ], [ -75.556395978865012, 6.267599256859683 ], [ -75.556360601586761, 6.267593515689243 ], [ -75.556303231489636, 6.267580120080484 ], [ -75.556247773572736, 6.267562897122962 ], [ -75.556223869049759, 6.267556199503777 ], [ -75.5562009213495, 6.267549500833211 ], [ -75.556173192320571, 6.267549500452253 ], [ -75.556134945700904, 6.267551413809699 ], [ -75.556090810295601, 6.267553586428553 ], [ -75.556077574409102, 6.267554282943389 ], [ -75.556050802063098, 6.267553325872798 ], [ -75.556018293121966, 6.267551411306848 ], [ -75.555976220709212, 6.267551411247426 ], [ -75.555921719555556, 6.267558106986668 ], [ -75.555897814165533, 6.26756384706546 ], [ -75.555856698807077, 6.267571500965287 ], [ -75.555813671312748, 6.267577241164637 ], [ -75.555785941937813, 6.267581067823098 ], [ -75.555768730869374, 6.267587765243914 ], [ -75.555730502230574, 6.267595415004125 ], [ -75.555715488870945, 6.267602926247045 ], [ -75.555711172137777, 6.267603912875432 ], [ -75.555694149566904, 6.267610726908418 ], [ -75.55565303295505, 6.267622207859069 ], [ -75.55561669895593, 6.267635602071048 ], [ -75.555570803331889, 6.267645168831146 ], [ -75.555526818456144, 6.267659519813601 ], [ -75.555488572029958, 6.26766908633998 ], [ -75.555430244236604, 6.267680567112508 ], [ -75.555351838482011, 6.267698744802233 ], [ -75.555318372828722, 6.267697786878016 ], [ -75.555268652074233, 6.26769778608306 ], [ -75.55522084351098, 6.267693958846743 ], [ -75.555157736240574, 6.267688216262837 ], [ -75.555108971750499, 6.267684389155352 ], [ -75.555088941586774, 6.267682160550614 ], [ -75.555063169718935, 6.267808942609505 ], [ -75.555097319848727, 6.267818910193748 ], [ -75.555124570770658, 6.267825368238211 ] ] ] } },
{ "type": "Feature", "properties": { "objectid": 619, "codigo": "1110-1", "nombre": "La Castellana", "riesgo": "Con condiciones de riesgo", "descripcion": "Zona con condiciones de riesgo por inundaciones", "tipo_amenaza": "Inundaciones", "categoria_proteccion": "Áreas de Amenaza y Riesgo", "subcategoria_proteccion": "Zona con condiciones de riesgo", "fecha_adopcion": "2014-12-17T00:00:00", "fecha_actualizacion": "2026-04-30T00:00:00", "st_area(shape)": 2724.7210702165848, "st_perimeter(shape)": 560.04011846376852 }, "geometry": { "type": "Polygon", "coordinates": [ [ [ -75.615893357971174, 6.24151561442963 ], [ -75.615885389323509, 6.241504984332487 ], [ -75.615845744559124, 6.241498188492757 ], [ -75.615112000436056, 6.241490583171506 ], [ -75.615099095458618, 6.24148541912069 ], [ -75.615077580827403, 6.241476809989021 ], [ -75.615068585145224, 6.241474040351147 ], [ -75.615058936190607, 6.241471070545774 ], [ -75.615035988506236, 6.241465332594201 ], [ -75.61501877809944, 6.241465334034705 ], [ -75.614998699397219, 6.241463900519101 ], [ -75.614968581634969, 6.241463902809219 ], [ -75.614932727661028, 6.241468212514993 ], [ -75.614909782206581, 6.241481131629923 ], [ -75.614888270496465, 6.241494049948844 ], [ -75.614859587332376, 6.241506969545777 ], [ -75.614832338659056, 6.241509842428717 ], [ -75.61480078624092, 6.241509845510125 ], [ -75.614777841361089, 6.241527069752073 ], [ -75.614734818034592, 6.241551471639115 ], [ -75.614697529605792, 6.241552910836074 ], [ -75.614660240376836, 6.241552914387055 ], [ -75.614631556456715, 6.241551481121163 ], [ -75.614602872431391, 6.241551483501594 ], [ -75.614578490989103, 6.241545745420163 ], [ -75.614552675691328, 6.241541442875967 ], [ -75.614525424831385, 6.241537139325763 ], [ -75.61450247782436, 6.241534270833259 ], [ -75.614459452109713, 6.241529969707901 ], [ -75.614420729707746, 6.241534279167475 ], [ -75.614384875489577, 6.241541458328083 ], [ -75.614341850927545, 6.241545767457308 ], [ -75.614303128304357, 6.241552947301653 ], [ -75.614261536911542, 6.241552951402594 ], [ -75.614222813702597, 6.241555825205085 ], [ -75.614189826938329, 6.241551523007962 ], [ -75.614166879133336, 6.241547219760378 ], [ -75.614152335274866, 6.241546416874866 ], [ -75.614042833441275, 6.241540378335497 ], [ -75.61397590522553, 6.241540384408538 ], [ -75.613903000905225, 6.241542782466082 ], [ -75.613827705976604, 6.241542789394137 ], [ -75.613793047250965, 6.241546380691753 ], [ -75.613739236903214, 6.241550213563694 ], [ -75.6136974374662, 6.241569114426524 ], [ -75.613669949372692, 6.241583468205533 ], [ -75.613643408090724, 6.2416118510168 ], [ -75.613626200531925, 6.241633379894832 ], [ -75.613608990918934, 6.241646297604004 ], [ -75.613587479261469, 6.241657781140677 ], [ -75.613561665692771, 6.241677876427628 ], [ -75.613544457229551, 6.241699406213754 ], [ -75.613538722853534, 6.241726675853896 ], [ -75.61353342211315, 6.241734633504991 ], [ -75.613653894740082, 6.241810315309519 ], [ -75.613661595629154, 6.241801391048843 ], [ -75.613662158235002, 6.241783310655741 ], [ -75.613666109619558, 6.241765228800922 ], [ -75.613672883342502, 6.241747148297748 ], [ -75.613681351364448, 6.24173132586 ], [ -75.613690383852742, 6.241714374159143 ], [ -75.613698851882887, 6.24169855352961 ], [ -75.613708449201155, 6.241682731811695 ], [ -75.613719175996209, 6.241668039984378 ], [ -75.613731596734553, 6.241653348784477 ], [ -75.613741758697756, 6.241637526974464 ], [ -75.613751356018525, 6.241621706160771 ], [ -75.613762082815967, 6.241607015237604 ], [ -75.613775067474791, 6.241593453120879 ], [ -75.613789747348605, 6.241582151776765 ], [ -75.613807250287564, 6.241575370275258 ], [ -75.613825318605478, 6.241573108076602 ], [ -75.613844515501128, 6.241571976676181 ], [ -75.613863148833602, 6.241571974533739 ], [ -75.613881781446921, 6.241573102469964 ], [ -75.6138992853258, 6.241577621718729 ], [ -75.613916789569586, 6.241584400212378 ], [ -75.613934292910173, 6.241591178709742 ], [ -75.613951232508157, 6.241597957294267 ], [ -75.613968736941928, 6.241605866764417 ], [ -75.613986241186723, 6.241612645254965 ], [ -75.614003180970357, 6.241620553911973 ], [ -75.614020119850906, 6.241628462572724 ], [ -75.614036494988895, 6.241636371320757 ], [ -75.614053999424286, 6.241644280786972 ], [ -75.61407206794668, 6.241648799031775 ], [ -75.614090136469144, 6.241653317275826 ], [ -75.614108769272178, 6.241655576181263 ], [ -75.614127966721369, 6.241657834993337 ], [ -75.614146600057154, 6.241657833743614 ], [ -75.614164667838509, 6.241657831686377 ], [ -75.614183864916598, 6.241657830347126 ], [ -75.614201933415515, 6.241656698209573 ], [ -75.614220565661384, 6.2416555668872 ], [ -75.614304129088552, 6.241635218146251 ], [ -75.614321632015219, 6.241628436629654 ], [ -75.614339699958578, 6.241623915168663 ], [ -75.614357767715745, 6.24161826363277 ], [ -75.6143758349357, 6.241614871345656 ], [ -75.614394467894911, 6.241612609939025 ], [ -75.614413100317265, 6.241612607780975 ], [ -75.614431732562522, 6.241611477356008 ], [ -75.614450366259348, 6.241613735340819 ], [ -75.614468999057138, 6.241615994233428 ], [ -75.614486503301819, 6.241622772704498 ], [ -75.614502878440561, 6.241630681435151 ], [ -75.614520381968376, 6.24163858998344 ], [ -75.614538450120278, 6.241640848966161 ], [ -75.614557083630984, 6.241641976872329 ], [ -75.614575716051974, 6.241641974708079 ], [ -75.614594349380596, 6.241641973442716 ], [ -75.614612981987236, 6.241643101351341 ], [ -75.614631614598167, 6.241644230163293 ], [ -75.614650247921546, 6.241644227991879 ], [ -75.614686947937258, 6.241643095483252 ], [ -75.614705581077871, 6.241641964139832 ], [ -75.614724213310225, 6.241640831896235 ], [ -75.614742846636602, 6.241640830625641 ], [ -75.614760914939225, 6.241638568395547 ], [ -75.614801002266987, 6.241634045097249 ], [ -75.614846172122824, 6.241628390877068 ], [ -75.614948369612378, 6.241623861814402 ], [ -75.615068071148997, 6.241624981107347 ], [ -75.615152201068497, 6.241627233636515 ], [ -75.615205840785649, 6.241622708958834 ], [ -75.615231247262201, 6.241612535887454 ], [ -75.615272463233268, 6.241593322306453 ], [ -75.61534529767593, 6.241563934611155 ], [ -75.615380303312094, 6.241554890915825 ], [ -75.615403452855858, 6.241549239408099 ], [ -75.615527107448685, 6.24155939763272 ], [ -75.615556468723796, 6.241568435141954 ], [ -75.615588089301056, 6.241576343098648 ], [ -75.61562253220275, 6.241584250586417 ], [ -75.615645681624599, 6.241588768832831 ], [ -75.615669961767452, 6.241591026734062 ], [ -75.615703838699702, 6.2415910228934 ], [ -75.615743926889337, 6.241586499523571 ], [ -75.615783450729154, 6.241572935651303 ], [ -75.61581902038526, 6.241554851245942 ], [ -75.615865881632899, 6.241528856246667 ], [ -75.615893357971174, 6.24151561442963 ] ] ] } },
{ "type": "Feature", "properties": { "objectid": 620, "codigo": "0405-4", "nombre": "Moravia", "riesgo": "Alto riesgo no mitigable", "descripcion": "Zona de alto riesgo no mitigable por inundaciones", "tipo_amenaza": "Inundaciones", "categoria_proteccion": "Áreas de Amenaza y Riesgo", "subcategoria_proteccion": "Zona de riesgo no mitigable", "fecha_adopcion": "2014-12-17T00:00:00", "fecha_actualizacion": "2026-04-30T00:00:00", "st_area(shape)": 9377.0397557928754, "st_perimeter(shape)": 555.31269426580207 }, "geometry": { "type": "Polygon", "coordinates": [ [ [ -75.56563603965823, 6.284856876980336 ], [ -75.565660031878679, 6.284867655349668 ], [ -75.565668625824145, 6.284872149002918 ], [ -75.565676389386468, 6.284875899950841 ], [ -75.565684294963901, 6.284880420488964 ], [ -75.565689942032762, 6.284888329805 ], [ -75.565693437986212, 6.284892782482108 ], [ -75.56569612621719, 6.284895769972383 ], [ -75.565702183333599, 6.284900881819199 ], [ -75.565703493899747, 6.284901890682974 ], [ -75.565704216750049, 6.284902446768553 ], [ -75.565711023907241, 6.284907026039102 ], [ -75.565718026210135, 6.28491233847533 ], [ -75.565722692910626, 6.284915450963849 ], [ -75.565755443246061, 6.284945962471323 ], [ -75.565802876143138, 6.284993424168044 ], [ -75.565807783492303, 6.284997888901446 ], [ -75.565830703802177, 6.285018738693442 ], [ -75.565834624595539, 6.285022305080199 ], [ -75.565858779224527, 6.285044276215085 ], [ -75.565903952683172, 6.285086087555768 ], [ -75.565999436396837, 6.285096764473558 ], [ -75.566210061241065, 6.285120316329188 ], [ -75.566298095661907, 6.285130160023289 ], [ -75.566313907370898, 6.285135810722355 ], [ -75.566341949945738, 6.285149486670091 ], [ -75.566423767073985, 6.285056704755914 ], [ -75.56660544519481, 6.284913187559463 ], [ -75.566739313035967, 6.284788804257621 ], [ -75.566901866760503, 6.284616582879969 ], [ -75.567083544793348, 6.284434792691632 ], [ -75.567351280528129, 6.284243434962401 ], [ -75.567690548611367, 6.283870320709013 ], [ -75.567628426035981, 6.283910542382781 ], [ -75.567547149541724, 6.283972733532943 ], [ -75.567470653738184, 6.284020573148943 ], [ -75.567423140540313, 6.284034836194296 ], [ -75.567390025461691, 6.284050429868976 ], [ -75.567388182274627, 6.284054858123023 ], [ -75.567330810568961, 6.284140968956476 ], [ -75.567225628247058, 6.284179241293057 ], [ -75.567005701409684, 6.284246216950186 ], [ -75.566862272047302, 6.284294057001752 ], [ -75.566737966228843, 6.284322761130629 ], [ -75.566565849539174, 6.284341897803687 ], [ -75.566431981274675, 6.284399304942583 ], [ -75.566307675294681, 6.284437576099135 ], [ -75.566183369361198, 6.2844662801221 ], [ -75.566039938949558, 6.284504551990514 ], [ -75.56592519484694, 6.284571527202828 ], [ -75.565791326161161, 6.28465763738028 ], [ -75.565681481593117, 6.28477671039427 ], [ -75.565666322648397, 6.284800629354796 ], [ -75.565664498049699, 6.284803507902507 ], [ -75.565639405592705, 6.284843101967978 ], [ -75.56563603965823, 6.284856876980336 ] ] ] } },
{ "type": "Feature", "properties": { "objectid": 621, "codigo": "1310-2", "nombre": "Veinte de Julio", "riesgo": "Con condiciones de riesgo", "descripcion": "Zona con condiciones de riesgo por inundaciones", "tipo_amenaza": "Inundaciones", "categoria_proteccion": "Áreas de Amenaza y Riesgo", "subcategoria_proteccion": "Zona con condiciones de riesgo", "fecha_adopcion": "2014-12-17T00:00:00", "fecha_actualizacion": "2026-04-30T00:00:00", "st_area(shape)": 435.40798344946842, "st_perimeter(shape)": 140.96638540486137 }, "geometry": { "type": "Polygon", "coordinates": [ [ [ -75.618800127310735, 6.252615999470731 ], [ -75.618799531104656, 6.252630350728556 ], [ -75.618816265099184, 6.252651278495071 ], [ -75.618826426011807, 6.252665031886521 ], [ -75.618838977836418, 6.252687754258957 ], [ -75.618852724660059, 6.252709878516256 ], [ -75.618865873397695, 6.252732002138028 ], [ -75.618880815595816, 6.252752333114307 ], [ -75.618891574505227, 6.252778045096687 ], [ -75.618902333621037, 6.25280016887617 ], [ -75.618917276581826, 6.252828273830008 ], [ -75.618925645829748, 6.25285996630596 ], [ -75.618936407107086, 6.252897040458515 ], [ -75.618947763803533, 6.252928134922889 ], [ -75.618960315869046, 6.252957435202796 ], [ -75.618971074998498, 6.25297955988201 ], [ -75.618982432008451, 6.25300527249298 ], [ -75.618992594778575, 6.253039356293623 ], [ -75.619004549033164, 6.253069254419988 ], [ -75.619007540097044, 6.25309496805607 ], [ -75.61901460227763, 6.253152468819877 ], [ -75.619069585742693, 6.253128585245776 ], [ -75.619066106653037, 6.253120077337967 ], [ -75.619060725163607, 6.253092571124571 ], [ -75.619053551530655, 6.253059682052311 ], [ -75.619049364710349, 6.253026793457165 ], [ -75.619045178217988, 6.252998688223768 ], [ -75.619041592070559, 6.252983738541395 ], [ -75.61902306211735, 6.252944871507561 ], [ -75.619017680730764, 6.252915569834878 ], [ -75.619009908716123, 6.252888062880121 ], [ -75.618994367813414, 6.252852185121264 ], [ -75.618942964808198, 6.252742160932064 ], [ -75.618928020353636, 6.252708674136196 ], [ -75.618867655889133, 6.252622569836866 ], [ -75.618859886631881, 6.252615394193739 ], [ -75.618838371597278, 6.2526046328753 ], [ -75.618827017780944, 6.252602242191791 ], [ -75.618800127310735, 6.252615999470731 ] ] ] } },
{ "type": "Feature", "properties": { "objectid": 622, "codigo": "0208-1", "nombre": "Villa Niza", "riesgo": "Con condiciones de riesgo", "descripcion": "Zona con condiciones de riesgo por inundaciones", "tipo_amenaza": "Inundaciones", "categoria_proteccion": "Áreas de Amenaza y Riesgo", "subcategoria_proteccion": "Zona con condiciones de riesgo", "fecha_adopcion": "2014-12-17T00:00:00", "fecha_actualizacion": "2026-04-30T00:00:00", "st_area(shape)": 252.38897996155606, "st_perimeter(shape)": 115.19241925170593 }, "geometry": { "type": "Polygon", "coordinates": [ [ [ -75.559081309829665, 6.2948506579213 ], [ -75.559045119175295, 6.294889000048847 ], [ -75.55905623012184, 6.294898184540193 ], [ -75.559084916447816, 6.294931194422206 ], [ -75.559122208532386, 6.294962768887759 ], [ -75.559153764784057, 6.294994342544423 ], [ -75.559192490059147, 6.29504457506532 ], [ -75.559241256392085, 6.295116334624509 ], [ -75.559262771424457, 6.295140731963166 ], [ -75.559300063667209, 6.295190964262161 ], [ -75.55934022471358, 6.295228279208974 ], [ -75.559358432108297, 6.295242593994181 ], [ -75.559385485738858, 6.295216948593142 ], [ -75.559373308003785, 6.295202114217041 ], [ -75.55916141281277, 6.294947904950287 ], [ -75.55915760266781, 6.294943331722868 ], [ -75.559145178978824, 6.294928641389621 ], [ -75.559132756979523, 6.294912820021526 ], [ -75.559120333296491, 6.294898130591186 ], [ -75.559107910508914, 6.294883439347647 ], [ -75.559100004987712, 6.294872138921351 ], [ -75.559085323852315, 6.294854057535634 ], [ -75.559081309829665, 6.2948506579213 ] ] ] } },
{ "type": "Feature", "properties": { "objectid": 623, "codigo": "1108-1", "nombre": "Laureles", "riesgo": "Con condiciones de riesgo", "descripcion": "Zona con condiciones de riesgo por inundaciones", "tipo_amenaza": "Inundaciones", "categoria_proteccion": "Áreas de Amenaza y Riesgo", "subcategoria_proteccion": "Zona con condiciones de riesgo", "fecha_adopcion": "2014-12-17T00:00:00", "fecha_actualizacion": "2026-04-30T00:00:00", "st_area(shape)": 38.519888865649186, "st_perimeter(shape)": 43.601636539247771 }, "geometry": { "type": "Polygon", "coordinates": [ [ [ -75.595173408776219, 6.247786921460982 ], [ -75.595351854779125, 6.247807686833587 ], [ -75.595351852601453, 6.247772424361214 ], [ -75.595173408776219, 6.247786921460982 ] ] ] } },
{ "type": "Feature", "properties": { "objectid": 624, "codigo": "0608-1", "nombre": "Picacho", "riesgo": "Con condiciones de riesgo", "descripcion": "Zona con condiciones de riesgo por inundaciones", "tipo_amenaza": "Inundaciones", "categoria_proteccion": "Áreas de Amenaza y Riesgo", "subcategoria_proteccion": "Zona con condiciones de riesgo", "fecha_adopcion": "2014-12-17T00:00:00", "fecha_actualizacion": "2026-04-30T00:00:00", "st_area(shape)": 121.23489804944344, "st_perimeter(shape)": 45.794579712096464 }, "geometry": { "type": "Polygon", "coordinates": [ [ [ -75.582759268860343, 6.292791697169395 ], [ -75.582762146528552, 6.292804654688462 ], [ -75.582766929242638, 6.29282737861152 ], [ -75.582781273492344, 6.292857277933889 ], [ -75.582798008374496, 6.292882392783668 ], [ -75.582836257007997, 6.292903918672915 ], [ -75.582861116395847, 6.292921683827532 ], [ -75.582885201579387, 6.292850067224768 ], [ -75.582875699899432, 6.292845313564616 ], [ -75.582850597853039, 6.292823787728725 ], [ -75.582833863875578, 6.292798672876363 ], [ -75.582824300089044, 6.292777145201952 ], [ -75.582759268860343, 6.292791697169395 ] ] ] } },
{ "type": "Feature", "properties": { "objectid": 625, "codigo": "0409-1", "nombre": "Manrique Central No.1", "riesgo": "Con condiciones de riesgo", "descripcion": "Zona con condiciones de riesgo por inundaciones", "tipo_amenaza": "Inundaciones", "categoria_proteccion": "Áreas de Amenaza y Riesgo", "subcategoria_proteccion": "Zona con condiciones de riesgo", "fecha_adopcion": "2014-12-17T00:00:00", "fecha_actualizacion": "2026-04-30T00:00:00", "st_area(shape)": 460.96572862529081, "st_perimeter(shape)": 131.48772309452116 }, "geometry": { "type": "Polygon", "coordinates": [ [ [ -75.558056067075512, 6.265803718258604 ], [ -75.558106743975131, 6.265819027824075 ], [ -75.558148815179067, 6.265836250859199 ], [ -75.55819184291046, 6.265851558861359 ], [ -75.558239650102124, 6.265865911411043 ], [ -75.558264510384902, 6.265884090871656 ], [ -75.558326661284781, 6.265936715346593 ], [ -75.558332106593468, 6.26594168392048 ], [ -75.558344256661258, 6.265868740701721 ], [ -75.558306814961199, 6.265843152974973 ], [ -75.558248489321159, 6.265806794456215 ], [ -75.558227453769888, 6.265789571852938 ], [ -75.558193988737983, 6.265767565735378 ], [ -75.558156697495093, 6.265740774806168 ], [ -75.558115583093581, 6.265729293553434 ], [ -75.558073511254022, 6.26571972552131 ], [ -75.55801996606715, 6.265718768050083 ], [ -75.557964508132855, 6.265717809960457 ], [ -75.557916699761321, 6.265725464060075 ], [ -75.557875287843018, 6.265744340271131 ], [ -75.557879948334076, 6.265837643169784 ], [ -75.557891605562077, 6.265821895654244 ], [ -75.557925072365819, 6.265801803314118 ], [ -75.557953756931369, 6.265794149394521 ], [ -75.557982441748052, 6.265794149575412 ], [ -75.558056067075512, 6.265803718258604 ] ] ] } },
{ "type": "Feature", "properties": { "objectid": 626, "codigo": "0409-2", "nombre": "Manrique Central No.1", "riesgo": "Con condiciones de riesgo", "descripcion": "Zona con condiciones de riesgo por inundaciones", "tipo_amenaza": "Inundaciones", "categoria_proteccion": "Áreas de Amenaza y Riesgo", "subcategoria_proteccion": "Zona con condiciones de riesgo", "fecha_adopcion": "2014-12-17T00:00:00", "fecha_actualizacion": "2026-04-30T00:00:00", "st_area(shape)": 299.9038808530608, "st_perimeter(shape)": 83.083013770502589 }, "geometry": { "type": "Polygon", "coordinates": [ [ [ -75.559029772941145, 6.266232051244683 ], [ -75.559039002961313, 6.266243851685704 ], [ -75.559059082270096, 6.266276382578439 ], [ -75.55906864345755, 6.26630699930435 ], [ -75.559093503255255, 6.266345271388538 ], [ -75.559104977339359, 6.266376845255424 ], [ -75.559113582468285, 6.266406505589295 ], [ -75.559126011699107, 6.266444776872456 ], [ -75.559142266608688, 6.266472523856375 ], [ -75.559168082551622, 6.266494531056653 ], [ -75.559172398861122, 6.266499022339345 ], [ -75.559203303610957, 6.266325379534791 ], [ -75.559195089956162, 6.266314858860694 ], [ -75.559170229529059, 6.26628424178673 ], [ -75.559142501363624, 6.266247883220028 ], [ -75.55911285995532, 6.266225876605279 ], [ -75.559083219457079, 6.266203870887508 ], [ -75.559054534267617, 6.266183778096354 ], [ -75.559051328731712, 6.266181211639027 ], [ -75.559029772941145, 6.266232051244683 ] ] ] } },
{ "type": "Feature", "properties": { "objectid": 654, "codigo": "0606-1", "nombre": "San Martín de Porres", "riesgo": "Con condiciones de riesgo", "descripcion": "Zona con condiciones de riesgo por inundaciones", "tipo_amenaza": "Inundaciones", "categoria_proteccion": "Áreas de Amenaza y Riesgo", "subcategoria_proteccion": "Zona con condiciones de riesgo", "fecha_adopcion": "2014-12-17T00:00:00", "fecha_actualizacion": "2026-04-30T00:00:00", "st_area(shape)": 392.76079363823641, "st_perimeter(shape)": 112.28325152741091 }, "geometry": { "type": "Polygon", "coordinates": [ [ [ -75.580794686739196, 6.291358778306956 ], [ -75.58081500734437, 6.291389873240813 ], [ -75.580844889924379, 6.291429339728536 ], [ -75.580866404710278, 6.291448474977295 ], [ -75.580897483150792, 6.291471197365931 ], [ -75.580928560270337, 6.291495115859168 ], [ -75.580942904471598, 6.291511859083674 ], [ -75.580962029261585, 6.291526209981813 ], [ -75.580982349319498, 6.291535777799395 ], [ -75.580997887753696, 6.291542952638973 ], [ -75.581011036382876, 6.291552520643595 ], [ -75.581018208024375, 6.291577635861474 ], [ -75.581022990442349, 6.291593183232349 ], [ -75.581027771602407, 6.291612318912122 ], [ -75.581027771691097, 6.29163265081964 ], [ -75.581027771803221, 6.291637797759896 ], [ -75.581099877426496, 6.291621708492058 ], [ -75.581093949250928, 6.291605233773669 ], [ -75.581092035684748, 6.291576530482794 ], [ -75.581091078637286, 6.291542086061391 ], [ -75.581077690809664, 6.291521037396227 ], [ -75.581065259550698, 6.291502858983721 ], [ -75.581051872339629, 6.291484679871337 ], [ -75.581034660066223, 6.291473199025689 ], [ -75.580998324033274, 6.291452150777468 ], [ -75.580958158495278, 6.291422808416188 ], [ -75.580930191272557, 6.291402162699987 ], [ -75.580887160519779, 6.291366763578218 ], [ -75.580868034749756, 6.291335190811973 ], [ -75.580863862090098, 6.291320346511428 ], [ -75.580780740995877, 6.291294443105022 ], [ -75.580794686739196, 6.291358778306956 ] ] ] } },
{ "type": "Feature", "properties": { "objectid": 628, "codigo": "0409-4", "nombre": "Manrique Central No.1", "riesgo": "Con condiciones de riesgo", "descripcion": "Zona con condiciones de riesgo por inundaciones", "tipo_amenaza": "Inundaciones", "categoria_proteccion": "Áreas de Amenaza y Riesgo", "subcategoria_proteccion": "Zona con condiciones de riesgo", "fecha_adopcion": "2014-12-17T00:00:00", "fecha_actualizacion": "2026-04-30T00:00:00", "st_area(shape)": 1363.2723158575561, "st_perimeter(shape)": 300.20786933056371 }, "geometry": { "type": "Polygon", "coordinates": [ [ [ -75.558022176268096, 6.267790171126694 ], [ -75.557995478081935, 6.267813506036934 ], [ -75.557972528933988, 6.267826901066225 ], [ -75.557941421703333, 6.267838956255881 ], [ -75.55792840025795, 6.26784267869662 ], [ -75.55793006498061, 6.267915987582174 ], [ -75.55796628110501, 6.267909758785582 ], [ -75.558013133032574, 6.267891580133251 ], [ -75.558072416464128, 6.267843742409734 ], [ -75.558099191088857, 6.267800686916758 ], [ -75.558126919047567, 6.267764329760584 ], [ -75.558276085185696, 6.267591152964033 ], [ -75.558285646416437, 6.267580628694084 ], [ -75.558312419552252, 6.267563406929163 ], [ -75.558327718414802, 6.267554795753379 ], [ -75.55836022781827, 6.26754235850577 ], [ -75.558377935251741, 6.267540747762606 ], [ -75.558382903352097, 6.267539008437098 ], [ -75.558412545688071, 6.267537094425638 ], [ -75.558446010202914, 6.26753709471849 ], [ -75.558486169116492, 6.267556231936118 ], [ -75.558545451774989, 6.267568671356343 ], [ -75.55861238426904, 6.267567715368021 ], [ -75.558672622904069, 6.26756293154812 ], [ -75.558723300567706, 6.26754092611493 ], [ -75.558773021843322, 6.267521791339771 ], [ -75.558806487751383, 6.267507439943915 ], [ -75.558850471493741, 6.267498829757097 ], [ -75.558926009692613, 6.267490219210494 ], [ -75.558975729858446, 6.267481608131243 ], [ -75.558989347772666, 6.267479774132571 ], [ -75.559005927577701, 6.267365311183347 ], [ -75.558985293785099, 6.267371578776761 ], [ -75.558950649699554, 6.267381481437995 ], [ -75.558941851060993, 6.267386261869629 ], [ -75.558914601062895, 6.267391285175061 ], [ -75.558890217826786, 6.267391284874312 ], [ -75.558866552325981, 6.267389131122363 ], [ -75.558833565543949, 6.267396307062168 ], [ -75.558807030755275, 6.267409222363042 ], [ -75.558782649519415, 6.267419269294436 ], [ -75.558757549419454, 6.267427161651246 ], [ -75.558720975647333, 6.267440078944336 ], [ -75.558713121572325, 6.267444569067099 ], [ -75.558686621805336, 6.267448546274659 ], [ -75.558661523216088, 6.267454525548026 ], [ -75.558629251926405, 6.267464093846228 ], [ -75.55860534746067, 6.267466485249515 ], [ -75.558576662478913, 6.267468876481298 ], [ -75.558549172931947, 6.267468875055733 ], [ -75.558503754725137, 6.26746050330186 ], [ -75.558448774917906, 6.267442562221883 ], [ -75.558420089867269, 6.267434190149587 ], [ -75.558396185416512, 6.26742342600198 ], [ -75.55838995885253, 6.267419818301046 ], [ -75.55837991126414, 6.267418981327378 ], [ -75.558359831323173, 6.267418023351327 ], [ -75.558348357081826, 6.267420893816948 ], [ -75.558333059149518, 6.267423763959702 ], [ -75.558265834510706, 6.267488416903339 ], [ -75.558022176268096, 6.267790171126694 ] ] ] } },
{ "type": "Feature", "properties": { "objectid": 629, "codigo": "0409-5", "nombre": "Manrique Central No.1", "riesgo": "Con condiciones de riesgo", "descripcion": "Zona con condiciones de riesgo por inundaciones", "tipo_amenaza": "Inundaciones", "categoria_proteccion": "Áreas de Amenaza y Riesgo", "subcategoria_proteccion": "Zona con condiciones de riesgo", "fecha_adopcion": "2014-12-17T00:00:00", "fecha_actualizacion": "2026-04-30T00:00:00", "st_area(shape)": 286.44553421265141, "st_perimeter(shape)": 72.390687210928746 }, "geometry": { "type": "Polygon", "coordinates": [ [ [ -75.557576285940627, 6.269647159326652 ], [ -75.557587714050456, 6.269547520625587 ], [ -75.557539698066222, 6.269539902896247 ], [ -75.557491888749126, 6.269536313723917 ], [ -75.557439298487367, 6.269531529156304 ], [ -75.557404638651917, 6.269513589215395 ], [ -75.557386273603868, 6.269506906242862 ], [ -75.557367548790623, 6.269642727367311 ], [ -75.557369425133501, 6.269642856536382 ], [ -75.557402889814298, 6.26964285774536 ], [ -75.55743826934787, 6.26964477172111 ], [ -75.557462173238974, 6.269646685653258 ], [ -75.557487033668863, 6.269646686361605 ], [ -75.557513806854274, 6.269646686773362 ], [ -75.557544404651978, 6.269646687501207 ], [ -75.557564483633399, 6.269646687134309 ], [ -75.557576285940627, 6.269647159326652 ] ] ] } },
{ "type": "Feature", "properties": { "objectid": 630, "codigo": "0209-2", "nombre": "Moscú No.1", "riesgo": "Con condiciones de riesgo", "descripcion": "Zona con condiciones de riesgo por inundaciones", "tipo_amenaza": "Inundaciones", "categoria_proteccion": "Áreas de Amenaza y Riesgo", "subcategoria_proteccion": "Zona con condiciones de riesgo", "fecha_adopcion": "2014-12-17T00:00:00", "fecha_actualizacion": "2026-04-30T00:00:00", "st_area(shape)": 129.5829545135293, "st_perimeter(shape)": 66.077576878984956 }, "geometry": { "type": "Polygon", "coordinates": [ [ [ -75.550919757757825, 6.292879651400322 ], [ -75.55095604459521, 6.292884191702222 ], [ -75.551007487057404, 6.292894489409848 ], [ -75.551046068764364, 6.292912504997582 ], [ -75.551084651294289, 6.292933095463047 ], [ -75.551117866016952, 6.292966332530457 ], [ -75.551123232312975, 6.292971702898206 ], [ -75.551144183007253, 6.292977560364802 ], [ -75.551154605051948, 6.292945780841373 ], [ -75.551140188859947, 6.292939903195682 ], [ -75.551126442341285, 6.292927943087794 ], [ -75.551114490726079, 6.292917179377602 ], [ -75.55110134257967, 6.292905817573097 ], [ -75.551084012095203, 6.292892660766372 ], [ -75.551072059854434, 6.292880102412872 ], [ -75.551051143193703, 6.292864555501788 ], [ -75.551029627727729, 6.292854985829058 ], [ -75.551007515636556, 6.292847211907074 ], [ -75.550971657156651, 6.292838241217337 ], [ -75.550937592810726, 6.292833456796986 ], [ -75.550923240392223, 6.292832869643542 ], [ -75.550919757757825, 6.292879651400322 ] ] ] } },
{ "type": "Feature", "properties": { "objectid": 631, "codigo": "0209-3", "nombre": "Moscú No.1", "riesgo": "Con condiciones de riesgo", "descripcion": "Zona con condiciones de riesgo por inundaciones", "tipo_amenaza": "Inundaciones", "categoria_proteccion": "Áreas de Amenaza y Riesgo", "subcategoria_proteccion": "Zona con condiciones de riesgo", "fecha_adopcion": "2014-12-17T00:00:00", "fecha_actualizacion": "2026-04-30T00:00:00", "st_area(shape)": 24.089812403612274, "st_perimeter(shape)": 23.089287043916809 }, "geometry": { "type": "Polygon", "coordinates": [ [ [ -75.555156165189359, 6.293099505125177 ], [ -75.555158176114219, 6.293100714913868 ], [ -75.555239610214684, 6.293099116581477 ], [ -75.555238024500596, 6.293097831479771 ], [ -75.555229419318252, 6.293089220456202 ], [ -75.555219155116234, 6.293083181581066 ], [ -75.555184014138618, 6.293061652464524 ], [ -75.555173538411069, 6.293056888500685 ], [ -75.555156165189359, 6.293099505125177 ] ] ] } },
{ "type": "Feature", "properties": { "objectid": 632, "codigo": "0209-4", "nombre": "Moscú No.1", "riesgo": "Con condiciones de riesgo", "descripcion": "Zona con condiciones de riesgo por inundaciones", "tipo_amenaza": "Inundaciones", "categoria_proteccion": "Áreas de Amenaza y Riesgo", "subcategoria_proteccion": "Zona con condiciones de riesgo", "fecha_adopcion": "2014-12-17T00:00:00", "fecha_actualizacion": "2026-04-30T00:00:00", "st_area(shape)": 170.26606927650712, "st_perimeter(shape)": 105.3037725462957 }, "geometry": { "type": "Polygon", "coordinates": [ [ [ -75.551382690443319, 6.293054745239737 ], [ -75.551416750865783, 6.293095928824846 ], [ -75.551439602343208, 6.293123560440851 ], [ -75.551506477658563, 6.293136429871176 ], [ -75.551565635617536, 6.293203346303709 ], [ -75.551617930339148, 6.29315611984731 ], [ -75.551626870570402, 6.293148045004351 ], [ -75.551628083402576, 6.293148095130602 ], [ -75.551644314775743, 6.293148771623929 ], [ -75.551676979342446, 6.293158889802343 ], [ -75.551683691252634, 6.293160968978798 ], [ -75.551751193817623, 6.293184423253511 ], [ -75.55175271231883, 6.293184712376593 ], [ -75.551754981278506, 6.29315475198135 ], [ -75.551743197868532, 6.293151608152016 ], [ -75.551712717824145, 6.293143833583542 ], [ -75.551692996281702, 6.293137853507787 ], [ -75.551673275080503, 6.293127686529793 ], [ -75.551651162834332, 6.293124695347821 ], [ -75.551631441085604, 6.293118117658265 ], [ -75.551618890323141, 6.293117519008971 ], [ -75.551566297423989, 6.293159377454947 ], [ -75.551544185455199, 6.293139045575769 ], [ -75.551537611650517, 6.293127683298713 ], [ -75.551530439753364, 6.293113928976387 ], [ -75.551499961724872, 6.293098978519311 ], [ -75.551469481820334, 6.29309419380133 ], [ -75.551455737099246, 6.293082233698041 ], [ -75.551443186336812, 6.293066087187097 ], [ -75.551433624929103, 6.293053529819464 ], [ -75.551416891695723, 6.293040373726595 ], [ -75.551398874401585, 6.293028679514129 ], [ -75.551382690443319, 6.293054745239737 ] ] ] } },
{ "type": "Feature", "properties": { "objectid": 633, "codigo": "0209-5", "nombre": "Moscú No.1", "riesgo": "Con condiciones de riesgo", "descripcion": "Zona con condiciones de riesgo por inundaciones", "tipo_amenaza": "Inundaciones", "categoria_proteccion": "Áreas de Amenaza y Riesgo", "subcategoria_proteccion": "Zona con condiciones de riesgo", "fecha_adopcion": "2014-12-17T00:00:00", "fecha_actualizacion": "2026-04-30T00:00:00", "st_area(shape)": 74.805145672791298, "st_perimeter(shape)": 46.53591782937896 }, "geometry": { "type": "Polygon", "coordinates": [ [ [ -75.553978518065378, 6.29330997805986 ], [ -75.554002517792313, 6.29330944565899 ], [ -75.55404984308943, 6.293310949991182 ], [ -75.554091910294147, 6.293309446786238 ], [ -75.554113694979208, 6.293305689440274 ], [ -75.554131723422302, 6.293300428869917 ], [ -75.554152006811321, 6.293290658459607 ], [ -75.554153781058787, 6.2932887367009 ], [ -75.554140065587504, 6.293253741866859 ], [ -75.55413314273882, 6.293259899214576 ], [ -75.554117006149895, 6.293270662832009 ], [ -75.554100272047307, 6.293273053780773 ], [ -75.554072182623528, 6.293274847525523 ], [ -75.554053058168378, 6.293276043193096 ], [ -75.554017201112956, 6.293273650978513 ], [ -75.553990905052814, 6.29327484647101 ], [ -75.55397539937492, 6.293277520718367 ], [ -75.553978518065378, 6.29330997805986 ] ] ] } },
{ "type": "Feature", "properties": { "objectid": 634, "codigo": "0305-1", "nombre": "El Raizal", "riesgo": "Con condiciones de riesgo", "descripcion": "Zona con condiciones de riesgo por inundaciones", "tipo_amenaza": "Inundaciones", "categoria_proteccion": "Áreas de Amenaza y Riesgo", "subcategoria_proteccion": "Zona con condiciones de riesgo", "fecha_adopcion": "2014-12-17T00:00:00", "fecha_actualizacion": "2026-04-30T00:00:00", "st_area(shape)": 99.636028853864275, "st_perimeter(shape)": 63.447670103245663 }, "geometry": { "type": "Polygon", "coordinates": [ [ [ -75.546702389593136, 6.270944562603185 ], [ -75.546702390766342, 6.270913168394673 ], [ -75.546461737428501, 6.270984035861259 ], [ -75.546459615601734, 6.271020630861857 ], [ -75.546702389593136, 6.270944562603185 ] ] ] } },
{ "type": "Feature", "properties": { "objectid": 635, "codigo": "1614-1", "nombre": "La Palma", "riesgo": "Con condiciones de riesgo", "descripcion": "Zona con condiciones de riesgo por inundaciones", "tipo_amenaza": "Inundaciones", "categoria_proteccion": "Áreas de Amenaza y Riesgo", "subcategoria_proteccion": "Zona con condiciones de riesgo", "fecha_adopcion": "2014-12-17T00:00:00", "fecha_actualizacion": "2026-04-30T00:00:00", "st_area(shape)": 810.86100075394381, "st_perimeter(shape)": 142.76317816702101 }, "geometry": { "type": "Polygon", "coordinates": [ [ [ -75.605363275496089, 6.227379777659331 ], [ -75.605319296527256, 6.227397960515882 ], [ -75.605290614292016, 6.227412315029915 ], [ -75.605261932953681, 6.227426668634508 ], [ -75.605234206528166, 6.227441022945893 ], [ -75.605210305865612, 6.227454419937965 ], [ -75.605176843548605, 6.227472601469271 ], [ -75.605151029447754, 6.227485998870235 ], [ -75.605108962382403, 6.227501310899713 ], [ -75.605084104686597, 6.227508967268361 ], [ -75.60503534438827, 6.227516624164691 ], [ -75.604998058088583, 6.227527151756798 ], [ -75.604949296591357, 6.227537680874082 ], [ -75.604905852611921, 6.227549677244454 ], [ -75.60490371870813, 6.227633201907095 ], [ -75.604906033200749, 6.22768869297727 ], [ -75.605024360748345, 6.227666481451905 ], [ -75.605213185254868, 6.227606668698721 ], [ -75.605319369096492, 6.227563044606874 ], [ -75.605381747546261, 6.227370049060415 ], [ -75.605379238711592, 6.227367658443018 ], [ -75.605363275496089, 6.227379777659331 ] ] ] } },
{ "type": "Feature", "properties": { "objectid": 636, "codigo": "0912-3", "nombre": "El Salvador", "riesgo": "Con condiciones de riesgo", "descripcion": "Zona con condiciones de riesgo por inundaciones", "tipo_amenaza": "Inundaciones", "categoria_proteccion": "Áreas de Amenaza y Riesgo", "subcategoria_proteccion": "Zona con condiciones de riesgo", "fecha_adopcion": "2014-12-17T00:00:00", "fecha_actualizacion": "2026-04-30T00:00:00", "st_area(shape)": 352.6539940486802, "st_perimeter(shape)": 92.385606190578528 }, "geometry": { "type": "Polygon", "coordinates": [ [ [ -75.56101579907066, 6.237716039794381 ], [ -75.561023470950957, 6.237723409756386 ], [ -75.561073666480766, 6.237801149488739 ], [ -75.561109521311579, 6.237853774412831 ], [ -75.56112147199913, 6.237911181642136 ], [ -75.561117886171232, 6.237961411763787 ], [ -75.561116206720257, 6.237966453043967 ], [ -75.561177444979066, 6.238011748839425 ], [ -75.561188822621048, 6.237984839087994 ], [ -75.561204359865229, 6.237935803918091 ], [ -75.561215117111942, 6.237856869983117 ], [ -75.561197190118705, 6.237797069749124 ], [ -75.561136238064989, 6.23775042544875 ], [ -75.561096798565089, 6.237709761993287 ], [ -75.561062170962444, 6.237667617724752 ], [ -75.56101579907066, 6.237716039794381 ] ] ] } },
{ "type": "Feature", "properties": { "objectid": 637, "codigo": "0304-1", "nombre": "Santa Inés", "riesgo": "Con condiciones de riesgo", "descripcion": "Zona con condiciones de riesgo por inundaciones", "tipo_amenaza": "Inundaciones", "categoria_proteccion": "Áreas de Amenaza y Riesgo", "subcategoria_proteccion": "Zona con condiciones de riesgo", "fecha_adopcion": "2014-12-17T00:00:00", "fecha_actualizacion": "2026-04-30T00:00:00", "st_area(shape)": 91.519219782508671, "st_perimeter(shape)": 63.374093743123915 }, "geometry": { "type": "Polygon", "coordinates": [ [ [ -75.546459615601734, 6.271020630861857 ], [ -75.546457716420363, 6.271053394983337 ], [ -75.546485110465554, 6.271045172773825 ], [ -75.546563996856008, 6.271019461642837 ], [ -75.546702389063412, 6.270972181258752 ], [ -75.546702389593136, 6.270944562603185 ], [ -75.546459615601734, 6.271020630861857 ] ] ] } },
{ "type": "Feature", "properties": { "objectid": 638, "codigo": "0304-2", "nombre": "Santa Inés", "riesgo": "Con condiciones de riesgo", "descripcion": "Zona con condiciones de riesgo por inundaciones", "tipo_amenaza": "Inundaciones", "categoria_proteccion": "Áreas de Amenaza y Riesgo", "subcategoria_proteccion": "Zona con condiciones de riesgo", "fecha_adopcion": "2014-12-17T00:00:00", "fecha_actualizacion": "2026-04-30T00:00:00", "st_area(shape)": 265.00513537815937, "st_perimeter(shape)": 103.64641946947999 }, "geometry": { "type": "Polygon", "coordinates": [ [ [ -75.545150252786328, 6.27091735294825 ], [ -75.545113917682443, 6.270921178459182 ], [ -75.545054634226673, 6.270928830437376 ], [ -75.545003000613789, 6.270933612674988 ], [ -75.544959015285571, 6.27093743827388 ], [ -75.54494467258985, 6.270937437431748 ], [ -75.544904513721235, 6.2709412625192 ], [ -75.544872959296441, 6.270952742475311 ], [ -75.544845229127901, 6.270968050831829 ], [ -75.544823237702559, 6.270979531343223 ], [ -75.544801244592165, 6.270991968408593 ], [ -75.544784752963579, 6.271004191597813 ], [ -75.544783568525133, 6.271005887129596 ], [ -75.544774930874866, 6.271016157264478 ], [ -75.54477385759013, 6.271017298038061 ], [ -75.544772059438344, 6.271074818896222 ], [ -75.544792078806424, 6.271060058819882 ], [ -75.544822556900087, 6.271043316760689 ], [ -75.54484885219874, 6.271028367976258 ], [ -75.544873355076305, 6.271014017377115 ], [ -75.544896662624609, 6.271002656140712 ], [ -75.544913993540334, 6.270994883411723 ], [ -75.544945667341565, 6.270987709138754 ], [ -75.544977938804493, 6.270984719788618 ], [ -75.545080129322102, 6.270981733404684 ], [ -75.545167979645058, 6.270966787519569 ], [ -75.545172592788873, 6.270966167491138 ], [ -75.545152062169876, 6.27091708558258 ], [ -75.545150252786328, 6.27091735294825 ] ] ] } },
{ "type": "Feature", "properties": { "objectid": 639, "codigo": "0210-8", "nombre": "Belalcázar", "riesgo": "Alto riesgo no mitigable", "descripcion": "Zona de alto riesgo no mitigable por inundaciones", "tipo_amenaza": "Inundaciones", "categoria_proteccion": "Áreas de Amenaza y Riesgo", "subcategoria_proteccion": "Zona de riesgo no mitigable", "fecha_adopcion": "2014-12-17T00:00:00", "fecha_actualizacion": "2026-04-30T00:00:00", "st_area(shape)": 489.22654772365468, "st_perimeter(shape)": 128.81489203385891 }, "geometry": { "type": "Polygon", "coordinates": [ [ [ -75.561415591606305, 6.294469280483897 ], [ -75.561415007082786, 6.294517407474506 ], [ -75.561417921325145, 6.294584001535283 ], [ -75.56149639217584, 6.294557829794421 ], [ -75.561682854983076, 6.294457368264836 ], [ -75.56181672706964, 6.294318635890696 ], [ -75.561868127600818, 6.294273026931219 ], [ -75.561852050088063, 6.294279205778089 ], [ -75.561422314389731, 6.294467124673742 ], [ -75.561415591606305, 6.294469280483897 ] ] ] } },
{ "type": "Feature", "properties": { "objectid": 640, "codigo": "0508-2", "nombre": "Belalcázar", "riesgo": "Con condiciones de riesgo", "descripcion": "Zona con condiciones de riesgo por inundaciones", "tipo_amenaza": "Inundaciones", "categoria_proteccion": "Áreas de Amenaza y Riesgo", "subcategoria_proteccion": "Zona con condiciones de riesgo", "fecha_adopcion": "2014-12-17T00:00:00", "fecha_actualizacion": "2026-04-30T00:00:00", "st_area(shape)": 158.78532587505924, "st_perimeter(shape)": 75.323575547404587 }, "geometry": { "type": "Polygon", "coordinates": [ [ [ -75.561822986459347, 6.295327901368347 ], [ -75.561831386724123, 6.295332104859741 ], [ -75.561926253538346, 6.29535583725932 ], [ -75.561943758633419, 6.295376177551955 ], [ -75.561960699007059, 6.295396518807671 ], [ -75.561973685864245, 6.295421380059245 ], [ -75.561980114294073, 6.295445430891323 ], [ -75.561986673435243, 6.295469972005205 ], [ -75.561986673721606, 6.29549822227592 ], [ -75.562007008150815, 6.295505718653735 ], [ -75.562037732316981, 6.295476476731111 ], [ -75.562023094520498, 6.295452880281009 ], [ -75.562011619946546, 6.295431831410812 ], [ -75.562002058456628, 6.295402170679136 ], [ -75.561997276964135, 6.295378250992663 ], [ -75.561991245622949, 6.295363499545776 ], [ -75.561968950207017, 6.295336233894585 ], [ -75.56191272600789, 6.295271938507069 ], [ -75.561822986459347, 6.295327901368347 ] ] ] } },
{ "type": "Feature", "properties": { "objectid": 683, "codigo": "0402-7", "nombre": "San Isidro", "riesgo": "Con condiciones de riesgo", "descripcion": "Zona con condiciones de riesgo por inundaciones", "tipo_amenaza": "Inundaciones", "categoria_proteccion": "Áreas de Amenaza y Riesgo", "subcategoria_proteccion": "Zona con condiciones de riesgo", "fecha_adopcion": "2014-12-17T00:00:00", "fecha_actualizacion": "2026-04-30T00:00:00", "st_area(shape)": 69.9665404471735, "st_perimeter(shape)": 34.265397832341307 }, "geometry": { "type": "Polygon", "coordinates": [ [ [ -75.559745902444092, 6.28616300995448 ], [ -75.559736021379052, 6.28617246096448 ], [ -75.559732012341968, 6.286182621860548 ], [ -75.559736258075816, 6.286192585915523 ], [ -75.559746246346975, 6.286201170217519 ], [ -75.559783923143755, 6.28622012721976 ], [ -75.559820916133333, 6.286242075609064 ], [ -75.559854241013028, 6.286191134657015 ], [ -75.559827479401918, 6.286176302932713 ], [ -75.559794013250382, 6.286162907205243 ], [ -75.559757382543552, 6.286160895998737 ], [ -75.559745902444092, 6.28616300995448 ] ] ] } },
{ "type": "Feature", "properties": { "objectid": 641, "codigo": "0408-1", "nombre": "San Pedro", "riesgo": "Con condiciones de riesgo", "descripcion": "Zona con condiciones de riesgo por inundaciones", "tipo_amenaza": "Inundaciones", "categoria_proteccion": "Áreas de Amenaza y Riesgo", "subcategoria_proteccion": "Zona con condiciones de riesgo", "fecha_adopcion": "2014-12-17T00:00:00", "fecha_actualizacion": "2026-04-30T00:00:00", "st_area(shape)": 2735.8807158002783, "st_perimeter(shape)": 509.82857688921962 }, "geometry": { "type": "Polygon", "coordinates": [ [ [ -75.559988705056995, 6.264382599624806 ], [ -75.560018345629587, 6.264394081620694 ], [ -75.560054680321457, 6.264405563481509 ], [ -75.560106312813247, 6.26441991530048 ], [ -75.560157945461157, 6.264435225455932 ], [ -75.560197148965628, 6.264441922375299 ], [ -75.560243044638966, 6.264447663534207 ], [ -75.560287984709603, 6.264449577789003 ], [ -75.560326230529142, 6.264444794622821 ], [ -75.560370214696377, 6.26444096799826 ], [ -75.560407505657167, 6.264431399580555 ], [ -75.560435234002952, 6.264422789182468 ], [ -75.560462006886723, 6.264411307514666 ], [ -75.560503667562571, 6.264347892317505 ], [ -75.560527571916793, 6.264316796700888 ], [ -75.560577771329676, 6.264294073916825 ], [ -75.560655459154901, 6.264271349806526 ], [ -75.560711633804388, 6.264252215129555 ], [ -75.560761832543335, 6.264235472035707 ], [ -75.56082398366415, 6.26422351291593 ], [ -75.560872987228677, 6.264228296778506 ], [ -75.560919599532696, 6.264236668921937 ], [ -75.560972188738702, 6.264253413645917 ], [ -75.5610295586565, 6.264262981799947 ], [ -75.561089319259679, 6.264272549120266 ], [ -75.56109089406074, 6.26427310106523 ], [ -75.561175981877341, 6.26430823007339 ], [ -75.561237653491474, 6.264315406648974 ], [ -75.561309365819127, 6.264322582996082 ], [ -75.561349525533828, 6.264308231398949 ], [ -75.561409764434231, 6.264273787624022 ], [ -75.561419803819646, 6.264242213637313 ], [ -75.561452791687984, 6.264226427909088 ], [ -75.561503724258458, 6.264238996505493 ], [ -75.561554622953906, 6.264253696217249 ], [ -75.561605239657524, 6.264254115285975 ], [ -75.561641752737103, 6.264245866054917 ], [ -75.561666936979279, 6.264087105725155 ], [ -75.561663627278122, 6.264091521226363 ], [ -75.56164211310589, 6.26411878990074 ], [ -75.561606257288005, 6.26414175280268 ], [ -75.561581874027638, 6.26414892928605 ], [ -75.561530241124004, 6.264143188237048 ], [ -75.561490083018242, 6.264141751592376 ], [ -75.56144568064768, 6.264143366207584 ], [ -75.561412812590845, 6.264148150298777 ], [ -75.561393689013755, 6.264151139526848 ], [ -75.561361418668483, 6.264154728192103 ], [ -75.561347076596533, 6.264160707419156 ], [ -75.561329556123255, 6.264172088778815 ], [ -75.561323769792637, 6.264176853603756 ], [ -75.561313610689567, 6.264184626922094 ], [ -75.561288919462996, 6.264197204164731 ], [ -75.561266210058477, 6.264200792237182 ], [ -75.561233939288513, 6.264203183873954 ], [ -75.561190912300162, 6.264203183364047 ], [ -75.561151470675711, 6.26419600670047 ], [ -75.561114419078805, 6.264181655200733 ], [ -75.561070195904406, 6.26416610734147 ], [ -75.560947090632624, 6.264129031196806 ], [ -75.560839522161089, 6.264118267030512 ], [ -75.560749882137586, 6.264118266269732 ], [ -75.560663826755487, 6.264145772327764 ], [ -75.560540719769776, 6.264172083252784 ], [ -75.560455315588996, 6.264201772212344 ], [ -75.56044097320212, 6.264218993872332 ], [ -75.560405661113194, 6.264251016733872 ], [ -75.560391318282782, 6.264278524312708 ], [ -75.560375780022596, 6.264308423641688 ], [ -75.56036263319146, 6.264329951105281 ], [ -75.5603375336418, 6.264356262645462 ], [ -75.560300481368131, 6.264374201834291 ], [ -75.560268210640245, 6.264374201175152 ], [ -75.560227574297855, 6.264374200672895 ], [ -75.560176180505053, 6.264368221452146 ], [ -75.56012837217105, 6.264352672929764 ], [ -75.560088931177432, 6.264339516479597 ], [ -75.560041122357333, 6.264325164974871 ], [ -75.560019608927988, 6.264309616452363 ], [ -75.559998096337239, 6.264270148210457 ], [ -75.559995705994481, 6.264247425437686 ], [ -75.55998255893256, 6.26422350571279 ], [ -75.559955068951524, 6.264203173848325 ], [ -75.559927578719154, 6.264190017806924 ], [ -75.559896504351769, 6.264161313407394 ], [ -75.559842414762159, 6.264141489291461 ], [ -75.559808948838864, 6.264142445543348 ], [ -75.559771658203061, 6.264142444940784 ], [ -75.559743929113623, 6.264146271723726 ], [ -75.559720980971491, 6.26414722906863 ], [ -75.559703228350756, 6.264151034276026 ], [ -75.559687538687427, 6.26424719025259 ], [ -75.559722003131782, 6.264241441933165 ], [ -75.559757859174297, 6.264236659628354 ], [ -75.559794910793485, 6.264237855709222 ], [ -75.559851085704665, 6.264264167398523 ], [ -75.559865427711287, 6.264273735071172 ], [ -75.559900088616672, 6.264301243018918 ], [ -75.559920406178691, 6.264344298232346 ], [ -75.559921797616752, 6.264347084197894 ], [ -75.559935159873092, 6.264356766045827 ], [ -75.559988705056995, 6.264382599624806 ] ] ] } },
{ "type": "Feature", "properties": { "objectid": 642, "codigo": "0408-2", "nombre": "San Pedro", "riesgo": "Con condiciones de riesgo", "descripcion": "Zona con condiciones de riesgo por inundaciones", "tipo_amenaza": "Inundaciones", "categoria_proteccion": "Áreas de Amenaza y Riesgo", "subcategoria_proteccion": "Zona con condiciones de riesgo", "fecha_adopcion": "2014-12-17T00:00:00", "fecha_actualizacion": "2026-04-30T00:00:00", "st_area(shape)": 3017.6815075230957, "st_perimeter(shape)": 541.91412771136049 }, "geometry": { "type": "Polygon", "coordinates": [ [ [ -75.560430138229904, 6.269806502296243 ], [ -75.560454772122057, 6.269814893989998 ], [ -75.560694742960564, 6.269861586840109 ], [ -75.561054883089923, 6.269899053532148 ], [ -75.561057031804509, 6.269815242291835 ], [ -75.560671167554176, 6.269775545222135 ], [ -75.560238498490662, 6.269687039212894 ], [ -75.560066387907796, 6.269679860834635 ], [ -75.559729336856122, 6.269657134900294 ], [ -75.559589495825961, 6.26965354529018 ], [ -75.559501049412191, 6.269661917140304 ], [ -75.55947475474801, 6.26967387570916 ], [ -75.559413798142216, 6.269690619014829 ], [ -75.559361208598403, 6.269693010476626 ], [ -75.559290690060365, 6.269694205689616 ], [ -75.55923810100029, 6.269695401015224 ], [ -75.55916877863929, 6.269698988037633 ], [ -75.559118579312212, 6.269702575676361 ], [ -75.559092284045548, 6.269704967969966 ], [ -75.559022961005851, 6.269701379149317 ], [ -75.558960810374614, 6.269703770255618 ], [ -75.558878339864634, 6.269709748604493 ], [ -75.558811407868532, 6.269709748197966 ], [ -75.558748060946257, 6.269698983256666 ], [ -75.558718034268281, 6.269688622459378 ], [ -75.558707574819309, 6.269767112217974 ], [ -75.558709023871401, 6.269767257030065 ], [ -75.558741533646653, 6.269768213924952 ], [ -75.558761613069862, 6.269765342995425 ], [ -75.558786473920449, 6.269773955175133 ], [ -75.558805597254505, 6.269781609906405 ], [ -75.558835239099508, 6.269781609799439 ], [ -75.558875398536458, 6.26978543690674 ], [ -75.558911732906225, 6.269797876146741 ], [ -75.558948066663817, 6.269817969482843 ], [ -75.558991095684419, 6.269821796126199 ], [ -75.559024560482854, 6.269822753762063 ], [ -75.559055158700048, 6.26982562400302 ], [ -75.559089581229586, 6.269826581477312 ], [ -75.559118266246116, 6.269826582410285 ], [ -75.559164162601206, 6.269821798868217 ], [ -75.559193804752397, 6.269812231571938 ], [ -75.559215795569472, 6.269812231745785 ], [ -75.559249261704608, 6.269821799087061 ], [ -75.559285596834314, 6.269821799711343 ], [ -75.5593190632855, 6.269816059761642 ], [ -75.559346791766814, 6.269812232883095 ], [ -75.559373565826704, 6.26980649216941 ], [ -75.559410855973496, 6.269806492640831 ], [ -75.559452928459962, 6.269800752232555 ], [ -75.559484481843057, 6.26979883872026 ], [ -75.559527509948424, 6.269796925205292 ], [ -75.559557150878604, 6.269796925965584 ], [ -75.559587748487274, 6.269795970035562 ], [ -75.559616433486624, 6.269795970037833 ], [ -75.55964607486294, 6.26979884039743 ], [ -75.559673804085691, 6.269799797080755 ], [ -75.55971138210235, 6.269795097528358 ], [ -75.560012182312164, 6.269777858630457 ], [ -75.560261851566992, 6.269803630514432 ], [ -75.560299142741982, 6.269804587452481 ], [ -75.560335477544541, 6.269808415049907 ], [ -75.560364162527932, 6.269808415010909 ], [ -75.560396673315665, 6.269804588216686 ], [ -75.560430138229904, 6.269806502296243 ] ] ] } },
{ "type": "Feature", "properties": { "objectid": 643, "codigo": "7007-1", "nombre": "San José del Manzanillo", "riesgo": "Con condiciones de riesgo", "descripcion": "Zona con condiciones de riesgo por inundaciones", "tipo_amenaza": "Inundaciones", "categoria_proteccion": "Áreas de Amenaza y Riesgo", "subcategoria_proteccion": "Zona con condiciones de riesgo", "fecha_adopcion": "2014-12-17T00:00:00", "fecha_actualizacion": "2026-04-30T00:00:00", "st_area(shape)": 421.64876500405842, "st_perimeter(shape)": 129.94593728948593 }, "geometry": { "type": "Polygon", "coordinates": [ [ [ -75.617049740145134, 6.204767152973923 ], [ -75.617027555556973, 6.204817916197517 ], [ -75.616984542518694, 6.204918382712979 ], [ -75.616920015860984, 6.204990147741145 ], [ -75.61682680977205, 6.205090619220423 ], [ -75.616798135112518, 6.205162380579108 ], [ -75.616798142645408, 6.205241316690778 ], [ -75.616792115721722, 6.205268474601624 ], [ -75.616990477265603, 6.205080802898931 ], [ -75.617049740145134, 6.204767152973923 ] ] ] } },
{ "type": "Feature", "properties": { "objectid": 644, "codigo": "7007-2", "nombre": "San José del Manzanillo", "riesgo": "Con condiciones de riesgo", "descripcion": "Zona con condiciones de riesgo por inundaciones", "tipo_amenaza": "Inundaciones", "categoria_proteccion": "Áreas de Amenaza y Riesgo", "subcategoria_proteccion": "Zona con condiciones de riesgo", "fecha_adopcion": "2014-12-17T00:00:00", "fecha_actualizacion": "2026-04-30T00:00:00", "st_area(shape)": 25.859793666208656, "st_perimeter(shape)": 51.81785980671954 }, "geometry": { "type": "Polygon", "coordinates": [ [ [ -75.617499522358855, 6.203075232714534 ], [ -75.617493460009541, 6.203081300894803 ], [ -75.617421769575429, 6.203210473778212 ], [ -75.617393990209138, 6.203282777627349 ], [ -75.617411868733029, 6.203266671124133 ], [ -75.617499522358855, 6.203075232714534 ] ] ] } },
{ "type": "Feature", "properties": { "objectid": 645, "codigo": "7007-4", "nombre": "San José del Manzanillo", "riesgo": "Con condiciones de riesgo", "descripcion": "Zona con condiciones de riesgo por inundaciones", "tipo_amenaza": "Inundaciones", "categoria_proteccion": "Áreas de Amenaza y Riesgo", "subcategoria_proteccion": "Zona con condiciones de riesgo", "fecha_adopcion": "2014-12-17T00:00:00", "fecha_actualizacion": "2026-04-30T00:00:00", "st_area(shape)": 5480.9955144469905, "st_perimeter(shape)": 644.16018975747591 }, "geometry": { "type": "MultiPolygon", "coordinates": [ [ [ [ -75.613650411821027, 6.206217538201011 ], [ -75.613793823044816, 6.206246228184732 ], [ -75.61390855427787, 6.206289273437969 ], [ -75.613994607654831, 6.206361025039763 ], [ -75.614051976953547, 6.20642560173951 ], [ -75.614119510892181, 6.206473299112669 ], [ -75.614140582831865, 6.206469967521129 ], [ -75.614169261542457, 6.206438869886322 ], [ -75.614183600253924, 6.206414949011984 ], [ -75.614197936614786, 6.206367108494682 ], [ -75.61421466223355, 6.206312091489345 ], [ -75.614217049941175, 6.206276211965486 ], [ -75.614225773075106, 6.206243459031828 ], [ -75.614222588847142, 6.206223711981052 ], [ -75.614201549981075, 6.206158652976454 ], [ -75.614170951950243, 6.206116555526862 ], [ -75.61412505630669, 6.206070634420033 ], [ -75.614040921706902, 6.206045766112682 ], [ -75.613972083236902, 6.206030464053963 ], [ -75.613937664709383, 6.206030466801988 ], [ -75.613811465250905, 6.206030478959411 ], [ -75.613759838968306, 6.206041965092435 ], [ -75.61369291545688, 6.206051539642456 ], [ -75.61363364089992, 6.206057285679035 ], [ -75.613574364127146, 6.206043896348743 ], [ -75.613494053700705, 6.206028594823806 ], [ -75.61344242489028, 6.206015204774435 ], [ -75.613325783788227, 6.205988425652094 ], [ -75.613266505412128, 6.205967381595697 ], [ -75.613140299026824, 6.205887023404537 ], [ -75.613092294034288, 6.205858866549172 ], [ -75.613035223762182, 6.20586572537807 ], [ -75.612977866195735, 6.205927922363556 ], [ -75.612977871862981, 6.205985329381643 ], [ -75.612992221078059, 6.206076222560915 ], [ -75.612996863938875, 6.206081255153014 ], [ -75.613012229432343, 6.206081254324215 ], [ -75.613105448290796, 6.206109950056703 ], [ -75.613198666391483, 6.206145820408639 ], [ -75.613327738364077, 6.206174511729684 ], [ -75.613399443979262, 6.206188856777145 ], [ -75.613564363932113, 6.20618884152511 ], [ -75.613650411821027, 6.206217538201011 ] ] ], [ [ [ -75.614695065717271, 6.206132649648369 ], [ -75.61465921602813, 6.206161356221735 ], [ -75.614635317001131, 6.206187669465437 ], [ -75.61462815064948, 6.206230726423715 ], [ -75.614637715838384, 6.206280956711408 ], [ -75.614663434129454, 6.206320723145066 ], [ -75.614747503290943, 6.206346602386109 ], [ -75.614833550110589, 6.206368121497545 ], [ -75.614905260532026, 6.206432697716442 ], [ -75.615012820298531, 6.206454215358518 ], [ -75.615102227606585, 6.206464734375017 ], [ -75.615132492702529, 6.206441171450132 ], [ -75.615158781005249, 6.206410073846214 ], [ -75.615163558122489, 6.206376585529939 ], [ -75.615161165284661, 6.206347881676306 ], [ -75.615155592208808, 6.206333384578362 ], [ -75.61510790800682, 6.20630782646136 ], [ -75.61501612048022, 6.206242773594859 ], [ -75.614962578907566, 6.206223642439948 ], [ -75.614888005010201, 6.206204513946084 ], [ -75.61483828886854, 6.206200691321456 ], [ -75.614750328247894, 6.206166255391813 ], [ -75.614711999752373, 6.206126484364561 ], [ -75.614695065717271, 6.206132649648369 ] ] ], [ [ [ -75.616037881285465, 6.206114437960998 ], [ -75.616031154504867, 6.206094250101815 ], [ -75.616002470920648, 6.206070333042299 ], [ -75.61598008699896, 6.206062430099005 ], [ -75.615926273583483, 6.206085773136648 ], [ -75.615874648492522, 6.206110654009171 ], [ -75.615815373648076, 6.206114487293923 ], [ -75.615725502082498, 6.206095360404293 ], [ -75.615696817890296, 6.206068572934081 ], [ -75.615652834202379, 6.206020737708444 ], [ -75.615626060910969, 6.20598247006926 ], [ -75.615599287939645, 6.205949941400606 ], [ -75.615587478054039, 6.205941500696222 ], [ -75.615579402387269, 6.205945992200974 ], [ -75.615555502231601, 6.205960346558383 ], [ -75.615531603271037, 6.20598665982028 ], [ -75.615524435908412, 6.206022540333152 ], [ -75.615526828808029, 6.206053634513238 ], [ -75.615534002248808, 6.206079946996887 ], [ -75.615534698007508, 6.206081078154086 ], [ -75.615565010386902, 6.20609145341385 ], [ -75.615595129540395, 6.206120154025565 ], [ -75.615639590055437, 6.206154593244324 ], [ -75.615711297809582, 6.206191901072737 ], [ -75.61576006019969, 6.20622634071033 ], [ -75.615805952789088, 6.206240688227068 ], [ -75.615877657066221, 6.206240680957788 ], [ -75.615960832606703, 6.206229191463406 ], [ -75.616027105380923, 6.206192494432673 ], [ -75.616040722358775, 6.206173183298813 ], [ -75.616043108854441, 6.206130128299691 ], [ -75.616041742591179, 6.2061260279087 ], [ -75.616031521514444, 6.206125047805052 ], [ -75.616037881285465, 6.206114437960998 ] ] ] ] } },
{ "type": "Feature", "properties": { "objectid": 646, "codigo": "7008-1", "nombre": "El Jardín", "riesgo": "Con condiciones de riesgo", "descripcion": "Zona con condiciones de riesgo por inundaciones", "tipo_amenaza": "Inundaciones", "categoria_proteccion": "Áreas de Amenaza y Riesgo", "subcategoria_proteccion": "Zona con condiciones de riesgo", "fecha_adopcion": "2014-12-17T00:00:00", "fecha_actualizacion": "2026-04-30T00:00:00", "st_area(shape)": 5352.1987015866544, "st_perimeter(shape)": 568.71958251895092 }, "geometry": { "type": "MultiPolygon", "coordinates": [ [ [ [ -75.616792115721722, 6.205268474601624 ], [ -75.616769474032239, 6.205370484899232 ], [ -75.616747971799796, 6.205463773527549 ], [ -75.616683442685982, 6.205514012015688 ], [ -75.616597400110763, 6.205542723616593 ], [ -75.616543186869507, 6.205560814266054 ], [ -75.616542595115135, 6.205563184019795 ], [ -75.616537816722982, 6.205579927322764 ], [ -75.616530649492503, 6.205618199960473 ], [ -75.6165282640588, 6.205666040127769 ], [ -75.616537826933921, 6.205692349807327 ], [ -75.616547389625779, 6.205711484869542 ], [ -75.616578464553697, 6.205740187015499 ], [ -75.616607146704268, 6.205744966913164 ], [ -75.616632951339398, 6.205746579649754 ], [ -75.616704973399536, 6.205707759447212 ], [ -75.616841204275545, 6.205635985224365 ], [ -75.616934411905874, 6.205557042064649 ], [ -75.616955915002521, 6.205463753436786 ], [ -75.616955906533306, 6.205384818244098 ], [ -75.616955898780049, 6.205298707528194 ], [ -75.616977402466503, 6.205226947268062 ], [ -75.617056268824797, 6.20514082809061 ], [ -75.617170985888336, 6.205040354191763 ], [ -75.617235513600036, 6.204975764657365 ], [ -75.617292867954859, 6.204889647875642 ], [ -75.617364554397113, 6.204710243594981 ], [ -75.617371715361443, 6.204609779874504 ], [ -75.617378871547999, 6.20446626126648 ], [ -75.617378762851885, 6.204465287228185 ], [ -75.617304230632669, 6.204380057611078 ], [ -75.617232521819133, 6.204350165040999 ], [ -75.617172769146421, 6.204356151512018 ], [ -75.617130948116483, 6.204421935117681 ], [ -75.61712814675144, 6.204430349486507 ], [ -75.617135083975583, 6.204530868280988 ], [ -75.617113581976497, 6.204631332403242 ], [ -75.617077736421066, 6.204703094851091 ], [ -75.617049740145134, 6.204767152973923 ], [ -75.616990477265603, 6.205080802898931 ], [ -75.616792115721722, 6.205268474601624 ] ] ], [ [ [ -75.617393990209138, 6.203282777627349 ], [ -75.617350084244734, 6.203397055302569 ], [ -75.617287949903272, 6.203507626949515 ], [ -75.617292193803792, 6.203518950104775 ], [ -75.617345978219234, 6.203578743580523 ], [ -75.617399755644129, 6.203578738992679 ], [ -75.617471460373352, 6.203578731654204 ], [ -75.617496222405222, 6.203568816464423 ], [ -75.617507846550467, 6.203540556872638 ], [ -75.617601044964971, 6.203368325790255 ], [ -75.617687074991878, 6.203224798769588 ], [ -75.617694234708168, 6.203109984048587 ], [ -75.617665542754239, 6.203002348510632 ], [ -75.617565157350469, 6.203009534826289 ], [ -75.617499522358855, 6.203075232714534 ], [ -75.617411868733029, 6.203266671124133 ], [ -75.617393990209138, 6.203282777627349 ] ] ], [ [ [ -75.616037881285465, 6.206114437960998 ], [ -75.616031521514444, 6.206125047805052 ], [ -75.616041742591179, 6.2061260279087 ], [ -75.616037881285465, 6.206114437960998 ] ] ] ] } },
{ "type": "Feature", "properties": { "objectid": 655, "codigo": "0606-2", "nombre": "San Martín de Porres", "riesgo": "Con condiciones de riesgo", "descripcion": "Zona con condiciones de riesgo por inundaciones", "tipo_amenaza": "Inundaciones", "categoria_proteccion": "Áreas de Amenaza y Riesgo", "subcategoria_proteccion": "Zona con condiciones de riesgo", "fecha_adopcion": "2014-12-17T00:00:00", "fecha_actualizacion": "2026-04-30T00:00:00", "st_area(shape)": 232.77115792874474, "st_perimeter(shape)": 76.849944217611451 }, "geometry": { "type": "Polygon", "coordinates": [ [ [ -75.582402350899628, 6.292203089551724 ], [ -75.582397570761884, 6.292250929154767 ], [ -75.582404744237536, 6.29230474708843 ], [ -75.582414308075016, 6.292344214467533 ], [ -75.582433434054522, 6.292381289361328 ], [ -75.582468097190855, 6.292426736040014 ], [ -75.582481246279826, 6.292450653563649 ], [ -75.582488391975986, 6.292463000515116 ], [ -75.582517745826593, 6.29237602915685 ], [ -75.582503953454562, 6.292351387934589 ], [ -75.582488414065324, 6.292328663868517 ], [ -75.582472874816503, 6.292295177616676 ], [ -75.582470483181822, 6.292266474015555 ], [ -75.582470481978561, 6.292241357738251 ], [ -75.582474067094267, 6.292221027106057 ], [ -75.58248221153049, 6.292185706856038 ], [ -75.582413982121892, 6.292161185711902 ], [ -75.582402350899628, 6.292203089551724 ] ] ] } },
{ "type": "Feature", "properties": { "objectid": 647, "codigo": "0813-49", "nombre": "Villatina", "riesgo": "Alto riesgo no mitigable", "descripcion": "Zona de alto riesgo no mitigable por inundaciones", "tipo_amenaza": "Inundaciones", "categoria_proteccion": "Áreas de Amenaza y Riesgo", "subcategoria_proteccion": "Zona de riesgo no mitigable", "fecha_adopcion": "2014-12-17T00:00:00", "fecha_actualizacion": "2026-04-30T00:00:00", "st_area(shape)": 103.67272193621558, "st_perimeter(shape)": 129.21579372233427 }, "geometry": { "type": "Polygon", "coordinates": [ [ [ -75.538532947758171, 6.239481939579181 ], [ -75.538546974773269, 6.239487845418006 ], [ -75.53855257055227, 6.239490201677898 ], [ -75.538578893122633, 6.239490112723589 ], [ -75.538602219792608, 6.239490034597904 ], [ -75.538602700465262, 6.239490038608873 ], [ -75.538637060136097, 6.239490827666987 ], [ -75.53866309780021, 6.239491425400067 ], [ -75.53866402758959, 6.239491447135749 ], [ -75.538746883524979, 6.239493356688339 ], [ -75.538765630620233, 6.239494630589899 ], [ -75.538771910728258, 6.239494629236479 ], [ -75.53878282685551, 6.239495053966333 ], [ -75.53878376401174, 6.239495479804818 ], [ -75.538788316677412, 6.239495482261045 ], [ -75.538802814021551, 6.239495491910606 ], [ -75.538815319182604, 6.23949550122176 ], [ -75.5388181151053, 6.239496364728177 ], [ -75.538848745068776, 6.239496377947296 ], [ -75.538851570801356, 6.239497240405623 ], [ -75.538882171953418, 6.239497274556328 ], [ -75.538884881973132, 6.239498123106689 ], [ -75.538914695196297, 6.239498138452503 ], [ -75.538918308800433, 6.239499007960143 ], [ -75.538923127991453, 6.239499010033956 ], [ -75.538925535780024, 6.239499011079551 ], [ -75.538948121115055, 6.239499022404309 ], [ -75.538951734732208, 6.239499894623982 ], [ -75.538961947733583, 6.239499899616129 ], [ -75.538962561202041, 6.239499900273986 ], [ -75.538970614867011, 6.239499903022318 ], [ -75.538981547940878, 6.239499907253676 ], [ -75.538985161571091, 6.239500782185385 ], [ -75.53898697486818, 6.239500783385468 ], [ -75.538998398535128, 6.239500787962789 ], [ -75.539014973875581, 6.239500794817519 ], [ -75.539018587518797, 6.239501672461244 ], [ -75.539031082718097, 6.239501677294665 ], [ -75.539041194522355, 6.239501680965093 ], [ -75.539048400717334, 6.239501683278924 ], [ -75.539052014373581, 6.239502563634665 ], [ -75.53907735802089, 6.239502570691799 ], [ -75.539081826654893, 6.239502571742515 ], [ -75.53908544032852, 6.239503455714363 ], [ -75.539089730076938, 6.239503457627771 ], [ -75.539087633951695, 6.239488066174791 ], [ -75.539068064085214, 6.23948760453003 ], [ -75.539056256027393, 6.239487326957676 ], [ -75.539043789249575, 6.239487032671505 ], [ -75.539029429465344, 6.239486695076208 ], [ -75.539018329810901, 6.239485869810476 ], [ -75.539005770287517, 6.23948582821819 ], [ -75.538995820059355, 6.239485793931983 ], [ -75.538974573395762, 6.239484971492432 ], [ -75.53896800384338, 6.239484716571977 ], [ -75.538950590468403, 6.239484042001215 ], [ -75.538928693219802, 6.239483954124748 ], [ -75.538927194310219, 6.23948394779179 ], [ -75.538883751905445, 6.239482216167715 ], [ -75.538858575755143, 6.239482095278955 ], [ -75.538850328574696, 6.239481306883684 ], [ -75.538823394910466, 6.239481136605623 ], [ -75.538816046722999, 6.239480353819681 ], [ -75.538799544221533, 6.239480276086314 ], [ -75.538789968885339, 6.239480230947136 ], [ -75.538783541265204, 6.239479431063769 ], [ -75.538754931685261, 6.239479270672289 ], [ -75.538751060977376, 6.239478481965135 ], [ -75.538746705913169, 6.239478425212943 ], [ -75.538685585033647, 6.23947763049759 ], [ -75.538663471790258, 6.239477342938386 ], [ -75.538659610567223, 6.239477210570906 ], [ -75.538574106103795, 6.239474276756728 ], [ -75.538570843101155, 6.239474355778802 ], [ -75.538560930344914, 6.23947459886632 ], [ -75.538551067265999, 6.239474839001762 ], [ -75.538529143621403, 6.23946570558269 ], [ -75.53851751617492, 6.239472353538655 ], [ -75.538523800630699, 6.239476257032472 ], [ -75.538532947758171, 6.239481939579181 ] ] ] } },
{ "type": "Feature", "properties": { "objectid": 648, "codigo": "0402-2", "nombre": "San Isidro", "riesgo": "Con condiciones de riesgo", "descripcion": "Zona con condiciones de riesgo por inundaciones", "tipo_amenaza": "Inundaciones", "categoria_proteccion": "Áreas de Amenaza y Riesgo", "subcategoria_proteccion": "Zona con condiciones de riesgo", "fecha_adopcion": "2014-12-17T00:00:00", "fecha_actualizacion": "2026-04-30T00:00:00", "st_area(shape)": 192.04052045171744, "st_perimeter(shape)": 66.086606723138416 }, "geometry": { "type": "Polygon", "coordinates": [ [ [ -75.558677459764994, 6.286834217949004 ], [ -75.558660726055322, 6.286841991047768 ], [ -75.55864459045273, 6.286852157077434 ], [ -75.55863383331031, 6.286858734625087 ], [ -75.558618294999974, 6.286866508198503 ], [ -75.558599170494162, 6.286874282153253 ], [ -75.558578850948123, 6.286875478316517 ], [ -75.558563312513769, 6.286877868889268 ], [ -75.558539407576603, 6.286883849011669 ], [ -75.558518490255295, 6.286888632848807 ], [ -75.558504744683916, 6.286891622195703 ], [ -75.558482034501537, 6.286895808160014 ], [ -75.558471278046767, 6.286901788093224 ], [ -75.55845872720127, 6.286915541207143 ], [ -75.558448566730149, 6.286928099152822 ], [ -75.558449762196474, 6.286935873064553 ], [ -75.558456335983976, 6.286947235227587 ], [ -75.558471276825927, 6.286961586960637 ], [ -75.558484424790166, 6.286965175141678 ], [ -75.558499963176629, 6.286965175909949 ], [ -75.558519684624315, 6.286961587720817 ], [ -75.558538809299989, 6.286956803618915 ], [ -75.558560323229784, 6.286950225840378 ], [ -75.558578252078803, 6.286944246046211 ], [ -75.558605146233475, 6.286936472923593 ], [ -75.558635027523806, 6.28692869873485 ], [ -75.558650566098223, 6.286919131428465 ], [ -75.558664311332564, 6.286910161470866 ], [ -75.558680448060272, 6.286900594851537 ], [ -75.558686385572642, 6.28689843391487 ], [ -75.558684354360594, 6.286833395815955 ], [ -75.558677459764994, 6.286834217949004 ] ] ] } },
{ "type": "Feature", "properties": { "objectid": 649, "codigo": "0402-3", "nombre": "San Isidro", "riesgo": "Con condiciones de riesgo", "descripcion": "Zona con condiciones de riesgo por inundaciones", "tipo_amenaza": "Inundaciones", "categoria_proteccion": "Áreas de Amenaza y Riesgo", "subcategoria_proteccion": "Zona con condiciones de riesgo", "fecha_adopcion": "2014-12-17T00:00:00", "fecha_actualizacion": "2026-04-30T00:00:00", "st_area(shape)": 167.71539227441028, "st_perimeter(shape)": 54.986183081224617 }, "geometry": { "type": "Polygon", "coordinates": [ [ [ -75.560611134780302, 6.286954432435195 ], [ -75.560622143444007, 6.286966392125839 ], [ -75.560638877324777, 6.286986724626533 ], [ -75.560650202724943, 6.286995831243046 ], [ -75.560672344628856, 6.28701363470058 ], [ -75.56068071070446, 6.287021408714086 ], [ -75.560687882894698, 6.287033368216754 ], [ -75.560689622239579, 6.28703669309733 ], [ -75.560770466822802, 6.28703250964905 ], [ -75.560766694036545, 6.286970206048638 ], [ -75.560765976576803, 6.286964106008625 ], [ -75.560765259171816, 6.286957647946072 ], [ -75.560762749117288, 6.286951188723521 ], [ -75.560757011592145, 6.286944731756011 ], [ -75.560750915895682, 6.286940784507575 ], [ -75.560740517238216, 6.286938631279359 ], [ -75.560734421887801, 6.286938631314731 ], [ -75.560730476833399, 6.286939707536565 ], [ -75.560720796142348, 6.286940065986278 ], [ -75.560717927372409, 6.286940066483285 ], [ -75.560708962444579, 6.286939348262491 ], [ -75.56070394262602, 6.286937195797377 ], [ -75.560699281361821, 6.286936119258299 ], [ -75.560690675008289, 6.286930019904998 ], [ -75.560683504292314, 6.286924637697618 ], [ -75.560652650307148, 6.286884854945044 ], [ -75.560611134780302, 6.286954432435195 ] ] ] } },
{ "type": "Feature", "properties": { "objectid": 650, "codigo": "0402-4", "nombre": "San Isidro", "riesgo": "Con condiciones de riesgo", "descripcion": "Zona con condiciones de riesgo por inundaciones", "tipo_amenaza": "Inundaciones", "categoria_proteccion": "Áreas de Amenaza y Riesgo", "subcategoria_proteccion": "Zona con condiciones de riesgo", "fecha_adopcion": "2014-12-17T00:00:00", "fecha_actualizacion": "2026-04-30T00:00:00", "st_area(shape)": 75.999472400620334, "st_perimeter(shape)": 38.654314872208651 }, "geometry": { "type": "Polygon", "coordinates": [ [ [ -75.561743897938641, 6.288454934984765 ], [ -75.561745015600351, 6.288455850777837 ], [ -75.561757925162581, 6.288465179221528 ], [ -75.561800145232596, 6.288531547090431 ], [ -75.561870725069966, 6.28853426314816 ], [ -75.561830225090048, 6.288467103002588 ], [ -75.5618077854039, 6.288436670877234 ], [ -75.561743897938641, 6.288454934984765 ] ] ] } },
{ "type": "Feature", "properties": { "objectid": 651, "codigo": "0402-1", "nombre": "San Isidro", "riesgo": "Con condiciones de riesgo", "descripcion": "Zona con condiciones de riesgo por inundaciones", "tipo_amenaza": "Inundaciones", "categoria_proteccion": "Áreas de Amenaza y Riesgo", "subcategoria_proteccion": "Zona con condiciones de riesgo", "fecha_adopcion": "2014-12-17T00:00:00", "fecha_actualizacion": "2026-04-30T00:00:00", "st_area(shape)": 717.33519080256781, "st_perimeter(shape)": 221.28215711025385 }, "geometry": { "type": "Polygon", "coordinates": [ [ [ -75.559745902444092, 6.28616300995448 ], [ -75.559734671501445, 6.286165078388849 ], [ -75.559714950321407, 6.286169264215715 ], [ -75.559688057101553, 6.286179429610402 ], [ -75.559673116511178, 6.286188399106586 ], [ -75.559657577510706, 6.286199162550388 ], [ -75.559631879633685, 6.286211718850717 ], [ -75.559608571653584, 6.286224277006403 ], [ -75.559593631059954, 6.286233246501354 ], [ -75.559572714469908, 6.286249990667937 ], [ -75.55955837128927, 6.28626194979893 ], [ -75.559541637226886, 6.286278693370177 ], [ -75.559526099036134, 6.286294241291988 ], [ -75.559509364754561, 6.286310386351547 ], [ -75.55948665477888, 6.286330120109882 ], [ -75.559471117010304, 6.286346863246111 ], [ -75.55944661361211, 6.286371979743109 ], [ -75.559428684665505, 6.286385135377971 ], [ -75.55941314612663, 6.286394702695486 ], [ -75.559383264016617, 6.286412641684985 ], [ -75.559365335279168, 6.286426394926313 ], [ -75.559342625296665, 6.286446129586627 ], [ -75.559322903269191, 6.286458088839407 ], [ -75.559298400633494, 6.286477822333381 ], [ -75.559282264013746, 6.286495163297157 ], [ -75.559261945240507, 6.286516092311805 ], [ -75.55924819882074, 6.286529248254946 ], [ -75.559222499957983, 6.286556756517385 ], [ -75.559208754943043, 6.286578882006415 ], [ -75.55919381388081, 6.286599212390385 ], [ -75.55917409221648, 6.286627318824238 ], [ -75.55916512707276, 6.28664465992651 ], [ -75.559155564944163, 6.286660207510318 ], [ -75.559137636097589, 6.286678744331081 ], [ -75.559110144502782, 6.286698478899353 ], [ -75.559108885323482, 6.286699108893303 ], [ -75.55910589871965, 6.286776802693113 ], [ -75.559115522815489, 6.286772630163012 ], [ -75.559126877617743, 6.286767247611082 ], [ -75.559140622835869, 6.286758277645825 ], [ -75.559150185212047, 6.286753494247535 ], [ -75.559166320964138, 6.286746318057695 ], [ -75.55917946915153, 6.286737946816162 ], [ -75.559190226967203, 6.286730770744989 ], [ -75.559201581692548, 6.286717614760676 ], [ -75.559213534877344, 6.286700273489593 ], [ -75.559224292404267, 6.286684726379403 ], [ -75.559229670994938, 6.286673962070124 ], [ -75.559238635613369, 6.286660208429462 ], [ -75.559248197645687, 6.286649444426214 ], [ -75.559258955002633, 6.286630907466076 ], [ -75.559265529847124, 6.286622534965202 ], [ -75.559276883625245, 6.286611772131951 ], [ -75.55928465301001, 6.286601007867182 ], [ -75.5592954118178, 6.286589048210198 ], [ -75.559307961246915, 6.286576490311933 ], [ -75.559318120952057, 6.28656692221484 ], [ -75.559328281179305, 6.286553766655915 ], [ -75.55933545194344, 6.28654419963583 ], [ -75.559343819736853, 6.286531641422993 ], [ -75.559353979489089, 6.286519681987508 ], [ -75.559364736611172, 6.28651310443144 ], [ -75.559387446936014, 6.28649935037299 ], [ -75.559394020921914, 6.286488586538162 ], [ -75.559405376067318, 6.286476626672449 ], [ -75.559413743557556, 6.286468255336745 ], [ -75.5594245002478, 6.286460481661237 ], [ -75.559441831601887, 6.286453904453514 ], [ -75.559457967812406, 6.286445532136634 ], [ -75.55947529882279, 6.28643297432494 ], [ -75.55948904385572, 6.286421014506855 ], [ -75.559505778309443, 6.28640785929582 ], [ -75.559512351987451, 6.286401281433683 ], [ -75.559521316246673, 6.286394106007774 ], [ -75.559543947549102, 6.286376206142341 ], [ -75.559549326087733, 6.286367834075652 ], [ -75.559580776962918, 6.286325558134679 ], [ -75.559597216502539, 6.286309191205064 ], [ -75.559615743116325, 6.286297231472948 ], [ -75.559629488103312, 6.286287664799816 ], [ -75.559640245732723, 6.286277498876319 ], [ -75.559652795958371, 6.286269724551236 ], [ -75.559668334226686, 6.286261950960292 ], [ -75.559697020785777, 6.28625118821359 ], [ -75.559713157201415, 6.286243414404337 ], [ -75.559732281654817, 6.286235640424676 ], [ -75.559762163296739, 6.286229062312878 ], [ -75.559780688780648, 6.286229062886041 ], [ -75.559799215598233, 6.28623025957271 ], [ -75.559819534833707, 6.286243415014393 ], [ -75.559819882973869, 6.286243655607171 ], [ -75.559820916133333, 6.286242075609064 ], [ -75.559783923143755, 6.28622012721976 ], [ -75.559746246346975, 6.286201170217519 ], [ -75.559736258075816, 6.286192585915523 ], [ -75.559732012341968, 6.286182621860548 ], [ -75.559736021379052, 6.28617246096448 ], [ -75.559745902444092, 6.28616300995448 ] ] ] } },
{ "type": "Feature", "properties": { "objectid": 652, "codigo": "0402-9", "nombre": "San Isidro", "riesgo": "Con condiciones de riesgo", "descripcion": "Zona con condiciones de riesgo por inundaciones", "tipo_amenaza": "Inundaciones", "categoria_proteccion": "Áreas de Amenaza y Riesgo", "subcategoria_proteccion": "Zona con condiciones de riesgo", "fecha_adopcion": "2014-12-17T00:00:00", "fecha_actualizacion": "2026-04-30T00:00:00", "st_area(shape)": 570.5899100443504, "st_perimeter(shape)": 289.97680273029573 }, "geometry": { "type": "Polygon", "coordinates": [ [ [ -75.557945354294716, 6.289115993931059 ], [ -75.557946467145555, 6.289113524813234 ], [ -75.557956505107967, 6.289097341117269 ], [ -75.557967472974738, 6.289081187223471 ], [ -75.557978442143906, 6.289065484468466 ], [ -75.557992166178167, 6.289052167700444 ], [ -75.558007752121597, 6.289039339972957 ], [ -75.558022389319447, 6.289027433647057 ], [ -75.558039301549499, 6.289018827892748 ], [ -75.558055773219579, 6.289008821134814 ], [ -75.55807179257198, 6.288998334707169 ], [ -75.558088244843475, 6.288989719451111 ], [ -75.558106576165684, 6.288979740653557 ], [ -75.558123029339242, 6.288971125392442 ], [ -75.55814086421627, 6.288963468037582 ], [ -75.558158230105363, 6.288955802129845 ], [ -75.558174682421921, 6.288947196817012 ], [ -75.558191613573641, 6.288937657937676 ], [ -75.558207614890932, 6.288928103721462 ], [ -75.558226343585815, 6.288923259157791 ], [ -75.558245985891759, 6.288919362134865 ], [ -75.558263076756987, 6.288917538046475 ], [ -75.558265131279342, 6.288917320042212 ], [ -75.558286091779038, 6.288918576251047 ], [ -75.558306600873934, 6.288919354593555 ], [ -75.558326143191351, 6.288921985646727 ], [ -75.558340417878057, 6.288933872435829 ], [ -75.558353726665274, 6.288947606506921 ], [ -75.558372265273789, 6.288954884113613 ], [ -75.558392684320111, 6.288961266493595 ], [ -75.558411241421837, 6.288967152600851 ], [ -75.558430305750775, 6.28897070545802 ], [ -75.558449396704077, 6.288972866776968 ], [ -75.558469435450803, 6.28897317366831 ], [ -75.558508113301201, 6.288974703826597 ], [ -75.558545319341604, 6.288980868364601 ], [ -75.558563912469552, 6.288984883710115 ], [ -75.558581521727461, 6.288991690304011 ], [ -75.558599590939892, 6.288999429481596 ], [ -75.558617173177069, 6.289008100456356 ], [ -75.558633843136803, 6.289016281357097 ], [ -75.558650963118637, 6.2890244727102 ], [ -75.558668130623985, 6.289031481269577 ], [ -75.558669963986333, 6.289032229923539 ], [ -75.558687545308217, 6.289040898187182 ], [ -75.558704178349416, 6.289050951652502 ], [ -75.558719411243089, 6.289061448654709 ], [ -75.558735998359467, 6.28907430414295 ], [ -75.558752631812837, 6.289083887472984 ], [ -75.558768812993478, 6.289093000174452 ], [ -75.55878545548309, 6.289102583458688 ], [ -75.558802575952868, 6.289111243125011 ], [ -75.558820672658712, 6.289116659529824 ], [ -75.558829978670161, 6.289118197019201 ], [ -75.558904181059731, 6.289125893560849 ], [ -75.558909114266498, 6.28912640552447 ], [ -75.558927471135746, 6.28912626948997 ], [ -75.558929633265407, 6.289126253473642 ], [ -75.558949363892609, 6.289126559141159 ], [ -75.558950151849217, 6.289126570650788 ], [ -75.558969730189261, 6.289126406932715 ], [ -75.558988884601447, 6.289124363863247 ], [ -75.559008507560094, 6.289121870065295 ], [ -75.55902903464586, 6.28912078584626 ], [ -75.559048632373347, 6.28912015280363 ], [ -75.559067767394964, 6.289118579053189 ], [ -75.559084774828051, 6.28911798672616 ], [ -75.55908643347243, 6.289117928875001 ], [ -75.559089453382541, 6.289117975558943 ], [ -75.559068159983752, 6.28910519015523 ], [ -75.559051894458321, 6.289093797744084 ], [ -75.558988168486508, 6.289092499733719 ], [ -75.558917886339728, 6.289092499569188 ], [ -75.558883462686126, 6.289092499133327 ], [ -75.558816050223172, 6.289092498458938 ], [ -75.558788798008678, 6.289086757125549 ], [ -75.558750071671142, 6.289073839211873 ], [ -75.558724254153688, 6.289056616939776 ], [ -75.558708477224869, 6.289043699620023 ], [ -75.558681225353041, 6.289029347648746 ], [ -75.558650893247204, 6.289006496872071 ], [ -75.558635327698425, 6.288996338724581 ], [ -75.558602338872603, 6.288977680601486 ], [ -75.558555006659105, 6.28894897677502 ], [ -75.558517714899224, 6.288931753728877 ], [ -75.558454604818749, 6.288921707286997 ], [ -75.558417312998515, 6.288917401082221 ], [ -75.558382552656482, 6.28891026621065 ], [ -75.558323938706508, 6.288892285063217 ], [ -75.558293818683339, 6.288892284300642 ], [ -75.558252223224372, 6.288887977460742 ], [ -75.558196284522438, 6.288885106951273 ], [ -75.558156123768711, 6.288887976138439 ], [ -75.558105922915445, 6.288908068741858 ], [ -75.558061458520385, 6.288929596082106 ], [ -75.558028469483645, 6.288949687572259 ], [ -75.557978268120479, 6.288985566633368 ], [ -75.557951015545015, 6.289007093766125 ], [ -75.557944089917143, 6.289017834917764 ], [ -75.557938636867021, 6.289042387099768 ], [ -75.557923695691343, 6.289075276326504 ], [ -75.557920706422507, 6.28910218608638 ], [ -75.557935647558182, 6.289117136326828 ], [ -75.557945354294716, 6.289115993931059 ] ] ] } },
{ "type": "Feature", "properties": { "objectid": 653, "codigo": "1018-1", "nombre": "Villa Nueva", "riesgo": "Con condiciones de riesgo", "descripcion": "Zona con condiciones de riesgo por inundaciones", "tipo_amenaza": "Inundaciones", "categoria_proteccion": "Áreas de Amenaza y Riesgo", "subcategoria_proteccion": "Zona con condiciones de riesgo", "fecha_adopcion": "2014-12-17T00:00:00", "fecha_actualizacion": "2026-04-30T00:00:00", "st_area(shape)": 538.09326571616396, "st_perimeter(shape)": 116.56769019091084 }, "geometry": { "type": "Polygon", "coordinates": [ [ [ -75.561710074876487, 6.25433146025298 ], [ -75.561810562859833, 6.254419306705241 ], [ -75.561839357252438, 6.254402625805597 ], [ -75.561887817843143, 6.254366256298523 ], [ -75.561915850137552, 6.254345217751717 ], [ -75.561961265999898, 6.2542997714976 ], [ -75.561992341703018, 6.254251932433137 ], [ -75.562047320888354, 6.254163429845669 ], [ -75.562075698586753, 6.254131878585485 ], [ -75.562044214404935, 6.254086588650999 ], [ -75.562024843381039, 6.254053359946506 ], [ -75.562002994495586, 6.254070851394272 ], [ -75.561950265441354, 6.254152025242519 ], [ -75.561947059497399, 6.254156960974246 ], [ -75.561888256698182, 6.254227284549608 ], [ -75.561846663312821, 6.254250247157358 ], [ -75.561803636742582, 6.254274644322444 ], [ -75.561785551367578, 6.254282959814762 ], [ -75.561750570555773, 6.254299042536264 ], [ -75.561710074876487, 6.25433146025298 ] ] ] } },
{ "type": "Feature", "properties": { "objectid": 656, "codigo": "0601-1", "nombre": "Santander", "riesgo": "Con condiciones de riesgo", "descripcion": "Zona con condiciones de riesgo por inundaciones", "tipo_amenaza": "Inundaciones", "categoria_proteccion": "Áreas de Amenaza y Riesgo", "subcategoria_proteccion": "Zona con condiciones de riesgo", "fecha_adopcion": "2014-12-17T00:00:00", "fecha_actualizacion": "2026-04-30T00:00:00", "st_area(shape)": 1413.498866341994, "st_perimeter(shape)": 214.29293069781454 }, "geometry": { "type": "Polygon", "coordinates": [ [ [ -75.575032233528205, 6.307137306603123 ], [ -75.574974859445732, 6.307153094402992 ], [ -75.574894535687477, 6.307184669787469 ], [ -75.574841464419663, 6.307200458004289 ], [ -75.574788392667074, 6.30721194005644 ], [ -75.574705199887418, 6.307217683581618 ], [ -75.574624875946483, 6.307223425571318 ], [ -75.574560328719272, 6.307226296847301 ], [ -75.574425498785232, 6.307227734436536 ], [ -75.57432236343341, 6.307230241291789 ], [ -75.574315327376468, 6.307374123476606 ], [ -75.574396814595502, 6.307374122148732 ], [ -75.574482875712349, 6.30737412080309 ], [ -75.574633484782069, 6.307364072421639 ], [ -75.574725283490309, 6.307346848762434 ], [ -75.574802738870986, 6.307338235990727 ], [ -75.574865851642016, 6.307331058375239 ], [ -75.574907447509744, 6.307315270825382 ], [ -75.575043711457994, 6.307276518900424 ], [ -75.575093914202895, 6.307266471324621 ], [ -75.575138005235118, 6.307255158404661 ], [ -75.575143704255154, 6.307251899026298 ], [ -75.575156254903433, 6.307242929922564 ], [ -75.575161633734908, 6.307229175688451 ], [ -75.575164023895965, 6.307211834351172 ], [ -75.575165218753867, 6.307199276113806 ], [ -75.575165218976252, 6.307190904276237 ], [ -75.57515924136915, 6.30717416122458 ], [ -75.575149081414011, 6.30716040696363 ], [ -75.575130553873962, 6.307145458183657 ], [ -75.5751138194601, 6.307138282006606 ], [ -75.575091705956424, 6.307135293025127 ], [ -75.575068024969795, 6.30713381257449 ], [ -75.575032233528205, 6.307137306603123 ] ] ] } },
{ "type": "Feature", "properties": { "objectid": 657, "codigo": "0601-2", "nombre": "Santander", "riesgo": "Con condiciones de riesgo", "descripcion": "Zona con condiciones de riesgo por inundaciones", "tipo_amenaza": "Inundaciones", "categoria_proteccion": "Áreas de Amenaza y Riesgo", "subcategoria_proteccion": "Zona con condiciones de riesgo", "fecha_adopcion": "2014-12-17T00:00:00", "fecha_actualizacion": "2026-04-30T00:00:00", "st_area(shape)": 787.34651484365713, "st_perimeter(shape)": 153.02979788432387 }, "geometry": { "type": "Polygon", "coordinates": [ [ [ -75.57364200988205, 6.307357236309612 ], [ -75.573435792048656, 6.307544924792496 ], [ -75.573300963634395, 6.30766261146981 ], [ -75.573257876738452, 6.307702384492067 ], [ -75.573293983198695, 6.30782550372335 ], [ -75.573433497349185, 6.307711977994831 ], [ -75.573458744151324, 6.307684137555819 ], [ -75.573557714230631, 6.307573626565795 ], [ -75.573640906321586, 6.307504737238972 ], [ -75.573686805157124, 6.307461681129964 ], [ -75.573723506481926, 6.307433821157009 ], [ -75.57367145349707, 6.307330438341265 ], [ -75.57364200988205, 6.307357236309612 ] ] ] } },
{ "type": "Feature", "properties": { "objectid": 658, "codigo": "0601-3", "nombre": "Santander", "riesgo": "Con condiciones de riesgo", "descripcion": "Zona con condiciones de riesgo por inundaciones", "tipo_amenaza": "Inundaciones", "categoria_proteccion": "Áreas de Amenaza y Riesgo", "subcategoria_proteccion": "Zona con condiciones de riesgo", "fecha_adopcion": "2014-12-17T00:00:00", "fecha_actualizacion": "2026-04-30T00:00:00", "st_area(shape)": 929.06543285616067, "st_perimeter(shape)": 182.33740577365683 }, "geometry": { "type": "Polygon", "coordinates": [ [ [ -75.572996423662744, 6.307926669329548 ], [ -75.572781270554003, 6.308088129089294 ], [ -75.572637835945429, 6.308210719502638 ], [ -75.572540438996, 6.30828137500106 ], [ -75.572485721030901, 6.308505361821119 ], [ -75.572487756110277, 6.308503757861616 ], [ -75.572505088237918, 6.308489405740255 ], [ -75.572545249666035, 6.308445827412354 ], [ -75.572578073766337, 6.308408057025183 ], [ -75.573028840257052, 6.308041256870773 ], [ -75.572999184483905, 6.307924550974803 ], [ -75.572996423662744, 6.307926669329548 ] ] ] } },
{ "type": "Feature", "properties": { "objectid": 659, "codigo": "0601-4", "nombre": "Santander", "riesgo": "Con condiciones de riesgo", "descripcion": "Zona con condiciones de riesgo por inundaciones", "tipo_amenaza": "Inundaciones", "categoria_proteccion": "Áreas de Amenaza y Riesgo", "subcategoria_proteccion": "Zona con condiciones de riesgo", "fecha_adopcion": "2014-12-17T00:00:00", "fecha_actualizacion": "2026-04-30T00:00:00", "st_area(shape)": 3569.4469284610173, "st_perimeter(shape)": 995.63765390584751 }, "geometry": { "type": "Polygon", "coordinates": [ [ [ -75.575653247155486, 6.310955607265455 ], [ -75.57565151043076, 6.310954502024749 ], [ -75.575618041024939, 6.310930583682444 ], [ -75.575575009321966, 6.310887528853102 ], [ -75.5755319765764, 6.310839690505201 ], [ -75.575484163872446, 6.31082055520423 ], [ -75.575431570769936, 6.31081577330539 ], [ -75.575383757015842, 6.31079185357613 ], [ -75.575364631080191, 6.310767934769691 ], [ -75.575331162918147, 6.310724880512475 ], [ -75.575292911924251, 6.310705744898707 ], [ -75.575230756654534, 6.310715313818377 ], [ -75.575182944075209, 6.31072966672587 ], [ -75.575139913676125, 6.310758370941299 ], [ -75.575094595418975, 6.310781043561218 ], [ -75.575028571619129, 6.310784521783963 ], [ -75.574955419035803, 6.310788829046533 ], [ -75.574883699036462, 6.310788830284189 ], [ -75.574810547141638, 6.310804618513805 ], [ -75.574750303598563, 6.310813230446599 ], [ -75.574724484922299, 6.310810360190266 ], [ -75.574690059979531, 6.310794575132437 ], [ -75.574657068251753, 6.310777353623 ], [ -75.574619774224544, 6.310754391645717 ], [ -75.57459252052638, 6.310734300209444 ], [ -75.574566701159384, 6.310719948954414 ], [ -75.574525104762913, 6.310719949435239 ], [ -75.57448781177456, 6.310732866107604 ], [ -75.574456255145023, 6.310741478081964 ], [ -75.574426133055852, 6.310744349244698 ], [ -75.574378798145617, 6.310742915280358 ], [ -75.574363020976875, 6.31074004507283 ], [ -75.57429847311171, 6.310717083126476 ], [ -75.574251139443689, 6.310721389188734 ], [ -75.574210976119062, 6.310721389790896 ], [ -75.574172248865807, 6.310718520046827 ], [ -75.574143560912134, 6.310701298913447 ], [ -75.57410913548992, 6.310681206740624 ], [ -75.574068972528835, 6.310668291546445 ], [ -75.574005859903309, 6.310651070641895 ], [ -75.573977171450281, 6.310648200971058 ], [ -75.573914059899451, 6.310656812519666 ], [ -75.573860988674639, 6.310668295526868 ], [ -75.573789321808007, 6.310690043249613 ], [ -75.573764458888803, 6.310698654639762 ], [ -75.573742465260182, 6.310709180261242 ], [ -75.573704216174235, 6.310719704877077 ], [ -75.573685090793319, 6.310727359402377 ], [ -75.573679402036817, 6.310728497744586 ], [ -75.573671591364331, 6.310732685213045 ], [ -75.573650075595111, 6.310738426753576 ], [ -75.573605609243685, 6.310739861669952 ], [ -75.573575487412867, 6.310739862307564 ], [ -75.57354249670469, 6.310739862660137 ], [ -75.573513809762531, 6.310739863433581 ], [ -75.573482253322865, 6.310736993448388 ], [ -75.573457868906743, 6.310731253694927 ], [ -75.573436353171218, 6.310718337581438 ], [ -75.573424201739357, 6.310707530521053 ], [ -75.573423078208975, 6.310707271177326 ], [ -75.573386740168232, 6.31069674731346 ], [ -75.573359009088961, 6.310691964347664 ], [ -75.573323098022101, 6.310692701486182 ], [ -75.573267156786358, 6.310697008419902 ], [ -75.573201175880556, 6.310709925774077 ], [ -75.5731323261885, 6.310712796616663 ], [ -75.573079254244774, 6.310712797647062 ], [ -75.57300323338383, 6.310709928606063 ], [ -75.572958766931109, 6.310694142409449 ], [ -75.572921472980269, 6.310679791710453 ], [ -75.572889916593084, 6.310658264032411 ], [ -75.57287270354243, 6.310638171675758 ], [ -75.572866992082879, 6.310625926009947 ], [ -75.572861368354808, 6.310623581476937 ], [ -75.572838657628623, 6.310603249581959 ], [ -75.572805188131824, 6.310590095064014 ], [ -75.572793413918106, 6.310585046060109 ], [ -75.572775165137557, 6.310586506839623 ], [ -75.572739305545326, 6.310586507753462 ], [ -75.572703447032239, 6.310593683498945 ], [ -75.57265754747057, 6.310605165306201 ], [ -75.572636031389422, 6.310613777286997 ], [ -75.572601606715494, 6.310622388865276 ], [ -75.572565746717743, 6.310635306471506 ], [ -75.572522716018796, 6.310646787654391 ], [ -75.572496897323049, 6.310643918183141 ], [ -75.572430915943897, 6.310625261987634 ], [ -75.572320468971668, 6.310618087710082 ], [ -75.572257356702266, 6.310623828591053 ], [ -75.572211456826125, 6.310638181748819 ], [ -75.572149778679602, 6.310686978148841 ], [ -75.572102445936494, 6.310725728867148 ], [ -75.572072323742461, 6.310764478633636 ], [ -75.572049374631746, 6.310798922952782 ], [ -75.572020687297496, 6.310829062327959 ], [ -75.571992000690798, 6.310852025951827 ], [ -75.571954707003272, 6.31087929487389 ], [ -75.571923150873388, 6.310890777191996 ], [ -75.571890160432844, 6.310896518402042 ], [ -75.571842826321046, 6.310895083301053 ], [ -75.571818441245938, 6.310877861548869 ], [ -75.5717926226244, 6.310856334375804 ], [ -75.571772540392402, 6.310830500716602 ], [ -75.571762500601565, 6.310804668074624 ], [ -75.571746720950259, 6.310781705336498 ], [ -75.571720902505106, 6.310767353904795 ], [ -75.571706793389325, 6.310730434637259 ], [ -75.571701606192661, 6.310745140847668 ], [ -75.571693239339069, 6.310759492089097 ], [ -75.571677700628328, 6.310769059967753 ], [ -75.571659770557531, 6.310777432701159 ], [ -75.571634669215186, 6.310787000804208 ], [ -75.571629777946839, 6.310787699415974 ], [ -75.571634693986425, 6.310801360317465 ], [ -75.571656462824791, 6.310820341704769 ], [ -75.571683549304211, 6.310833472684691 ], [ -75.571711581780036, 6.310855930989049 ], [ -75.571725528179627, 6.310890270790615 ], [ -75.571740740517157, 6.310919852449094 ], [ -75.571764891327504, 6.310942702407905 ], [ -75.571767148103106, 6.310944823099212 ], [ -75.571788361026023, 6.310959548063077 ], [ -75.57180227952793, 6.310966992275763 ], [ -75.571819066351949, 6.310971393621958 ], [ -75.571837548975878, 6.310971537375032 ], [ -75.571856353165117, 6.310971658744766 ], [ -75.571860126651018, 6.310971682594503 ], [ -75.571871708018833, 6.31096932809 ], [ -75.571881061700566, 6.310965071540336 ], [ -75.571884863316228, 6.310963105352836 ], [ -75.571894199734388, 6.310958280216846 ], [ -75.571906865734775, 6.31095306343455 ], [ -75.5719198106069, 6.310949060368797 ], [ -75.571941970725774, 6.310942594243143 ], [ -75.571964129459417, 6.310938410946171 ], [ -75.571988905561724, 6.310934896399506 ], [ -75.572009171073134, 6.310934515104138 ], [ -75.572024204725295, 6.310927887093611 ], [ -75.57203687049703, 6.310916765710765 ], [ -75.572062898643964, 6.310890666279723 ], [ -75.572088063135197, 6.310863137231842 ], [ -75.572110863616103, 6.310843067741041 ], [ -75.572131296939915, 6.310820665645269 ], [ -75.572152146317933, 6.310797064481227 ], [ -75.572167874412017, 6.310779368808769 ], [ -75.572193430948232, 6.31075694592015 ], [ -75.572205112666353, 6.310746181992622 ], [ -75.572209548967407, 6.310742094389841 ], [ -75.572226418186332, 6.310729688322092 ], [ -75.572243482789958, 6.310718240526055 ], [ -75.572258702946641, 6.310709675034507 ], [ -75.572272630610215, 6.310702682713265 ], [ -75.572291641246366, 6.31069666971859 ], [ -75.572307342805303, 6.310693371776001 ], [ -75.572330226511042, 6.310695111182828 ], [ -75.572352719797891, 6.310699765488825 ], [ -75.57237176125669, 6.310703659334122 ], [ -75.572394447910213, 6.310708313586644 ], [ -75.572406085102045, 6.310711230533864 ], [ -75.572424124760715, 6.310713349178105 ], [ -75.57244622808328, 6.310715884416288 ], [ -75.572463737259639, 6.310717804068722 ], [ -75.572481777165819, 6.310720522119744 ], [ -75.57249825808573, 6.31072537519219 ], [ -75.572520839007552, 6.31073167449643 ], [ -75.572538375790941, 6.310730217241867 ], [ -75.572554975205477, 6.310723013716702 ], [ -75.572570055683329, 6.310710865104517 ], [ -75.572577325532734, 6.310706577255705 ], [ -75.572586011692735, 6.310701454263707 ], [ -75.572602427143622, 6.310692495004314 ], [ -75.57261884534465, 6.310683543867811 ], [ -75.572634359037224, 6.310673673223156 ], [ -75.572651227643405, 6.310665173712362 ], [ -75.572668095788984, 6.310656214926991 ], [ -75.572684964882029, 6.31064726517748 ], [ -75.572704535222812, 6.310641516110347 ], [ -75.572723164763687, 6.310638478530199 ], [ -75.572742247451075, 6.31063681382736 ], [ -75.572761322379691, 6.310636506197674 ], [ -75.572780385072065, 6.310637563800015 ], [ -75.572799415105408, 6.310642255995045 ], [ -75.572813851782399, 6.310654180083588 ], [ -75.572828282135063, 6.310666104202712 ], [ -75.572841346637745, 6.310679383969845 ], [ -75.572852126730709, 6.310694463311219 ], [ -75.572864730789391, 6.310708186547472 ], [ -75.572879169272255, 6.310720109719828 ], [ -75.572895432248885, 6.310730234685397 ], [ -75.572912608807869, 6.310739456472112 ], [ -75.572917662690926, 6.310741315613015 ], [ -75.572930272515023, 6.310745956355271 ], [ -75.572950692913125, 6.310746570565235 ], [ -75.57297020920825, 6.310747628629263 ], [ -75.572989725074208, 6.310748233746838 ], [ -75.573009702293149, 6.310748396292884 ], [ -75.573029217259474, 6.310749002317476 ], [ -75.573048282238744, 6.310749607853096 ], [ -75.573068259407734, 6.310749760452161 ], [ -75.573087332103725, 6.310749000776271 ], [ -75.573105971574293, 6.310746877164971 ], [ -75.573112514340849, 6.310745946163867 ], [ -75.573132422281816, 6.31074287512724 ], [ -75.573149793086088, 6.310740195442769 ], [ -75.573160517444535, 6.310738676910145 ], [ -75.57317006103419, 6.310737384810805 ], [ -75.573322989500895, 6.310747218480716 ], [ -75.573339704270964, 6.310757343003496 ], [ -75.573354594559461, 6.310769267540734 ], [ -75.573370857966097, 6.310779844528507 ], [ -75.573387121851979, 6.310789969469567 ], [ -75.573402473499726, 6.310800537401483 ], [ -75.573418745992882, 6.310810209350833 ], [ -75.573436383860965, 6.310818978599665 ], [ -75.573453575849129, 6.310826383072063 ], [ -75.573471223661713, 6.310834238238027 ], [ -75.573488409316582, 6.310842555868141 ], [ -75.573507446108437, 6.3108467860097 ], [ -75.573514603469818, 6.310847168315865 ], [ -75.573527414238555, 6.310847853570313 ], [ -75.573546477407547, 6.31084845909489 ], [ -75.573566454621826, 6.310848621617925 ], [ -75.573585528641857, 6.310848313959514 ], [ -75.573604592239434, 6.310848457491356 ], [ -75.573624117185034, 6.310849072483326 ], [ -75.57365802100739, 6.310847341706584 ], [ -75.573716773422788, 6.310844343506695 ], [ -75.573734086611395, 6.310835853520794 ], [ -75.573747810255242, 6.310823234234261 ], [ -75.57376153441696, 6.310810171038401 ], [ -75.573774355432789, 6.310795732670947 ], [ -75.573787645936761, 6.310780852596124 ], [ -75.573800917841339, 6.310766414711679 ], [ -75.57381419106548, 6.310753341991818 ], [ -75.573827915228151, 6.310740279699662 ], [ -75.573842995652754, 6.310728129254293 ], [ -75.573858065699255, 6.31071643904026 ], [ -75.57387582019939, 6.310710219744645 ], [ -75.573894017860923, 6.310706278364465 ], [ -75.573913081931522, 6.310705970745388 ], [ -75.573932146892616, 6.310706575344756 ], [ -75.573937823609199, 6.31070702463599 ], [ -75.573951209997901, 6.310708084943442 ], [ -75.573970266352745, 6.310709142531378 ], [ -75.573989329940332, 6.310710200986907 ], [ -75.574001797321785, 6.310710882504017 ], [ -75.574009094748575, 6.310711267727799 ], [ -75.574024369483297, 6.310711384775116 ], [ -75.574027911658504, 6.310711411561669 ], [ -75.574046984337443, 6.310710651851712 ], [ -75.574068806678824, 6.310713014822291 ], [ -75.574074198526304, 6.310713598421204 ], [ -75.574081879487409, 6.310719556345973 ], [ -75.574111205565771, 6.310740841813781 ], [ -75.574149589987044, 6.310768698594931 ], [ -75.574168635438539, 6.310771573442533 ], [ -75.574187717626486, 6.310770360732195 ], [ -75.574207243902279, 6.310770515516465 ], [ -75.574226316575931, 6.310769754895094 ], [ -75.574244495630182, 6.310767169724704 ], [ -75.574263145074539, 6.310763227906118 ], [ -75.57428270632991, 6.310758391052956 ], [ -75.574302230799873, 6.310757631811286 ], [ -75.574323111581634, 6.310757794358863 ], [ -75.574342148409144, 6.31076203350902 ], [ -75.57435935171641, 6.310768985847803 ], [ -75.574377458171824, 6.310775484388724 ], [ -75.574396034122955, 6.310780628093822 ], [ -75.574415082283309, 6.310783502918246 ], [ -75.574434597704538, 6.310783655939241 ], [ -75.574453238528065, 6.31078107932728 ], [ -75.574470983449388, 6.310776216190233 ], [ -75.574490100149703, 6.310769552561498 ], [ -75.574509227748379, 6.310761985696093 ], [ -75.574527887189447, 6.310756227509926 ], [ -75.574627508542477, 6.310790172390179 ], [ -75.574643311511934, 6.310801191894552 ], [ -75.574657289142763, 6.310814019557299 ], [ -75.574671710002747, 6.310827308823577 ], [ -75.574686139950572, 6.310839693957965 ], [ -75.574701499743071, 6.310850261799979 ], [ -75.574718684453515, 6.310858570345047 ], [ -75.57473727901332, 6.310861444686932 ], [ -75.574755908941725, 6.310858858172523 ], [ -75.574774107492388, 6.310854916757684 ], [ -75.574792756035521, 6.31085006270193 ], [ -75.574811413227707, 6.31084476469656 ], [ -75.574830514450994, 6.310840822431892 ], [ -75.574849615247558, 6.310836428125675 ], [ -75.574867801567336, 6.310832937907621 ], [ -75.574886884236193, 6.310831275838154 ], [ -75.574905516438662, 6.310829150391755 ], [ -75.574925502628858, 6.310828390650377 ], [ -75.57494503574469, 6.3108271883389 ], [ -75.574964119261921, 6.310825515413546 ], [ -75.574982747848509, 6.310823389982469 ], [ -75.5750045326796, 6.3108240145382 ], [ -75.575023579499785, 6.310827350428797 ], [ -75.575042174010989, 6.310830215718908 ], [ -75.575061201794739, 6.310835368010837 ], [ -75.575080239057399, 6.310839146948447 ], [ -75.575099304489086, 6.310839300361213 ], [ -75.575118828937789, 6.310839453310898 ], [ -75.575138805179478, 6.310839606737287 ], [ -75.57515740111549, 6.310842029013683 ], [ -75.575179175846998, 6.310847010401615 ], [ -75.575183430586733, 6.31084733019523 ], [ -75.575199147002309, 6.31084851184276 ], [ -75.57520242804533, 6.310848722537979 ], [ -75.575222256112752, 6.310850707467855 ], [ -75.575240850245692, 6.310853130653966 ], [ -75.575258983921216, 6.310856908629559 ], [ -75.575277569389996, 6.310860687081709 ], [ -75.575295695364517, 6.310864918040902 ], [ -75.57531381947706, 6.310870052190276 ], [ -75.575332847697851, 6.310874744288748 ], [ -75.575350971855286, 6.310879887477174 ], [ -75.57536955732877, 6.310883666829491 ], [ -75.575388612758317, 6.310885636588712 ], [ -75.575407657731461, 6.310888050304991 ], [ -75.575426697272036, 6.310892290300544 ], [ -75.575435289671944, 6.310895996131817 ], [ -75.575467400997795, 6.31091260263524 ], [ -75.575480917779487, 6.310925422601406 ], [ -75.575494434602049, 6.310938250703521 ], [ -75.575497761525199, 6.310942260137626 ], [ -75.575506577878727, 6.310952886539096 ], [ -75.57552100821934, 6.310965713736798 ], [ -75.575534524567146, 6.310978993882199 ], [ -75.575550328032392, 6.310990476238274 ], [ -75.575560104018692, 6.310998548368804 ], [ -75.575574044505032, 6.31100860967735 ], [ -75.575580569160792, 6.311012975772832 ], [ -75.575596841639253, 6.311022640402284 ], [ -75.575614016836909, 6.311032313221848 ], [ -75.575619245876752, 6.311034509592806 ], [ -75.575653247155486, 6.310955607265455 ] ] ] } },
{ "type": "Feature", "properties": { "objectid": 660, "codigo": "0411-1", "nombre": "Las Esmeraldas", "riesgo": "Con condiciones de riesgo", "descripcion": "Zona con condiciones de riesgo por inundaciones", "tipo_amenaza": "Inundaciones", "categoria_proteccion": "Áreas de Amenaza y Riesgo", "subcategoria_proteccion": "Zona con condiciones de riesgo", "fecha_adopcion": "2014-12-17T00:00:00", "fecha_actualizacion": "2026-04-30T00:00:00", "st_area(shape)": 199.36732244292034, "st_perimeter(shape)": 91.370976888708228 }, "geometry": { "type": "Polygon", "coordinates": [ [ [ -75.55700386732201, 6.278714016648749 ], [ -75.55701514927982, 6.278655227598543 ], [ -75.55699166418816, 6.278667935572276 ], [ -75.55689126386666, 6.278731799981005 ], [ -75.55683819402644, 6.278781312859222 ], [ -75.55679086134684, 6.278855940708592 ], [ -75.556782972948028, 6.278893973137682 ], [ -75.556769345935408, 6.278927699357271 ], [ -75.556768574530608, 6.278929410066972 ], [ -75.556814128565208, 6.278958905202997 ], [ -75.556827774656767, 6.278932420727115 ], [ -75.556831054946159, 6.278872717853704 ], [ -75.556870420934729, 6.278816009310889 ], [ -75.556913146348961, 6.278772274452381 ], [ -75.556922912681898, 6.278762274397558 ], [ -75.55700386732201, 6.278714016648749 ] ] ] } },
{ "type": "Feature", "properties": { "objectid": 665, "codigo": "0611-2", "nombre": "Progreso No.2", "riesgo": "Con condiciones de riesgo", "descripcion": "Zona con condiciones de riesgo por inundaciones", "tipo_amenaza": "Inundaciones", "categoria_proteccion": "Áreas de Amenaza y Riesgo", "subcategoria_proteccion": "Zona con condiciones de riesgo", "fecha_adopcion": "2014-12-17T00:00:00", "fecha_actualizacion": "2026-04-30T00:00:00", "st_area(shape)": 884.0534409397826, "st_perimeter(shape)": 360.01521773260748 }, "geometry": { "type": "Polygon", "coordinates": [ [ [ -75.582680086415408, 6.309389182274852 ], [ -75.582686827638128, 6.309390024892824 ], [ -75.582778736916495, 6.309376253717515 ], [ -75.582792078108469, 6.309378791295384 ], [ -75.582810102172061, 6.309384540445314 ], [ -75.582822357566201, 6.309387502901435 ], [ -75.582865146056761, 6.309397846703642 ], [ -75.582883334960769, 6.309402944998841 ], [ -75.582901684137738, 6.309407382519448 ], [ -75.582909497000401, 6.309408407867261 ], [ -75.58292114722866, 6.309409957532362 ], [ -75.582939173129716, 6.30941297724857 ], [ -75.582957676268109, 6.309416756736614 ], [ -75.582976253113969, 6.309418817201225 ], [ -75.582988047414531, 6.309418624890926 ], [ -75.582995054059012, 6.309418509670733 ], [ -75.583014264865454, 6.30941794696388 ], [ -75.583026561236153, 6.309415320185699 ], [ -75.583032541982817, 6.309414041982182 ], [ -75.58305040651473, 6.309409295539622 ], [ -75.583068186001469, 6.309402886010444 ], [ -75.583085451880322, 6.309394576843501 ], [ -75.583102221237297, 6.30938544561802 ], [ -75.583119243801235, 6.309376720876363 ], [ -75.583124065510489, 6.309374398784464 ], [ -75.5831365105456, 6.309368404471469 ], [ -75.583274188942241, 6.309281789527678 ], [ -75.583310614993763, 6.309258874813654 ], [ -75.583321763758732, 6.309251859893871 ], [ -75.583330980620332, 6.309249572953184 ], [ -75.583349430692152, 6.30924501616782 ], [ -75.583367030007267, 6.309238171759314 ], [ -75.583384883433013, 6.309231733829863 ], [ -75.583403505726821, 6.309229292640358 ], [ -75.583422263010902, 6.309233487633223 ], [ -75.583438843248572, 6.309242354863674 ], [ -75.583453733698036, 6.309253935484833 ], [ -75.583468370032236, 6.309265108721844 ], [ -75.583483008174085, 6.309276281949201 ], [ -75.583499280474484, 6.309286461620743 ], [ -75.583515544634494, 6.309296639523748 ], [ -75.583532378087369, 6.309305914137622 ], [ -75.583549679809934, 6.30931322728577 ], [ -75.583567713807682, 6.309318976357655 ], [ -75.583586064788989, 6.309323414748045 ], [ -75.583604885797172, 6.309325881719171 ], [ -75.583623687632809, 6.309325574162986 ], [ -75.583642417516131, 6.309326974770338 ], [ -75.583661057263356, 6.309327326187285 ], [ -75.583679706909081, 6.309327669417733 ], [ -75.58369832739784, 6.309325229129883 ], [ -75.58371663364963, 6.309324106741072 ], [ -75.583735751562898, 6.309322488504756 ], [ -75.583754300139091, 6.309321764515641 ], [ -75.583771069514043, 6.309312641410812 ], [ -75.583787343278928, 6.309302698052165 ], [ -75.583804951619371, 6.309295853585569 ], [ -75.583823139388826, 6.309290880401022 ], [ -75.58384074863153, 6.309284035929067 ], [ -75.583858348847031, 6.309277193309667 ], [ -75.583876049168566, 6.309271406158394 ], [ -75.583894174113922, 6.309268160076259 ], [ -75.583909635016084, 6.309266492175384 ], [ -75.583913038764635, 6.309266125406297 ], [ -75.583932156672304, 6.309264507163857 ], [ -75.58395080721553, 6.309264850380944 ], [ -75.583969762086667, 6.309263882075532 ], [ -75.583988338057367, 6.30926595154965 ], [ -75.584006977757255, 6.309266294818491 ], [ -75.584026096562312, 6.309264675664174 ], [ -75.584045215322149, 6.309263047468645 ], [ -75.584064179236108, 6.309262080923163 ], [ -75.584082891784476, 6.309260715117105 ], [ -75.584101847556809, 6.309259746802557 ], [ -75.584120576528406, 6.309261147397614 ], [ -75.58412996260418, 6.309262192946167 ], [ -75.584130742217852, 6.309259971369722 ], [ -75.584130651971577, 6.309257259578493 ], [ -75.584125681730839, 6.309249484748479 ], [ -75.584115833755789, 6.309236738180187 ], [ -75.584101105796279, 6.309218930380367 ], [ -75.584090443252961, 6.309206092925081 ], [ -75.584084537840965, 6.309199052327362 ], [ -75.584030650489623, 6.309204140294597 ], [ -75.583977579826353, 6.309207012824801 ], [ -75.583950326939714, 6.309209883807013 ], [ -75.58391303332607, 6.309215626245263 ], [ -75.583907758207914, 6.309215978794237 ], [ -75.583906848033777, 6.309216105361465 ], [ -75.583895791194223, 6.309217600426644 ], [ -75.583887424036291, 6.309218497205343 ], [ -75.583873977830777, 6.309220292527985 ], [ -75.583859633579294, 6.309224479077391 ], [ -75.583845588228556, 6.309227170603334 ], [ -75.583825567295747, 6.309236738377234 ], [ -75.583811223984171, 6.309244213963724 ], [ -75.583800466626414, 6.30925198818442 ], [ -75.583787155612796, 6.309260095120565 ], [ -75.583779638459703, 6.3092658624792 ], [ -75.583750952020068, 6.309285956056458 ], [ -75.583726568642561, 6.30929169770994 ], [ -75.583667758687668, 6.309291699305871 ], [ -75.583623292956162, 6.309291701145948 ], [ -75.583570221613385, 6.309280221370995 ], [ -75.583534361213495, 6.309261566401465 ], [ -75.583511410943174, 6.309244344532379 ], [ -75.583446862681257, 6.309218514262107 ], [ -75.583405776606142, 6.309203441857743 ], [ -75.58340516790544, 6.309203686267044 ], [ -75.58337648007624, 6.309207275850516 ], [ -75.583350568730751, 6.30921283159384 ], [ -75.583340719276492, 6.309215646943559 ], [ -75.583312032058615, 6.309222824815463 ], [ -75.583280477211133, 6.309237177228282 ], [ -75.583266133073394, 6.309247224011329 ], [ -75.583244618177972, 6.309257271108847 ], [ -75.58320445632269, 6.30927736463592 ], [ -75.583164294353423, 6.309298894745395 ], [ -75.583083971406921, 6.309340516562099 ], [ -75.583040941159709, 6.309354869838735 ], [ -75.583007949884291, 6.309354871664691 ], [ -75.582980697198423, 6.30935487214468 ], [ -75.582939100520022, 6.309352003705935 ], [ -75.582898937808466, 6.309349134479282 ], [ -75.582855906173407, 6.30933621977531 ], [ -75.582810006354904, 6.309326174380129 ], [ -75.582778450182133, 6.309323304944975 ], [ -75.582725377444419, 6.309317565996655 ], [ -75.582638173804554, 6.309290811906816 ], [ -75.582658444345569, 6.309333988808647 ], [ -75.58265851938188, 6.309334179197505 ], [ -75.582658543160889, 6.309334236940733 ], [ -75.582680086415408, 6.309389182274852 ] ] ] } },
{ "type": "Feature", "properties": { "objectid": 666, "codigo": "1210-1", "nombre": "Barrio Cristóbal", "riesgo": "Con condiciones de riesgo", "descripcion": "Zona con condiciones de riesgo por inundaciones", "tipo_amenaza": "Inundaciones", "categoria_proteccion": "Áreas de Amenaza y Riesgo", "subcategoria_proteccion": "Zona con condiciones de riesgo", "fecha_adopcion": "2014-12-17T00:00:00", "fecha_actualizacion": "2026-04-30T00:00:00", "st_area(shape)": 1758.9068587465301, "st_perimeter(shape)": 199.20569122942953 }, "geometry": { "type": "Polygon", "coordinates": [ [ [ -75.607959687820454, 6.247239045829083 ], [ -75.607904712508358, 6.247259382413147 ], [ -75.607833004826915, 6.247289287430222 ], [ -75.607797150179337, 6.247301250650225 ], [ -75.607738589156554, 6.247323978176533 ], [ -75.607687198701854, 6.247344314142285 ], [ -75.607557463376992, 6.247386994772199 ], [ -75.607397973728823, 6.24742327298341 ], [ -75.607362058180243, 6.247431518967917 ], [ -75.607467214572907, 6.247633517981719 ], [ -75.607497962243372, 6.247626335481522 ], [ -75.60773101564503, 6.247554557685786 ], [ -75.60788040577664, 6.247488766545887 ], [ -75.608005895257833, 6.247446897049678 ], [ -75.608098805328424, 6.247378378202622 ], [ -75.608002104261018, 6.247202471249503 ], [ -75.607959687820454, 6.247239045829083 ] ] ] } },
{ "type": "Feature", "properties": { "objectid": 667, "codigo": "0509-1", "nombre": "Girardot", "riesgo": "Con condiciones de riesgo", "descripcion": "Zona con condiciones de riesgo por inundaciones", "tipo_amenaza": "Inundaciones", "categoria_proteccion": "Áreas de Amenaza y Riesgo", "subcategoria_proteccion": "Zona con condiciones de riesgo", "fecha_adopcion": "2014-12-17T00:00:00", "fecha_actualizacion": "2026-04-30T00:00:00", "st_area(shape)": 942.59480913168579, "st_perimeter(shape)": 181.38459642382676 }, "geometry": { "type": "Polygon", "coordinates": [ [ [ -75.570674980870791, 6.295192386554562 ], [ -75.570674764092644, 6.295198462199564 ], [ -75.570677076586506, 6.295226802150012 ], [ -75.5706789819764, 6.295230615254365 ], [ -75.570686632488787, 6.295240182614467 ], [ -75.570700975700433, 6.295254533994487 ], [ -75.570723924968632, 6.295271755955739 ], [ -75.570940989860915, 6.295501381280847 ], [ -75.57102322609893, 6.295604713126806 ], [ -75.571077731243676, 6.295671688021752 ], [ -75.571143107509656, 6.295748840917126 ], [ -75.571233295807176, 6.295678081903813 ], [ -75.571199172053994, 6.295643938958564 ], [ -75.571174110628263, 6.2956038467512 ], [ -75.57077555995032, 6.295168422745113 ], [ -75.570674980870791, 6.295192386554562 ] ] ] } },
{ "type": "Feature", "properties": { "objectid": 668, "codigo": "0403-1", "nombre": "Palermo", "riesgo": "Alto riesgo no mitigable", "descripcion": "Zona de alto riesgo no mitigable por inundaciones", "tipo_amenaza": "Inundaciones", "categoria_proteccion": "Áreas de Amenaza y Riesgo", "subcategoria_proteccion": "Zona de riesgo no mitigable", "fecha_adopcion": "2014-12-17T00:00:00", "fecha_actualizacion": "2026-04-30T00:00:00", "st_area(shape)": 19060.679203053303, "st_perimeter(shape)": 1776.6044880188545 }, "geometry": { "type": "Polygon", "coordinates": [ [ [ -75.56563603965823, 6.284856876980336 ], [ -75.565623576910639, 6.284907894656341 ], [ -75.565613109779477, 6.284950739479562 ], [ -75.565605552283543, 6.284968564609709 ], [ -75.565579642779824, 6.285029674683317 ], [ -75.565555594667643, 6.285101862517861 ], [ -75.565562109755433, 6.285147495388066 ], [ -75.565571400991132, 6.285212573431046 ], [ -75.565600087208779, 6.285375226371473 ], [ -75.565609649641047, 6.285461336808323 ], [ -75.565638336214519, 6.285585719466613 ], [ -75.565667022339213, 6.285652694008538 ], [ -75.565695708332612, 6.285738804582984 ], [ -75.565714832477695, 6.285777075893886 ], [ -75.565743518493079, 6.285863186459375 ], [ -75.56576264230452, 6.285949296951362 ], [ -75.565762642322852, 6.286073679373301 ], [ -75.565753080764964, 6.28623633289221 ], [ -75.565676584738171, 6.286370282797725 ], [ -75.5656731101936, 6.286371673173809 ], [ -75.565656141671496, 6.28641462044461 ], [ -75.565608330808303, 6.286503122699978 ], [ -75.565560521006162, 6.286567705356483 ], [ -75.565512711074774, 6.286649031821715 ], [ -75.565436214306359, 6.28674710189431 ], [ -75.565400356621396, 6.286806901082667 ], [ -75.565371670314647, 6.286876268344778 ], [ -75.565359718424659, 6.286969554419693 ], [ -75.565333422654803, 6.28707240841783 ], [ -75.565309516857354, 6.287163303994446 ], [ -75.565271268936499, 6.287268550141586 ], [ -75.565256926208136, 6.28736901199833 ], [ -75.565252394567281, 6.287384234769897 ], [ -75.565223458903887, 6.287481434881006 ], [ -75.565216287725605, 6.287569937443369 ], [ -75.565242583858236, 6.287677576278934 ], [ -75.565252145624754, 6.287749335146941 ], [ -75.565271270110017, 6.287888068411664 ], [ -75.565295174723772, 6.287976571180661 ], [ -75.565323860836443, 6.288079424647772 ], [ -75.565347767192051, 6.288182278072254 ], [ -75.565362110374849, 6.288289916804343 ], [ -75.56535254751654, 6.288387988276717 ], [ -75.56533820407148, 6.28846931410164 ], [ -75.565335814771288, 6.288521937739801 ], [ -75.565292784446981, 6.288615223648747 ], [ -75.565242584532982, 6.288694158832032 ], [ -75.565187602242418, 6.288751565720167 ], [ -75.565108714527156, 6.288837676525035 ], [ -75.565058513075897, 6.288866380279644 ], [ -75.564993970095969, 6.288952491163377 ], [ -75.564927034480078, 6.289040994274254 ], [ -75.564869662180541, 6.289105576930587 ], [ -75.564781213124405, 6.289170160286561 ], [ -75.564704715364414, 6.289227567026072 ], [ -75.564613875675974, 6.289261054950694 ], [ -75.564525425720433, 6.28931367622406 ], [ -75.56447044437391, 6.289344772146531 ], [ -75.564415462044266, 6.289385435193136 ], [ -75.564322231196314, 6.289459585605191 ], [ -75.564255297472371, 6.289512209716795 ], [ -75.564169237217271, 6.289579183476879 ], [ -75.564087959543556, 6.289634199710043 ], [ -75.564049710961484, 6.289672470633676 ], [ -75.564011462428937, 6.289703565760338 ], [ -75.563939747011986, 6.289758581152322 ], [ -75.563889545101603, 6.289823163840699 ], [ -75.563832172580788, 6.289887746468168 ], [ -75.563767627432668, 6.289978640903111 ], [ -75.56371742714154, 6.29006235964666 ], [ -75.563676787376863, 6.290141294007427 ], [ -75.563672351721223, 6.290149749173745 ], [ -75.563640265461373, 6.290210903216204 ], [ -75.563626586066164, 6.290236973025169 ], [ -75.563615767382387, 6.290266741004243 ], [ -75.563597899401131, 6.290315907482406 ], [ -75.563575024691445, 6.290360255302906 ], [ -75.563560260875676, 6.290388874557974 ], [ -75.56355965045519, 6.290390058301767 ], [ -75.563509449144092, 6.290480951953052 ], [ -75.563475981832056, 6.290550319246364 ], [ -75.563446292435785, 6.290639438737999 ], [ -75.56344251335716, 6.290650781073059 ], [ -75.563404773709578, 6.290723401479048 ], [ -75.563380360463327, 6.290770378730765 ], [ -75.563334940070419, 6.290830177901259 ], [ -75.563270395112809, 6.290878017552852 ], [ -75.563239317930851, 6.290913896300435 ], [ -75.563189116542532, 6.291004790866404 ], [ -75.563181944570275, 6.291059805881666 ], [ -75.563162820166198, 6.291138740434913 ], [ -75.563148295353685, 6.291204137099357 ], [ -75.563138914815397, 6.291246379056503 ], [ -75.563135741943242, 6.29126489421861 ], [ -75.563135249164077, 6.291267773467115 ], [ -75.563124571084956, 6.291330097219392 ], [ -75.563121893399057, 6.291340142198998 ], [ -75.563105445832619, 6.291401855980761 ], [ -75.563084939363478, 6.291486212852086 ], [ -75.563083931441199, 6.291490358553927 ], [ -75.563075548466188, 6.291543481823219 ], [ -75.563079263500128, 6.291546903668636 ], [ -75.563203335220578, 6.291282780848787 ], [ -75.563272063446988, 6.291151223175687 ], [ -75.563334815827687, 6.291010695481748 ], [ -75.563415496654272, 6.290912027067004 ], [ -75.563526457357995, 6.290740005475936 ], [ -75.56385157025268, 6.290328589819817 ], [ -75.564138434874238, 6.290098961001562 ], [ -75.564425297994262, 6.289783221702498 ], [ -75.564616540989036, 6.289544026854 ], [ -75.564798220917396, 6.289400508568912 ], [ -75.564912966316911, 6.289295262840874 ], [ -75.565018149151655, 6.289228288234666 ], [ -75.565123332802159, 6.289170881635374 ], [ -75.565190268140682, 6.28896995629465 ], [ -75.565285888243451, 6.288807302320189 ], [ -75.565381509094152, 6.288663784387095 ], [ -75.565410195610042, 6.288405452544118 ], [ -75.565400633224471, 6.288127985341406 ], [ -75.565362384079165, 6.287860085969617 ], [ -75.565410194849605, 6.287659161475899 ], [ -75.565414802839484, 6.287634082807628 ], [ -75.565477128741833, 6.287391261890583 ], [ -75.565630120813623, 6.286874597127381 ], [ -75.565783114198041, 6.286415341434936 ], [ -75.565859609577188, 6.285975219503161 ], [ -75.565983915012026, 6.285678615478454 ], [ -75.566108221007582, 6.285420284440818 ], [ -75.566280336616856, 6.285219358219752 ], [ -75.566341949945738, 6.285149486670091 ], [ -75.566313907370898, 6.285135810722355 ], [ -75.566298095661907, 6.285130160023289 ], [ -75.566210061241065, 6.285120316329188 ], [ -75.565999436396837, 6.285096764473558 ], [ -75.565903952683172, 6.285086087555768 ], [ -75.565858779224527, 6.285044276215085 ], [ -75.565834624595539, 6.285022305080199 ], [ -75.565830703802177, 6.285018738693442 ], [ -75.565807783492303, 6.284997888901446 ], [ -75.565802876143138, 6.284993424168044 ], [ -75.565755443246061, 6.284945962471323 ], [ -75.565722692910626, 6.284915450963849 ], [ -75.565718026210135, 6.28491233847533 ], [ -75.565711023907241, 6.284907026039102 ], [ -75.565704216750049, 6.284902446768553 ], [ -75.565703493899747, 6.284901890682974 ], [ -75.565702183333599, 6.284900881819199 ], [ -75.56569612621719, 6.284895769972383 ], [ -75.565693437986212, 6.284892782482108 ], [ -75.565689942032762, 6.284888329805 ], [ -75.565684294963901, 6.284880420488964 ], [ -75.565676389386468, 6.284875899950841 ], [ -75.565668625824145, 6.284872149002918 ], [ -75.565660031878679, 6.284867655349668 ], [ -75.56563603965823, 6.284856876980336 ] ] ] } },
{ "type": "Feature", "properties": { "objectid": 669, "codigo": "1019-1", "nombre": "La Candelaria", "riesgo": "Con condiciones de riesgo", "descripcion": "Zona con condiciones de riesgo por inundaciones", "tipo_amenaza": "Inundaciones", "categoria_proteccion": "Áreas de Amenaza y Riesgo", "subcategoria_proteccion": "Zona con condiciones de riesgo", "fecha_adopcion": "2014-12-17T00:00:00", "fecha_actualizacion": "2026-04-30T00:00:00", "st_area(shape)": 853.05432232438011, "st_perimeter(shape)": 230.15049730514289 }, "geometry": { "type": "Polygon", "coordinates": [ [ [ -75.56320817528561, 6.24649706857064 ], [ -75.563348487995682, 6.246635845947665 ], [ -75.563625766637571, 6.247144138419494 ], [ -75.563724965054959, 6.24723264218517 ], [ -75.563768685098694, 6.24726228044196 ], [ -75.563800046440463, 6.247199515291931 ], [ -75.56368313425061, 6.247104670692767 ], [ -75.563649669437382, 6.24703769661208 ], [ -75.56341780892582, 6.246610730379608 ], [ -75.563309048803006, 6.24648874017596 ], [ -75.563245679081078, 6.246423647664212 ], [ -75.56320817528561, 6.24649706857064 ] ] ] } },
{ "type": "Feature", "properties": { "objectid": 670, "codigo": "1019-2", "nombre": "La Candelaria", "riesgo": "Con condiciones de riesgo", "descripcion": "Zona con condiciones de riesgo por inundaciones", "tipo_amenaza": "Inundaciones", "categoria_proteccion": "Áreas de Amenaza y Riesgo", "subcategoria_proteccion": "Zona con condiciones de riesgo", "fecha_adopcion": "2014-12-17T00:00:00", "fecha_actualizacion": "2026-04-30T00:00:00", "st_area(shape)": 1247.2971724734464, "st_perimeter(shape)": 212.17116682632772 }, "geometry": { "type": "Polygon", "coordinates": [ [ [ -75.56541266918984, 6.248699909879166 ], [ -75.565467520452657, 6.248763501092745 ], [ -75.56558464702529, 6.248875503673169 ], [ -75.565611574375509, 6.249353730331907 ], [ -75.565629638929394, 6.249362510418728 ], [ -75.565652347348163, 6.249379253701815 ], [ -75.565683421927119, 6.249398389064173 ], [ -75.56571210574495, 6.249409153332416 ], [ -75.565740790122717, 6.249429484720287 ], [ -75.565755109703773, 6.249437885279813 ], [ -75.565741454390434, 6.249263459954397 ], [ -75.565703208498363, 6.248828122765184 ], [ -75.565581778789024, 6.248715222658556 ], [ -75.565463300438509, 6.248619117925986 ], [ -75.56541266918984, 6.248699909879166 ] ] ] } },
{ "type": "Feature", "properties": { "objectid": 671, "codigo": "0210-7", "nombre": "Héctor Abad Gómez", "riesgo": "Alto riesgo no mitigable", "descripcion": "Zona de alto riesgo no mitigable por inundaciones", "tipo_amenaza": "Inundaciones", "categoria_proteccion": "Áreas de Amenaza y Riesgo", "subcategoria_proteccion": "Zona de riesgo no mitigable", "fecha_adopcion": "2014-12-17T00:00:00", "fecha_actualizacion": "2026-04-30T00:00:00", "st_area(shape)": 439.81557735676699, "st_perimeter(shape)": 133.44173246203729 }, "geometry": { "type": "Polygon", "coordinates": [ [ [ -75.561415591606305, 6.294469280483897 ], [ -75.561323424874573, 6.294498836549387 ], [ -75.561245091218765, 6.294546733018747 ], [ -75.561149352078814, 6.294607692290146 ], [ -75.561057963357982, 6.29465994364889 ], [ -75.560957871779976, 6.2947426731989 ], [ -75.560933478593952, 6.294767811950175 ], [ -75.560994374752937, 6.294734910520159 ], [ -75.561324271023025, 6.294615236563317 ], [ -75.561417921325145, 6.294584001535283 ], [ -75.561415007082786, 6.294517407474506 ], [ -75.561415591606305, 6.294469280483897 ] ] ] } },
{ "type": "Feature", "properties": { "objectid": 672, "codigo": "0507-1", "nombre": "Héctor Abad Gómez", "riesgo": "Con condiciones de riesgo", "descripcion": "Zona con condiciones de riesgo por inundaciones", "tipo_amenaza": "Inundaciones", "categoria_proteccion": "Áreas de Amenaza y Riesgo", "subcategoria_proteccion": "Zona con condiciones de riesgo", "fecha_adopcion": "2014-12-17T00:00:00", "fecha_actualizacion": "2026-04-30T00:00:00", "st_area(shape)": 186.77937883404866, "st_perimeter(shape)": 73.460403625061247 }, "geometry": { "type": "Polygon", "coordinates": [ [ [ -75.561822986459347, 6.295327901368347 ], [ -75.56178728647491, 6.295350165485391 ], [ -75.561803765478842, 6.295370579533365 ], [ -75.561856836253455, 6.29540502452059 ], [ -75.561894129145728, 6.295417940882111 ], [ -75.56192281534797, 6.295439468510993 ], [ -75.561940027092319, 6.295475348932725 ], [ -75.561942895182924, 6.295501182039243 ], [ -75.561958673020925, 6.29552988555562 ], [ -75.561968054772549, 6.295542792472432 ], [ -75.562007008150815, 6.295505718653735 ], [ -75.561986673721606, 6.29549822227592 ], [ -75.561986673435243, 6.295469972005205 ], [ -75.561980114294073, 6.295445430891323 ], [ -75.561973685864245, 6.295421380059245 ], [ -75.561960699007059, 6.295396518807671 ], [ -75.561943758633419, 6.295376177551955 ], [ -75.561926253538346, 6.29535583725932 ], [ -75.561831386724123, 6.295332104859741 ], [ -75.561822986459347, 6.295327901368347 ] ] ] } },
{ "type": "Feature", "properties": { "objectid": 673, "codigo": "1015-1", "nombre": "Bomboná No.1", "riesgo": "Con condiciones de riesgo", "descripcion": "Zona con condiciones de riesgo por inundaciones", "tipo_amenaza": "Inundaciones", "categoria_proteccion": "Áreas de Amenaza y Riesgo", "subcategoria_proteccion": "Zona con condiciones de riesgo", "fecha_adopcion": "2014-12-17T00:00:00", "fecha_actualizacion": "2026-04-30T00:00:00", "st_area(shape)": 5287.9387194623023, "st_perimeter(shape)": 1161.602667101547 }, "geometry": { "type": "MultiPolygon", "coordinates": [ [ [ [ -75.562571823915846, 6.245841768001796 ], [ -75.562581261663169, 6.245846598712343 ], [ -75.562598200694708, 6.245855639413088 ], [ -75.562811333875473, 6.245966663596041 ], [ -75.562540560230147, 6.245667097004934 ], [ -75.562103131467666, 6.245348963583903 ], [ -75.561546189063534, 6.244912426100336 ], [ -75.561403322686203, 6.244726546876556 ], [ -75.561158959097909, 6.244508182991352 ], [ -75.561055058619473, 6.244434462443876 ], [ -75.56088236778119, 6.244311932714348 ], [ -75.560801607520744, 6.244254630863098 ], [ -75.560530307747399, 6.244066859382292 ], [ -75.560474135216054, 6.244026195230589 ], [ -75.560451427834636, 6.244014235137866 ], [ -75.560436530412815, 6.244014235316824 ], [ -75.560353514001534, 6.243900555743223 ], [ -75.560398339150467, 6.243114196319849 ], [ -75.560445318832478, 6.242904461068296 ], [ -75.560435355527204, 6.242886656328183 ], [ -75.560421730688347, 6.242868716612603 ], [ -75.560409539916805, 6.242849341443066 ], [ -75.560394481504929, 6.242824943496739 ], [ -75.560385876498714, 6.242806285909011 ], [ -75.560376564064867, 6.242791531138185 ], [ -75.560311690609296, 6.243156054594106 ], [ -75.560275828438009, 6.243930454429739 ], [ -75.560388917071734, 6.244055661373816 ], [ -75.560389278249644, 6.244057290608806 ], [ -75.560411986718663, 6.244083601446386 ], [ -75.560536282121248, 6.244173301394845 ], [ -75.561076492790491, 6.244547648743876 ], [ -75.561314328225862, 6.244743791912898 ], [ -75.56148643048364, 6.2449674412144 ], [ -75.561768487046393, 6.245210227125938 ], [ -75.562009909532591, 6.24540278200054 ], [ -75.562460461888591, 6.245730125785014 ], [ -75.562571823915846, 6.245841768001796 ] ] ], [ [ [ -75.56023012476706, 6.242006897000512 ], [ -75.560230354411644, 6.242023666904682 ], [ -75.560221877547335, 6.242071732033604 ], [ -75.560314686423709, 6.242187309737088 ], [ -75.560413285335272, 6.242342787821205 ], [ -75.560395428565315, 6.24262418662735 ], [ -75.560403446124411, 6.242639087834875 ], [ -75.56041994013421, 6.242658462861516 ], [ -75.560440018496905, 6.242681425988503 ], [ -75.560458662002006, 6.242700083548614 ], [ -75.560479125075474, 6.242729146558085 ], [ -75.560511886388042, 6.242324849009717 ], [ -75.560291960755464, 6.241967573472938 ], [ -75.560283827616018, 6.241970533279339 ], [ -75.56023012476706, 6.242006897000512 ] ] ] ] } },
{ "type": "Feature", "properties": { "objectid": 674, "codigo": "0303-1", "nombre": "Campo Valdés No.2", "riesgo": "Con condiciones de riesgo", "descripcion": "Zona con condiciones de riesgo por inundaciones", "tipo_amenaza": "Inundaciones", "categoria_proteccion": "Áreas de Amenaza y Riesgo", "subcategoria_proteccion": "Zona con condiciones de riesgo", "fecha_adopcion": "2014-12-17T00:00:00", "fecha_actualizacion": "2026-04-30T00:00:00", "st_area(shape)": 7918.8486125781228, "st_perimeter(shape)": 1594.9810339611765 }, "geometry": { "type": "MultiPolygon", "coordinates": [ [ [ [ -75.554512260841463, 6.27063812566199 ], [ -75.554375069032588, 6.270639538687292 ], [ -75.554192798970547, 6.270618605084098 ], [ -75.554188933729179, 6.270615088891943 ], [ -75.554061327239125, 6.270499004154398 ], [ -75.554012724847254, 6.270437972836731 ], [ -75.553863312099253, 6.270411767111498 ], [ -75.553932243206177, 6.270497167961008 ], [ -75.554054153696754, 6.270619159884476 ], [ -75.554075412372271, 6.270659343916836 ], [ -75.554075666796578, 6.27065982456261 ], [ -75.553891600823164, 6.270777027375544 ], [ -75.553762514088376, 6.270858350471292 ], [ -75.553656855235729, 6.270923231265407 ], [ -75.553480559794821, 6.270977045695242 ], [ -75.553328167663537, 6.270991992848113 ], [ -75.552856055571056, 6.270974042791912 ], [ -75.552545298540863, 6.270968054849209 ], [ -75.55225545713958, 6.270959078015832 ], [ -75.552019400506936, 6.270994951936651 ], [ -75.551768405137565, 6.270950096113622 ], [ -75.551681751745605, 6.270935144834804 ], [ -75.551553262889485, 6.271033809848441 ], [ -75.55141879803692, 6.271132475025018 ], [ -75.551302262946308, 6.2711444316022 ], [ -75.551161826028689, 6.271099578578051 ], [ -75.551006449087566, 6.271048745286291 ], [ -75.550827165549507, 6.2710577109578 ], [ -75.550641903348506, 6.271132454837964 ], [ -75.550585129961021, 6.271162352433315 ], [ -75.550558236311701, 6.27119225100587 ], [ -75.550567199424606, 6.271228130131493 ], [ -75.550600068132653, 6.271231120893394 ], [ -75.550701662863602, 6.271198234872768 ], [ -75.550797281540156, 6.271162358230511 ], [ -75.55092576897728, 6.271132462190279 ], [ -75.551042302165953, 6.271147414543892 ], [ -75.551173775442777, 6.271201237469224 ], [ -75.551293296869943, 6.271225160185796 ], [ -75.551406843721594, 6.271234133688309 ], [ -75.551487521885377, 6.271210215049876 ], [ -75.551595092992017, 6.27113546961921 ], [ -75.551669797008714, 6.271051751928811 ], [ -75.551717606456023, 6.271024844381935 ], [ -75.551867008785422, 6.271060727360728 ], [ -75.552010433372388, 6.271096610479144 ], [ -75.552240515011206, 6.271060735819484 ], [ -75.552413821772831, 6.271060740370272 ], [ -75.55281720881672, 6.271072709659448 ], [ -75.553080157838608, 6.271090654819759 ], [ -75.553283345274863, 6.271096639642465 ], [ -75.55345067677996, 6.271093654171721 ], [ -75.553612032719869, 6.27104880711678 ], [ -75.55374649532034, 6.271009940666977 ], [ -75.553883948236958, 6.270908285112491 ], [ -75.554009447240148, 6.270827559010052 ], [ -75.554167816410583, 6.270743844603033 ], [ -75.554341124400381, 6.270737867014718 ], [ -75.554463634122882, 6.270752820199416 ], [ -75.554492353565081, 6.270754478416115 ], [ -75.554512260841463, 6.27063812566199 ] ] ], [ [ [ -75.552830254094147, 6.270303394972922 ], [ -75.552882843907753, 6.270344059300265 ], [ -75.552949775245693, 6.27036798027595 ], [ -75.553071688330689, 6.270322535474355 ], [ -75.553120747722829, 6.270282373047128 ], [ -75.553037382825863, 6.270207537182179 ], [ -75.552946789810505, 6.270247824237729 ], [ -75.552907945528261, 6.270223903818034 ], [ -75.552858942250793, 6.270174228905363 ], [ -75.552811136257944, 6.270080942380194 ], [ -75.552775281387184, 6.270004398552151 ], [ -75.552689227181688, 6.269935030147823 ], [ -75.552600781066459, 6.269932635740141 ], [ -75.552507553205061, 6.269956553209005 ], [ -75.552435839678068, 6.269990038850208 ], [ -75.552362525121978, 6.269994189626134 ], [ -75.552347943025296, 6.270096312179666 ], [ -75.552431056079044, 6.270097677512974 ], [ -75.552541017243882, 6.270054624557553 ], [ -75.55260077948985, 6.270028313320565 ], [ -75.552684443202253, 6.270052236008086 ], [ -75.552720299020706, 6.270107251350108 ], [ -75.552763325192387, 6.270183795500256 ], [ -75.552830254094147, 6.270303394972922 ] ] ], [ [ [ -75.55039005400657, 6.276284673297575 ], [ -75.550422565830857, 6.276301337543787 ], [ -75.550452446350974, 6.276310905638915 ], [ -75.550499059707633, 6.276326455117386 ], [ -75.550545674175638, 6.276337220067042 ], [ -75.550583921245817, 6.276362336847178 ], [ -75.550613801127398, 6.27639702093993 ], [ -75.55067008127061, 6.276472679649231 ], [ -75.550727810194232, 6.276567352725443 ], [ -75.550790386361626, 6.276506043358043 ], [ -75.550704435821316, 6.276392336301148 ], [ -75.550665391515665, 6.276330769950278 ], [ -75.550641488112788, 6.276303979398798 ], [ -75.550613759196466, 6.276283886102538 ], [ -75.550588898254446, 6.276264749836055 ], [ -75.550568819186452, 6.276254224458701 ], [ -75.550543958590339, 6.276243698873206 ], [ -75.550517185479407, 6.276235086648366 ], [ -75.550485631889842, 6.276227432559283 ], [ -75.550438779364598, 6.276212122020634 ], [ -75.550402978377988, 6.276193356388265 ], [ -75.55039005400657, 6.276284673297575 ] ] ], [ [ [ -75.553490068199025, 6.276438170437353 ], [ -75.553473994861506, 6.276440145658814 ], [ -75.553427380912325, 6.276452103790481 ], [ -75.553377180693886, 6.276455691155991 ], [ -75.553330566294633, 6.276455689821112 ], [ -75.553263633369269, 6.276461668784466 ], [ -75.553233752113712, 6.276471236198669 ], [ -75.553189528286538, 6.276476019451868 ], [ -75.5531548667782, 6.276476018561301 ], [ -75.553122595308579, 6.276471233254594 ], [ -75.553071946885254, 6.276454783353365 ], [ -75.553068810173912, 6.276454488546692 ], [ -75.553015984590218, 6.276451467039815 ], [ -75.552991169139901, 6.276553146792712 ], [ -75.553030560295568, 6.276546578017461 ], [ -75.553077174805068, 6.276544187120972 ], [ -75.55311422698982, 6.276546580360871 ], [ -75.553176379670845, 6.27655495384482 ], [ -75.553248093456673, 6.276554955707153 ], [ -75.553472790085337, 6.276526854910736 ], [ -75.553481203037819, 6.276483672835585 ], [ -75.553490068199025, 6.276438170437353 ] ] ], [ [ [ -75.55188552654802, 6.276550139572578 ], [ -75.551856840207179, 6.276558510390299 ], [ -75.551804249246658, 6.276570468606136 ], [ -75.551767197645674, 6.276586015386413 ], [ -75.551732534998365, 6.276601562271186 ], [ -75.551701458199545, 6.276624285620944 ], [ -75.551698114954846, 6.276626110126707 ], [ -75.551674341507763, 6.276731046846179 ], [ -75.551714602851504, 6.276723552634778 ], [ -75.551774364716209, 6.276712789943274 ], [ -75.551858032396623, 6.276691263971299 ], [ -75.551925763535252, 6.276663632532207 ], [ -75.551939404978, 6.276657843047102 ], [ -75.55191000138754, 6.276543416673021 ], [ -75.55188552654802, 6.276550139572578 ] ] ], [ [ [ -75.55184022121405, 6.269332665445499 ], [ -75.551824352656425, 6.269359430045809 ], [ -75.551831976323115, 6.269358999633331 ], [ -75.551877394658391, 6.269361391300158 ], [ -75.551907873062433, 6.269371558682776 ], [ -75.55192237253209, 6.269374651524269 ], [ -75.55193299782745, 6.269351025286008 ], [ -75.551924770128949, 6.269350057281715 ], [ -75.551873387350895, 6.269334235281574 ], [ -75.55184022121405, 6.269332665445499 ] ] ] ] } },
{ "type": "Feature", "properties": { "objectid": 675, "codigo": "1613-2", "nombre": "Altavista", "riesgo": "Con condiciones de riesgo", "descripcion": "Zona con condiciones de riesgo por inundaciones", "tipo_amenaza": "Inundaciones", "categoria_proteccion": "Áreas de Amenaza y Riesgo", "subcategoria_proteccion": "Zona con condiciones de riesgo", "fecha_adopcion": "2014-12-17T00:00:00", "fecha_actualizacion": "2026-04-30T00:00:00", "st_area(shape)": 651.17818676295724, "st_perimeter(shape)": 111.8775489701583 }, "geometry": { "type": "Polygon", "coordinates": [ [ [ -75.607059591246028, 6.226858437016594 ], [ -75.607028518682242, 6.226872790751169 ], [ -75.606983105448705, 6.22689193096805 ], [ -75.606961594555898, 6.226903892296681 ], [ -75.606916181310851, 6.22692303160586 ], [ -75.606880330096033, 6.226954129651586 ], [ -75.606861211074815, 6.226987618528698 ], [ -75.606856433876828, 6.227025890457051 ], [ -75.606839703181222, 6.227047419395524 ], [ -75.606806241247511, 6.227068949655584 ], [ -75.606787937186837, 6.227074447334386 ], [ -75.606828868376013, 6.227190176141641 ], [ -75.606846885804202, 6.227183162853887 ], [ -75.606907834433443, 6.227155651050476 ], [ -75.606940100179415, 6.227131728208635 ], [ -75.606967587525688, 6.227116178031351 ], [ -75.607002243767184, 6.227094648188138 ], [ -75.60703929248136, 6.227082684192396 ], [ -75.607066912860319, 6.227082008853566 ], [ -75.607078115267839, 6.226848453174927 ], [ -75.607059591246028, 6.226858437016594 ] ] ] } },
{ "type": "Feature", "properties": { "objectid": 684, "codigo": "0206-2", "nombre": "La Francia", "riesgo": "Con condiciones de riesgo", "descripcion": "Zona con condiciones de riesgo por inundaciones", "tipo_amenaza": "Inundaciones", "categoria_proteccion": "Áreas de Amenaza y Riesgo", "subcategoria_proteccion": "Zona con condiciones de riesgo", "fecha_adopcion": "2014-12-17T00:00:00", "fecha_actualizacion": "2026-04-30T00:00:00", "st_area(shape)": 224.90419615280197, "st_perimeter(shape)": 87.848172611980871 }, "geometry": { "type": "Polygon", "coordinates": [ [ [ -75.55308280089038, 6.29871429201772 ], [ -75.553118383841948, 6.298725406454135 ], [ -75.553127498578263, 6.298728253154548 ], [ -75.553180263030015, 6.298744727077667 ], [ -75.553226459105147, 6.298754120581282 ], [ -75.553281771306501, 6.298770710402448 ], [ -75.5533364687345, 6.298812731077759 ], [ -75.553360781083825, 6.298826555108954 ], [ -75.553386314281269, 6.298830424430355 ], [ -75.553403222255625, 6.298830847048846 ], [ -75.553403223923539, 6.298752469590232 ], [ -75.553369947975284, 6.298761348029727 ], [ -75.553350823726987, 6.298755606581177 ], [ -75.553325006092976, 6.298735513644989 ], [ -75.553297275966727, 6.29872307424651 ], [ -75.55325807075036, 6.298712548947688 ], [ -75.553221733745048, 6.298698196104954 ], [ -75.553177748131347, 6.298684800170406 ], [ -75.553142367487297, 6.298678101283136 ], [ -75.553098711195958, 6.2986716291464 ], [ -75.55308280089038, 6.29871429201772 ] ] ] } },
{ "type": "Feature", "properties": { "objectid": 685, "codigo": "6012-3", "nombre": "Pajarito", "riesgo": "Con condiciones de riesgo", "descripcion": "Zona con condiciones de riesgo por inundaciones", "tipo_amenaza": "Inundaciones", "categoria_proteccion": "Áreas de Amenaza y Riesgo", "subcategoria_proteccion": "Zona con condiciones de riesgo", "fecha_adopcion": "2014-12-17T00:00:00", "fecha_actualizacion": "2026-04-30T00:00:00", "st_area(shape)": 535.46544207294869, "st_perimeter(shape)": 165.62724295784034 }, "geometry": { "type": "Polygon", "coordinates": [ [ [ -75.598907083083404, 6.295985229846255 ], [ -75.59942895666515, 6.296496584636817 ], [ -75.599425561680874, 6.296488518267362 ], [ -75.599410021722349, 6.296468187228195 ], [ -75.59940643600568, 6.296461011412861 ], [ -75.599404328466662, 6.296456193278472 ], [ -75.59940049992646, 6.296445068793887 ], [ -75.599388544959311, 6.296413973220345 ], [ -75.599367027807574, 6.296368527979627 ], [ -75.59932757860733, 6.296309927454223 ], [ -75.599315624027895, 6.296277636694176 ], [ -75.599296496846435, 6.296240562974983 ], [ -75.599259441267833, 6.29620468605109 ], [ -75.599230752778041, 6.296173592460563 ], [ -75.599202064387526, 6.29615087145398 ], [ -75.599180548283954, 6.29612814816758 ], [ -75.599136321577092, 6.296103035543213 ], [ -75.599121977122479, 6.296091077447319 ], [ -75.599104361939126, 6.296078409675057 ], [ -75.59909683332566, 6.296066358862402 ], [ -75.599078903623024, 6.296054399637747 ], [ -75.599054995957715, 6.296040049994493 ], [ -75.599031089789662, 6.296020916005812 ], [ -75.599004793101287, 6.296012546022351 ], [ -75.59896773819041, 6.29600058803007 ], [ -75.59894622371138, 6.295995805077533 ], [ -75.598927098723493, 6.295992218963582 ], [ -75.59891036434523, 6.295986240526301 ], [ -75.598907083083404, 6.295985229846255 ] ] ] } },
{ "type": "Feature", "properties": { "objectid": 692, "codigo": "0814-16", "nombre": "San Antonio", "riesgo": "Alto riesgo no mitigable", "descripcion": "Zona de alto riesgo no mitigable por inundaciones", "tipo_amenaza": "Inundaciones", "categoria_proteccion": "Áreas de Amenaza y Riesgo", "subcategoria_proteccion": "Zona de riesgo no mitigable", "fecha_adopcion": "2014-12-17T00:00:00", "fecha_actualizacion": "2026-04-30T00:00:00", "st_area(shape)": 121.26826033799033, "st_perimeter(shape)": 68.376643321562668 }, "geometry": { "type": "Polygon", "coordinates": [ [ [ -75.538235332060864, 6.23934495390026 ], [ -75.538237643824075, 6.239346402897889 ], [ -75.538245268746977, 6.239351182348472 ], [ -75.538246762186262, 6.239352679592969 ], [ -75.538252496254088, 6.239358425615834 ], [ -75.538253011538316, 6.239359050586238 ], [ -75.538269727492903, 6.239379254682322 ], [ -75.538270716072702, 6.239379289697033 ], [ -75.538284323170217, 6.239354463138254 ], [ -75.538293350973859, 6.239337990063094 ], [ -75.538294190451737, 6.239334641700157 ], [ -75.538294362469472, 6.239334152649562 ], [ -75.538287860770495, 6.239322845510149 ], [ -75.538284117717055, 6.239317044682672 ], [ -75.538279923670373, 6.239312900557076 ], [ -75.538268759892745, 6.239305512623341 ], [ -75.538260164054719, 6.239302678081384 ], [ -75.538258013962633, 6.239301968773236 ], [ -75.53825353189518, 6.239300491362339 ], [ -75.538247296087818, 6.23929843473284 ], [ -75.538239173501594, 6.239293687517081 ], [ -75.538232726020922, 6.239288387044692 ], [ -75.538210067932241, 6.239294845872257 ], [ -75.538134151334901, 6.239296623194152 ], [ -75.538103434973848, 6.239300246689838 ], [ -75.538097426629449, 6.239297207094436 ], [ -75.538089305662098, 6.239294485082342 ], [ -75.53808527787605, 6.239291283143406 ], [ -75.538080154194546, 6.239290339538618 ], [ -75.538074977156526, 6.239289385341654 ], [ -75.538069339119644, 6.239284631569483 ], [ -75.538069297547295, 6.239284629057562 ], [ -75.538064588908966, 6.239284319947676 ], [ -75.53806337275735, 6.239283931617069 ], [ -75.538058264740755, 6.239282300810193 ], [ -75.53805643517039, 6.239280796144167 ], [ -75.538055102532354, 6.23928079623984 ], [ -75.538055102842549, 6.239281423693161 ], [ -75.538055103270935, 6.239281700349853 ], [ -75.538054726518254, 6.239281700357898 ], [ -75.538053296301882, 6.239281700019849 ], [ -75.538053296136979, 6.239282604134219 ], [ -75.53805239265246, 6.239282603969226 ], [ -75.538052392713908, 6.239283555096415 ], [ -75.538052392322697, 6.239284412197965 ], [ -75.538052067067397, 6.239284411957749 ], [ -75.538051488838164, 6.239284412032971 ], [ -75.538051488939942, 6.239285934559738 ], [ -75.538051489246968, 6.239287124371727 ], [ -75.538051037502512, 6.239287123837184 ], [ -75.538050585762434, 6.239287124206733 ], [ -75.538050133523313, 6.239289836015304 ], [ -75.538049682187676, 6.239292547819521 ], [ -75.538049230447569, 6.239292548189069 ], [ -75.538048778707477, 6.239292548558618 ], [ -75.538048778004068, 6.239293903828272 ], [ -75.538048778208463, 6.239295259997661 ], [ -75.53804832646837, 6.239295260367193 ], [ -75.538047874723901, 6.239295259832651 ], [ -75.538047874394138, 6.239297068061413 ], [ -75.538047875099068, 6.239298528201444 ], [ -75.538047874967845, 6.239298876285803 ], [ -75.538047423227724, 6.239298876655353 ], [ -75.538046971483283, 6.239298876120794 ], [ -75.538046519248525, 6.23930158883348 ], [ -75.538046067912859, 6.239304300637705 ], [ -75.538045616172752, 6.239304301007255 ], [ -75.538045164428283, 6.239304300472714 ], [ -75.538045163729223, 6.239305656646461 ], [ -75.538045163933631, 6.239307012815837 ], [ -75.538044712189176, 6.239307012281296 ], [ -75.53804426044907, 6.239307012650846 ], [ -75.538044260119293, 6.239308820879596 ], [ -75.538044260692985, 6.239310629104006 ], [ -75.53804380894853, 6.239310628569449 ], [ -75.538043357208409, 6.239310628939 ], [ -75.538043356509363, 6.239311985112749 ], [ -75.538043356713771, 6.239313341282142 ], [ -75.538042904969288, 6.239313340747602 ], [ -75.538042453229167, 6.239313341117136 ], [ -75.538042453433576, 6.239314697286531 ], [ -75.538042453794844, 6.239314772326225 ], [ -75.538042452875132, 6.239315331976958 ], [ -75.53804225393921, 6.239315296771467 ], [ -75.53804200189353, 6.239316052921385 ], [ -75.538041550153395, 6.239316053290936 ], [ -75.538041549654395, 6.239318764729974 ], [ -75.538042136922655, 6.239318765515285 ], [ -75.538042151923946, 6.2393190665128 ], [ -75.538042453364667, 6.239319187114925 ], [ -75.538042452974111, 6.239319669009355 ], [ -75.538044673924489, 6.239320083235843 ], [ -75.538050174529886, 6.239316745854206 ], [ -75.538049856201951, 6.239316683196753 ], [ -75.538051036043029, 6.239315909916466 ], [ -75.538051939303784, 6.239315675917113 ], [ -75.538052842560191, 6.23931544101365 ], [ -75.538056455825085, 6.239315864801961 ], [ -75.538070560535743, 6.239321207924275 ], [ -75.538079041642632, 6.239324420038089 ], [ -75.538088075255942, 6.239327168390195 ], [ -75.53810614410925, 6.239327185253846 ], [ -75.538131439374212, 6.239324084251002 ], [ -75.53813505286594, 6.239324179844425 ], [ -75.538154037418522, 6.239328235487434 ], [ -75.538177615765548, 6.239338209008039 ], [ -75.538182030207651, 6.239337462626379 ], [ -75.538186536080275, 6.239339568281953 ], [ -75.538188356743035, 6.239339410325537 ], [ -75.538191120246566, 6.239339170069768 ], [ -75.538197468846775, 6.239337631400844 ], [ -75.538201905194413, 6.239336555816134 ], [ -75.538214680012132, 6.239336276334973 ], [ -75.538235332060864, 6.23934495390026 ] ] ] } },
{ "type": "Feature", "properties": { "objectid": 676, "codigo": "0712-3", "nombre": "Aures No.2", "riesgo": "Con condiciones de riesgo", "descripcion": "Zona con condiciones de riesgo por inundaciones", "tipo_amenaza": "Inundaciones", "categoria_proteccion": "Áreas de Amenaza y Riesgo", "subcategoria_proteccion": "Zona con condiciones de riesgo", "fecha_adopcion": "2014-12-17T00:00:00", "fecha_actualizacion": "2026-04-30T00:00:00", "st_area(shape)": 2187.2489040902283, "st_perimeter(shape)": 674.22807247118158 }, "geometry": { "type": "Polygon", "coordinates": [ [ [ -75.597295062837816, 6.294031082725934 ], [ -75.597297066810071, 6.29403161338831 ], [ -75.597315876554134, 6.294031231389688 ], [ -75.597334877816067, 6.294030843012933 ], [ -75.597340542609629, 6.29402658467628 ], [ -75.59734147210095, 6.294019626842047 ], [ -75.597338243423792, 6.294025012185368 ], [ -75.59732186666983, 6.294013712331072 ], [ -75.597306620044776, 6.294001282188134 ], [ -75.597291936523547, 6.293989982947297 ], [ -75.59727781932007, 6.293977552607281 ], [ -75.597263701027245, 6.293963993991535 ], [ -75.597260070323699, 6.293961571970571 ], [ -75.597248453896626, 6.293953824929592 ], [ -75.597231513535064, 6.293943655251671 ], [ -75.597215701495472, 6.293932355294261 ], [ -75.597202149009718, 6.293919925757125 ], [ -75.597188595425834, 6.293906366136118 ], [ -75.597177863668676, 6.293894095239927 ], [ -75.597176735968503, 6.293892805317427 ], [ -75.597165441939254, 6.293878116116423 ], [ -75.597153017582514, 6.293863426210585 ], [ -75.597141158131706, 6.293849866294348 ], [ -75.597129299390005, 6.293835176285289 ], [ -75.59712139323392, 6.293818226321153 ], [ -75.597112921269954, 6.293800146370936 ], [ -75.597105578921813, 6.293783196313046 ], [ -75.59709805724485, 6.293767068947689 ], [ -75.59709841167458, 6.293766936093898 ], [ -75.597097885292769, 6.293765739914752 ], [ -75.597088135820371, 6.293749314441202 ], [ -75.597075784040427, 6.29373559152625 ], [ -75.597060399692964, 6.293722172097759 ], [ -75.597045154203101, 6.293710876544608 ], [ -75.597036957261011, 6.293705410630673 ], [ -75.597030110478585, 6.293700363816489 ], [ -75.597019985811897, 6.293692619289367 ], [ -75.597014660474102, 6.293688277313172 ], [ -75.597010071686796, 6.293684878234761 ], [ -75.596999634127656, 6.293676534056446 ], [ -75.59699152855481, 6.293669090483295 ], [ -75.596985860497085, 6.293663419419064 ], [ -75.596977552327672, 6.29365702557599 ], [ -75.596971326755366, 6.293651893399411 ], [ -75.596960006645759, 6.29364595391949 ], [ -75.596954800640418, 6.293643079560092 ], [ -75.596937295073204, 6.293635171047762 ], [ -75.596937246189086, 6.293635152305488 ], [ -75.596933280515273, 6.293635505637451 ], [ -75.59693325341884, 6.293635507580399 ], [ -75.596910190269909, 6.29363743227232 ], [ -75.596893251027311, 6.293644213001271 ], [ -75.596876310171382, 6.293652123826869 ], [ -75.59684412343212, 6.293662296544316 ], [ -75.596825048415468, 6.29366420591256 ], [ -75.596821410456812, 6.293664323458992 ], [ -75.596802337442156, 6.293665544818303 ], [ -75.596796023502435, 6.29366717643553 ], [ -75.596791499880354, 6.293668345302342 ], [ -75.596783410065527, 6.293670436885758 ], [ -75.596777268323024, 6.293670901394242 ], [ -75.596763947980563, 6.293671911511165 ], [ -75.596744865974429, 6.293673141953964 ], [ -75.596732378568319, 6.293672854200445 ], [ -75.59666974995956, 6.293671410052773 ], [ -75.596613380058159, 6.293667038118643 ], [ -75.596576059379075, 6.293662111246482 ], [ -75.596518638079402, 6.293654530557525 ], [ -75.596485082725778, 6.293636931563963 ], [ -75.596455481818779, 6.293613627191597 ], [ -75.596438948648441, 6.293605211158401 ], [ -75.596419432696322, 6.293604028068047 ], [ -75.596406341514566, 6.293600787899419 ], [ -75.596401028507529, 6.293599472684586 ], [ -75.596383861242003, 6.293590912439466 ], [ -75.596369828674781, 6.293578780888193 ], [ -75.596356854562444, 6.293564913678618 ], [ -75.596345072196399, 6.293548678201779 ], [ -75.596334553509735, 6.293532732070368 ], [ -75.596320377715273, 6.293521233175071 ], [ -75.596302009631742, 6.293515033100769 ], [ -75.596283840488198, 6.293510866197246 ], [ -75.596265146142798, 6.29350755896509 ], [ -75.596246587839715, 6.293503627246105 ], [ -75.596227226909662, 6.293501820470418 ], [ -75.596208579188982, 6.293501169166587 ], [ -75.596189885394978, 6.29350215626908 ], [ -75.596171092094067, 6.293497845101704 ], [ -75.596152922001949, 6.293493669156955 ], [ -75.596134509684262, 6.293489113801956 ], [ -75.596115626021387, 6.293488074917176 ], [ -75.596096833226497, 6.29348804904417 ], [ -75.596078719159877, 6.293482237352 ], [ -75.596061261780349, 6.293474933386946 ], [ -75.596044917030426, 6.293464248987742 ], [ -75.596031407826885, 6.293451249623174 ], [ -75.59601959026736, 6.29343665791132 ], [ -75.596006860247755, 6.293423180032836 ], [ -75.595995031856447, 6.293408590181866 ], [ -75.595943547561149, 6.293357686600508 ], [ -75.595928639996913, 6.293346386607667 ], [ -75.595908762579782, 6.293333732619227 ], [ -75.595885270708607, 6.293316105222947 ], [ -75.595867199897441, 6.293303902420632 ], [ -75.595851840099854, 6.293293053996884 ], [ -75.595835576414075, 6.293279042199186 ], [ -75.595816150461303, 6.293261414468627 ], [ -75.59579627236478, 6.29324152790119 ], [ -75.595782267303349, 6.293219831106438 ], [ -75.595769617003, 6.293201299058678 ], [ -75.595756063139348, 6.293183671054843 ], [ -75.595742510595173, 6.293167400055778 ], [ -75.595726698742013, 6.29315158057333 ], [ -75.5957104355019, 6.293138020802307 ], [ -75.595693719560771, 6.29312536464123 ], [ -75.59568106863469, 6.293112709060426 ], [ -75.595670228042067, 6.293096889266137 ], [ -75.595664353046786, 6.293074289554773 ], [ -75.595660737925215, 6.29304716728697 ], [ -75.595659832487769, 6.293020950083097 ], [ -75.595655314716026, 6.292994733662949 ], [ -75.595639501896969, 6.29296671011048 ], [ -75.595623238423187, 6.292946369793931 ], [ -75.595606973912069, 6.292930550746055 ], [ -75.595589355436204, 6.292915183232634 ], [ -75.595580771636619, 6.292907500614854 ], [ -75.595564960523788, 6.292897103743115 ], [ -75.595539209439451, 6.292878121497871 ], [ -75.595517072376609, 6.292862752940281 ], [ -75.59549719541495, 6.292850549150097 ], [ -75.595486352802325, 6.292841961934879 ], [ -75.595473703606729, 6.292832017648007 ], [ -75.595455631564434, 6.292816650573902 ], [ -75.595441628060442, 6.292803995377814 ], [ -75.595424008713294, 6.292787722883046 ], [ -75.595406841960468, 6.292774163970173 ], [ -75.595389675147104, 6.292762412297098 ], [ -75.595383802590746, 6.292758859558075 ], [ -75.59538164205037, 6.292757548545489 ], [ -75.595378100393347, 6.292755406324056 ], [ -75.595375489500256, 6.292753834465304 ], [ -75.595370249495645, 6.292750661003944 ], [ -75.595367312190447, 6.292749223666484 ], [ -75.595359541856695, 6.292745418180767 ], [ -75.595349017181093, 6.292740265759013 ], [ -75.595342366619661, 6.292737246673437 ], [ -75.595342195447017, 6.292737165253826 ], [ -75.595340794492301, 6.292736523998665 ], [ -75.595339331100845, 6.292735864068359 ], [ -75.5953323100955, 6.292732664201623 ], [ -75.595329138775824, 6.292731227123175 ], [ -75.595324928411031, 6.29272906652786 ], [ -75.595312424082593, 6.292722639259833 ], [ -75.59529480582475, 6.292714955439548 ], [ -75.595281975227294, 6.292710147177861 ], [ -75.595273121222789, 6.292706820811445 ], [ -75.595270970329153, 6.292706178763781 ], [ -75.595269280024411, 6.292705675461687 ], [ -75.595256099621878, 6.292701749504596 ], [ -75.595251889233225, 6.292700493885024 ], [ -75.59524269131721, 6.292697963003115 ], [ -75.595236854655354, 6.292696361975521 ], [ -75.595235119300597, 6.292695884211273 ], [ -75.595234369237161, 6.292695676387011 ], [ -75.595233818220592, 6.292695522721663 ], [ -75.595225705866184, 6.29269416716143 ], [ -75.595209424231484, 6.292691455419443 ], [ -75.595198654356409, 6.292688599652307 ], [ -75.595196458556472, 6.292688012071833 ], [ -75.595187288239742, 6.292685580499511 ], [ -75.595180927412244, 6.292683592421608 ], [ -75.59517908403663, 6.292683013938004 ], [ -75.595169706149008, 6.292680085253248 ], [ -75.595167104443661, 6.292679271864111 ], [ -75.595167037471427, 6.292679249595223 ], [ -75.59516560404299, 6.292678801068283 ], [ -75.595150000006782, 6.292673712765676 ], [ -75.595144824290884, 6.292672022564423 ], [ -75.595136980684273, 6.292669473195099 ], [ -75.595136185175818, 6.292669211352212 ], [ -75.595133944425967, 6.292668487479914 ], [ -75.595126753307795, 6.292666147323943 ], [ -75.595125822812207, 6.292665812922182 ], [ -75.595109134557106, 6.292659819606608 ], [ -75.59510865555238, 6.292659611338797 ], [ -75.59509832859095, 6.292655154063234 ], [ -75.595092220190566, 6.292652506564435 ], [ -75.595089256588636, 6.292651232088637 ], [ -75.595082788868808, 6.292647914649948 ], [ -75.595070735763528, 6.292641740983674 ], [ -75.595069624111844, 6.292641316170933 ], [ -75.595061256706273, 6.292638089541312 ], [ -75.59505311657648, 6.292634961229743 ], [ -75.595035815102193, 6.292630116419094 ], [ -75.595035480303792, 6.292630017731229 ], [ -75.595033836289403, 6.292629556689486 ], [ -75.595031116488755, 6.292628797226784 ], [ -75.595030529282326, 6.292628633796276 ], [ -75.59502219901934, 6.292626700708966 ], [ -75.595017013073928, 6.292625497852015 ], [ -75.595005230917167, 6.292622759216582 ], [ -75.594987983398951, 6.292618954723292 ], [ -75.594983483412321, 6.292617969050014 ], [ -75.594978578153203, 6.292616885039079 ], [ -75.594977674437231, 6.292616848847806 ], [ -75.594968403042927, 6.292616442895646 ], [ -75.594957796853166, 6.292615982101022 ], [ -75.59495761524235, 6.292615982099655 ], [ -75.594953695294507, 6.29261608204635 ], [ -75.594938823937085, 6.29261643532311 ], [ -75.594925072766657, 6.292617294736678 ], [ -75.594921838189492, 6.292617493436716 ], [ -75.594918025578778, 6.292617738405324 ], [ -75.594917140381881, 6.292617792529156 ], [ -75.594916137448493, 6.292617972904286 ], [ -75.59491496932911, 6.292618185743001 ], [ -75.594902570685761, 6.292664713085086 ], [ -75.594895056174494, 6.292673307482881 ], [ -75.594895274420978, 6.292673225031563 ], [ -75.594957428675286, 6.292673221668927 ], [ -75.595017193205493, 6.292683982311904 ], [ -75.595056637980377, 6.292700723136059 ], [ -75.595108035895805, 6.292713875943584 ], [ -75.595164214166942, 6.292730616751048 ], [ -75.595229954942752, 6.29273778922821 ], [ -75.595287329236683, 6.292758116857518 ], [ -75.595363829225917, 6.292804755539581 ], [ -75.595379068429551, 6.292823711403329 ], [ -75.595408057640967, 6.292859769047043 ], [ -75.595435550079401, 6.292886078285649 ], [ -75.595473800158246, 6.292914779552632 ], [ -75.595492925853108, 6.292932718895679 ], [ -75.595557473383977, 6.292978162104731 ], [ -75.595589747630001, 6.293017627117531 ], [ -75.595589748973907, 6.293049918758312 ], [ -75.595592142126819, 6.293092974142077 ], [ -75.595625613332643, 6.293144398591055 ], [ -75.595648324791796, 6.293163533358107 ], [ -75.595682989152621, 6.293191039161099 ], [ -75.595715263694643, 6.293235288504286 ], [ -75.595733194299427, 6.293258011793275 ], [ -75.595770250231652, 6.293299868685217 ], [ -75.59579535337771, 6.293327374103004 ], [ -75.595844360522094, 6.293363251692347 ], [ -75.595887393087793, 6.293400322526014 ], [ -75.595924449430768, 6.293440984212627 ], [ -75.595966285489695, 6.293481645629881 ], [ -75.59599975513504, 6.293504366661163 ], [ -75.596033223993146, 6.293521108162243 ], [ -75.596079839292514, 6.293529477666642 ], [ -75.596182633823361, 6.293546215201531 ], [ -75.59624837442307, 6.29355697576363 ], [ -75.596278256981407, 6.293562953123723 ], [ -75.596298578899109, 6.293586872324138 ], [ -75.596317703764271, 6.293613182417842 ], [ -75.596345195872829, 6.293632315958752 ], [ -75.596361930971923, 6.293644275855324 ], [ -75.596396594946654, 6.293656233362062 ], [ -75.596447992945627, 6.293669385984528 ], [ -75.596473094166655, 6.293686128386377 ], [ -75.596531665061661, 6.293725591767947 ], [ -75.596578280892032, 6.293735157300789 ], [ -75.596670317860671, 6.293735151488805 ], [ -75.596731275066603, 6.293729167057844 ], [ -75.596793428798023, 6.293719595641507 ], [ -75.596848411812942, 6.293713611988895 ], [ -75.596879487909959, 6.293711217999479 ], [ -75.596921323599801, 6.293713607258444 ], [ -75.596946424404791, 6.293723173115806 ], [ -75.596966745652423, 6.293735133225635 ], [ -75.596997824135627, 6.29377340162265 ], [ -75.597026512773809, 6.293811671057592 ], [ -75.597059984204691, 6.293871467937952 ], [ -75.597116165621685, 6.293924088308517 ], [ -75.597202229385957, 6.29398627421987 ], [ -75.597221904217051, 6.294000334974164 ], [ -75.597226772590119, 6.294001630692871 ], [ -75.597234705883722, 6.294004769026286 ], [ -75.597244617297733, 6.294008690386578 ], [ -75.597261640400774, 6.294017873310019 ], [ -75.597269451079939, 6.294021974184288 ], [ -75.597278418571577, 6.294026677741694 ], [ -75.597292015715595, 6.294030276088364 ], [ -75.597295062837816, 6.294031082725934 ] ] ] } },
{ "type": "Feature", "properties": { "objectid": 677, "codigo": "0804-2", "nombre": "La Ladera", "riesgo": "Con condiciones de riesgo", "descripcion": "Zona con condiciones de riesgo por inundaciones", "tipo_amenaza": "Inundaciones", "categoria_proteccion": "Áreas de Amenaza y Riesgo", "subcategoria_proteccion": "Zona con condiciones de riesgo", "fecha_adopcion": "2014-12-17T00:00:00", "fecha_actualizacion": "2026-04-30T00:00:00", "st_area(shape)": 112.33463454612432, "st_perimeter(shape)": 50.697077467506112 }, "geometry": { "type": "Polygon", "coordinates": [ [ [ -75.552398350110437, 6.254018991337944 ], [ -75.552354430719987, 6.253993610497488 ], [ -75.552343993745552, 6.25401339688517 ], [ -75.552343992470057, 6.254044970891626 ], [ -75.552338594782711, 6.254092036712486 ], [ -75.552330603478069, 6.254161697829842 ], [ -75.552329462558859, 6.254180543079134 ], [ -75.552377736262173, 6.254186257495516 ], [ -75.552379779644909, 6.254179300436013 ], [ -75.552398350110437, 6.254018991337944 ] ] ] } },
{ "type": "Feature", "properties": { "objectid": 678, "codigo": "0301-1", "nombre": "La Salle", "riesgo": "Con condiciones de riesgo", "descripcion": "Zona con condiciones de riesgo por inundaciones", "tipo_amenaza": "Inundaciones", "categoria_proteccion": "Áreas de Amenaza y Riesgo", "subcategoria_proteccion": "Zona con condiciones de riesgo", "fecha_adopcion": "2014-12-17T00:00:00", "fecha_actualizacion": "2026-04-30T00:00:00", "st_area(shape)": 90.789496445736063, "st_perimeter(shape)": 46.669978983349147 }, "geometry": { "type": "Polygon", "coordinates": [ [ [ -75.550137061506305, 6.281890625728924 ], [ -75.550103221995727, 6.28192072201249 ], [ -75.550106784109374, 6.281926725071607 ], [ -75.55014311904084, 6.281954472950995 ], [ -75.550164154080008, 6.281975521888859 ], [ -75.550192839999895, 6.282006140524706 ], [ -75.550225798967261, 6.282025290554406 ], [ -75.550262258056492, 6.281980393963358 ], [ -75.550208341198797, 6.281955292257822 ], [ -75.550204600797727, 6.281953311524123 ], [ -75.550151296914763, 6.281908063382634 ], [ -75.550137061506305, 6.281890625728924 ] ] ] } },
{ "type": "Feature", "properties": { "objectid": 679, "codigo": "0412-1", "nombre": "La Piñuela", "riesgo": "Con condiciones de riesgo", "descripcion": "Zona con condiciones de riesgo por inundaciones", "tipo_amenaza": "Inundaciones", "categoria_proteccion": "Áreas de Amenaza y Riesgo", "subcategoria_proteccion": "Zona con condiciones de riesgo", "fecha_adopcion": "2014-12-17T00:00:00", "fecha_actualizacion": "2026-04-30T00:00:00", "st_area(shape)": 238.21847740012768, "st_perimeter(shape)": 80.178864621019358 }, "geometry": { "type": "Polygon", "coordinates": [ [ [ -75.556814128565208, 6.278958905202997 ], [ -75.556877180729401, 6.278999729979018 ], [ -75.556887196213339, 6.278979686872302 ], [ -75.556900583539218, 6.278920365863107 ], [ -75.556915883377286, 6.278870613537979 ], [ -75.556952219113967, 6.278824688530119 ], [ -75.556989629214854, 6.278788216959856 ], [ -75.55700386732201, 6.278714016648749 ], [ -75.556922912681898, 6.278762274397558 ], [ -75.556913146348961, 6.278772274452381 ], [ -75.556870420934729, 6.278816009310889 ], [ -75.556831054946159, 6.278872717853704 ], [ -75.556827774656767, 6.278932420727115 ], [ -75.556814128565208, 6.278958905202997 ] ] ] } },
{ "type": "Feature", "properties": { "objectid": 680, "codigo": "6011-2", "nombre": "El Picacho", "riesgo": "Con condiciones de riesgo", "descripcion": "Zona con condiciones de riesgo por inundaciones", "tipo_amenaza": "Inundaciones", "categoria_proteccion": "Áreas de Amenaza y Riesgo", "subcategoria_proteccion": "Zona con condiciones de riesgo", "fecha_adopcion": "2014-12-17T00:00:00", "fecha_actualizacion": "2026-04-30T00:00:00", "st_area(shape)": 1071.8772565071065, "st_perimeter(shape)": 305.69681628023756 }, "geometry": { "type": "Polygon", "coordinates": [ [ [ -75.598684698870827, 6.295767331939077 ], [ -75.598690461935519, 6.295783738323972 ], [ -75.598694050674325, 6.2958244017864 ], [ -75.598702420654803, 6.295888983014226 ], [ -75.59872154861165, 6.295932036291992 ], [ -75.598762191668925, 6.295989441201499 ], [ -75.598796857345178, 6.296025318331282 ], [ -75.598853038038229, 6.296067174494978 ], [ -75.598904436658074, 6.296093482771251 ], [ -75.598989303897071, 6.296129356643789 ], [ -75.599041897073903, 6.296149685763223 ], [ -75.599088515538, 6.296183169014886 ], [ -75.599153064191086, 6.296235788885221 ], [ -75.599179362599841, 6.296270469981456 ], [ -75.599218810594635, 6.296338637395203 ], [ -75.599249889956141, 6.296378102508171 ], [ -75.599265433185806, 6.296448664540953 ], [ -75.599278583996906, 6.29648693518582 ], [ -75.599306077878481, 6.296515637124657 ], [ -75.59933835196189, 6.296551515254341 ], [ -75.599364652088227, 6.296598155350242 ], [ -75.599388559777339, 6.296632838388465 ], [ -75.599390952056538, 6.2966627376036 ], [ -75.59939334386172, 6.296685460318605 ], [ -75.599408885306886, 6.29672133953251 ], [ -75.599430400916049, 6.296742865809781 ], [ -75.599445941156418, 6.296753628173732 ], [ -75.599471042603398, 6.296770370328905 ], [ -75.599490167245264, 6.296775152495022 ], [ -75.59952004896887, 6.296772759709522 ], [ -75.599536782742959, 6.296769170352325 ], [ -75.599538860018413, 6.296757739799727 ], [ -75.599531957915517, 6.296740863574793 ], [ -75.599524785782577, 6.296722923701448 ], [ -75.59951880797793, 6.296702592942423 ], [ -75.599512829638343, 6.296681065198108 ], [ -75.599509243445937, 6.296666713789454 ], [ -75.599490116540821, 6.296634423518292 ], [ -75.599484138362826, 6.296615287939276 ], [ -75.599475770327402, 6.29659615341819 ], [ -75.599472183447958, 6.296578213761038 ], [ -75.599466206175549, 6.296559078176761 ], [ -75.599461423539381, 6.296542334232004 ], [ -75.599445884266586, 6.296525591442802 ], [ -75.599435125781142, 6.296511240507283 ], [ -75.59942895666515, 6.296496584636817 ], [ -75.598907083083404, 6.295985229846255 ], [ -75.598894824968227, 6.29598145674095 ], [ -75.598876895210338, 6.295975478831724 ], [ -75.598855380118238, 6.29596112810777 ], [ -75.59884701198169, 6.295953952597508 ], [ -75.598838644444598, 6.295941993651042 ], [ -75.598833862214605, 6.295924053603439 ], [ -75.598820712916734, 6.295901332015827 ], [ -75.598820454126397, 6.295900347868709 ], [ -75.598684698870827, 6.295767331939077 ] ] ] } },
{ "type": "Feature", "properties": { "objectid": 681, "codigo": "6011-4", "nombre": "El Picacho", "riesgo": "Con condiciones de riesgo", "descripcion": "Zona con condiciones de riesgo por inundaciones", "tipo_amenaza": "Inundaciones", "categoria_proteccion": "Áreas de Amenaza y Riesgo", "subcategoria_proteccion": "Zona con condiciones de riesgo", "fecha_adopcion": "2014-12-17T00:00:00", "fecha_actualizacion": "2026-04-30T00:00:00", "st_area(shape)": 47.359191475018392, "st_perimeter(shape)": 124.51907299788077 }, "geometry": { "type": "MultiPolygon", "coordinates": [ [ [ [ -75.597954666925489, 6.29471594769285 ], [ -75.597966058265285, 6.294751653299855 ], [ -75.598001920563604, 6.294817430326289 ], [ -75.59806049470366, 6.294898752779501 ], [ -75.598079597237657, 6.294916909956994 ], [ -75.597964440965413, 6.294731670546299 ], [ -75.597954666925489, 6.29471594769285 ] ] ], [ [ [ -75.597221904217051, 6.294000334974164 ], [ -75.597244066277739, 6.294016171603079 ], [ -75.597289487882165, 6.294044872234559 ], [ -75.597345668905859, 6.294090316050703 ], [ -75.597373865667805, 6.294112690715089 ], [ -75.597295223591189, 6.294031249179119 ], [ -75.597295062837816, 6.294031082725934 ], [ -75.597292015715595, 6.294030276088364 ], [ -75.597278418571577, 6.294026677741694 ], [ -75.597269451079939, 6.294021974184288 ], [ -75.597261640400774, 6.294017873310019 ], [ -75.597244617297733, 6.294008690386578 ], [ -75.597234705883722, 6.294004769026286 ], [ -75.597226772590119, 6.294001630692871 ], [ -75.597221904217051, 6.294000334974164 ] ] ], [ [ [ -75.5974632573554, 6.294205261184078 ], [ -75.597484329632877, 6.294231432227771 ], [ -75.597539315652725, 6.294290031663193 ], [ -75.59755593500239, 6.294301237178485 ], [ -75.5974632573554, 6.294205261184078 ] ] ] ] } },
{ "type": "Feature", "properties": { "objectid": 686, "codigo": "6012-5", "nombre": "Pajarito", "riesgo": "Con condiciones de riesgo", "descripcion": "Zona con condiciones de riesgo por inundaciones", "tipo_amenaza": "Inundaciones", "categoria_proteccion": "Áreas de Amenaza y Riesgo", "subcategoria_proteccion": "Zona con condiciones de riesgo", "fecha_adopcion": "2014-12-17T00:00:00", "fecha_actualizacion": "2026-04-30T00:00:00", "st_area(shape)": 3811.9671110504705, "st_perimeter(shape)": 592.64932168697237 }, "geometry": { "type": "Polygon", "coordinates": [ [ [ -75.598684698870827, 6.295767331939077 ], [ -75.598820454126397, 6.295900347868709 ], [ -75.59881473590363, 6.295878608156649 ], [ -75.598811148002511, 6.295858276319814 ], [ -75.598796803241356, 6.295827182669817 ], [ -75.598796802014249, 6.295808046231036 ], [ -75.598793214494705, 6.2957865192114 ], [ -75.598784845823388, 6.295763796413222 ], [ -75.598776476389133, 6.295729113679133 ], [ -75.598768107941737, 6.29570280262582 ], [ -75.598763325570431, 6.295682471311648 ], [ -75.598757347973901, 6.295664532694001 ], [ -75.598747784601599, 6.295645396864065 ], [ -75.598738221456458, 6.295622673683477 ], [ -75.598728656960674, 6.295607126111309 ], [ -75.598720288979322, 6.295587991559392 ], [ -75.598709995828415, 6.295572544350595 ], [ -75.598702399711456, 6.295552913235893 ], [ -75.598695225823292, 6.295520622136132 ], [ -75.598692833007874, 6.295481155129814 ], [ -75.598690440119697, 6.295447667641712 ], [ -75.598666530662854, 6.295390261645769 ], [ -75.598653381616629, 6.295363951790502 ], [ -75.598601981046102, 6.29531252749767 ], [ -75.598584050477299, 6.295300568244866 ], [ -75.598538627958547, 6.295274259974508 ], [ -75.598506983667889, 6.295251982144602 ], [ -75.59849914042222, 6.295232799766939 ], [ -75.598487186310166, 6.295213664076311 ], [ -75.598478818119062, 6.295198116864986 ], [ -75.598468553611994, 6.29518751712603 ], [ -75.598454952211668, 6.295159451095635 ], [ -75.598397575235623, 6.295100851989339 ], [ -75.598359324050861, 6.295066171555408 ], [ -75.598333025165886, 6.295036273807029 ], [ -75.598301945968387, 6.294996807672171 ], [ -75.598268476546352, 6.294958538669709 ], [ -75.59822902939375, 6.294928642183668 ], [ -75.598202731422731, 6.294898743514109 ], [ -75.598171652104057, 6.294856887002848 ], [ -75.598153719782758, 6.294816224406931 ], [ -75.598138179198813, 6.294783934250027 ], [ -75.598121442803603, 6.294730115090896 ], [ -75.59811486717669, 6.294708737633527 ], [ -75.598110681577523, 6.294684668613487 ], [ -75.598099921704019, 6.294646398638311 ], [ -75.598070035499916, 6.294574642182584 ], [ -75.598038955602235, 6.294537568185825 ], [ -75.598011462819869, 6.294508867006244 ], [ -75.597966039956432, 6.294475383040531 ], [ -75.597912250421103, 6.294435917797466 ], [ -75.597863241222598, 6.294391669724448 ], [ -75.597838138833211, 6.294364163564504 ], [ -75.597825277765324, 6.294350509213608 ], [ -75.597822557760935, 6.294346620783855 ], [ -75.597817422508768, 6.294342168482727 ], [ -75.597800007065075, 6.294323678324538 ], [ -75.597798650000769, 6.294321507173199 ], [ -75.597780719662708, 6.294297588824927 ], [ -75.597758008329407, 6.294274865946751 ], [ -75.597742467708599, 6.29424855618793 ], [ -75.597716170476389, 6.294222245720382 ], [ -75.597693459208102, 6.294207895434318 ], [ -75.59768150597759, 6.29419474102978 ], [ -75.597661184274813, 6.294175606259796 ], [ -75.597651622091036, 6.294167235144453 ], [ -75.59763608233915, 6.294155275687775 ], [ -75.597622934108898, 6.294140924814188 ], [ -75.597608589215369, 6.294127769652489 ], [ -75.597594245609685, 6.294113419302275 ], [ -75.597566753590371, 6.294096677123067 ], [ -75.597550018610249, 6.294087110357053 ], [ -75.597530893401, 6.29407874072221 ], [ -75.597511769091156, 6.294070370177866 ], [ -75.597489057453714, 6.29405721596528 ], [ -75.597468737094914, 6.294045256785568 ], [ -75.597463956576931, 6.294039277545801 ], [ -75.597446026597808, 6.294028514307637 ], [ -75.597426900958368, 6.294012968155641 ], [ -75.597402994418928, 6.293992637945168 ], [ -75.597386259011699, 6.293975894659286 ], [ -75.597375501031095, 6.293960348451552 ], [ -75.597352789205232, 6.29393642945907 ], [ -75.597337248659102, 6.293918490467148 ], [ -75.597322904542381, 6.293902944020782 ], [ -75.597301388769665, 6.293882613658193 ], [ -75.597282263139476, 6.293867067496861 ], [ -75.59727183628857, 6.293859243114774 ], [ -75.597278680161693, 6.293872975347519 ], [ -75.597287390385148, 6.293889362589968 ], [ -75.597287415013682, 6.293889409479107 ], [ -75.597287671291667, 6.293889889169589 ], [ -75.597293744130937, 6.293903557433126 ], [ -75.597295496797258, 6.293907517583 ], [ -75.597300540111092, 6.293925832469143 ], [ -75.597302323209291, 6.293932097848237 ], [ -75.597306042939366, 6.293945160340089 ], [ -75.597306936817262, 6.293947034551365 ], [ -75.597316232497093, 6.293966504473024 ], [ -75.597331710378185, 6.293998921567761 ], [ -75.597337235195909, 6.294010493304314 ], [ -75.597337830582759, 6.294011756944804 ], [ -75.597341486908007, 6.294019515567654 ], [ -75.59734147210095, 6.294019626842047 ], [ -75.597340542609629, 6.29402658467628 ], [ -75.597334877816067, 6.294030843012933 ], [ -75.597315876554134, 6.294031231389688 ], [ -75.597297066810071, 6.29403161338831 ], [ -75.597295062837816, 6.294031082725934 ], [ -75.597295223591189, 6.294031249179119 ], [ -75.597373865667805, 6.294112690715089 ], [ -75.597414997875788, 6.294145326397238 ], [ -75.5974632573554, 6.294205261184078 ], [ -75.59755593500239, 6.294301237178485 ], [ -75.597594300387868, 6.294327104267583 ], [ -75.597675583355297, 6.294384505996173 ], [ -75.597718615440684, 6.294417990144663 ], [ -75.597747303299883, 6.294441908291229 ], [ -75.597795116103086, 6.29446941352181 ], [ -75.597850101743376, 6.294520837294133 ], [ -75.597871618061532, 6.294556714911238 ], [ -75.597893136342336, 6.294594985590916 ], [ -75.597924216585568, 6.294645213822031 ], [ -75.597948124559579, 6.294695443396953 ], [ -75.597954666925489, 6.29471594769285 ], [ -75.597964440965413, 6.294731670546299 ], [ -75.598079597237657, 6.294916909956994 ], [ -75.598108307317531, 6.294944197424753 ], [ -75.598144167951844, 6.294975290685343 ], [ -75.598186006964227, 6.295044654208837 ], [ -75.598231005754442, 6.295124029035028 ], [ -75.598231433261901, 6.295124782709244 ], [ -75.598280443986411, 6.295198930106492 ], [ -75.598304352938783, 6.295249159635101 ], [ -75.598349776198816, 6.295301779984197 ], [ -75.598383246707201, 6.29534244022961 ], [ -75.598413130483095, 6.295359182171397 ], [ -75.598476482074844, 6.295387881943828 ], [ -75.598511145196909, 6.295405819669522 ], [ -75.598536249863642, 6.295446480872102 ], [ -75.598562549325365, 6.295506278899186 ], [ -75.598566136458302, 6.29552900291578 ], [ -75.598600802836756, 6.295576839110423 ], [ -75.598623515401798, 6.295610324859018 ], [ -75.59864264145213, 6.295645007373261 ], [ -75.598661768863934, 6.29568686548153 ], [ -75.598674920505246, 6.295739487369184 ], [ -75.598684698870827, 6.295767331939077 ] ] ] } },
{ "type": "Feature", "properties": { "objectid": 687, "codigo": "0814-17", "nombre": "San Antonio", "riesgo": "Alto riesgo no mitigable", "descripcion": "Zona de alto riesgo no mitigable por inundaciones", "tipo_amenaza": "Inundaciones", "categoria_proteccion": "Áreas de Amenaza y Riesgo", "subcategoria_proteccion": "Zona de riesgo no mitigable", "fecha_adopcion": "2014-12-17T00:00:00", "fecha_actualizacion": "2026-04-30T00:00:00", "st_area(shape)": 15.904099212460423, "st_perimeter(shape)": 28.351401221210086 }, "geometry": { "type": "Polygon", "coordinates": [ [ [ -75.538529143621403, 6.23946570558269 ], [ -75.538528168615585, 6.239465299816661 ], [ -75.538527098550304, 6.239464853823901 ], [ -75.538472782388453, 6.239442228100033 ], [ -75.538467186731964, 6.239439897153527 ], [ -75.538436858293863, 6.239427263747482 ], [ -75.538436649476097, 6.239427615550295 ], [ -75.538430239295096, 6.239438693818782 ], [ -75.538434816588335, 6.239440621016765 ], [ -75.538447271061514, 6.239445864493526 ], [ -75.538471575263259, 6.239456098497743 ], [ -75.53852816767963, 6.239479928373505 ], [ -75.538528471856949, 6.239480054386743 ], [ -75.538532868092375, 6.239481906511123 ], [ -75.538532947758171, 6.239481939579181 ], [ -75.538523800630699, 6.239476257032472 ], [ -75.53851751617492, 6.239472353538655 ], [ -75.538529143621403, 6.23946570558269 ] ] ] } },
{ "type": "Feature", "properties": { "objectid": 688, "codigo": "0813-34", "nombre": "Villatina", "riesgo": "Alto riesgo no mitigable", "descripcion": "Zona de alto riesgo no mitigable por inundaciones", "tipo_amenaza": "Inundaciones", "categoria_proteccion": "Áreas de Amenaza y Riesgo", "subcategoria_proteccion": "Zona de riesgo no mitigable", "fecha_adopcion": "2014-12-17T00:00:00", "fecha_actualizacion": "2026-04-30T00:00:00", "st_area(shape)": 40.416548120983663, "st_perimeter(shape)": 50.762306756499882 }, "geometry": { "type": "Polygon", "coordinates": [ [ [ -75.539089730076938, 6.239503457627771 ], [ -75.539098692646121, 6.23950346051105 ], [ -75.539099307917084, 6.239503460255924 ], [ -75.539115253525623, 6.239503466528228 ], [ -75.539118230166793, 6.239504334585888 ], [ -75.539147776880995, 6.239504354820147 ], [ -75.539151663382796, 6.239505233859164 ], [ -75.539152463872227, 6.23950523451887 ], [ -75.539164985275079, 6.239505240126813 ], [ -75.53918120283808, 6.239505247797735 ], [ -75.539184816511636, 6.239506131768822 ], [ -75.539206950407632, 6.239506581946157 ], [ -75.539207402465607, 6.239507022781048 ], [ -75.539209384714226, 6.239507024069575 ], [ -75.539211654442639, 6.239507436246948 ], [ -75.539212294281441, 6.239507847244514 ], [ -75.539216496785755, 6.239508306154619 ], [ -75.539221403331325, 6.239509187506036 ], [ -75.539221853351577, 6.23950958043276 ], [ -75.539223843080464, 6.239509634123703 ], [ -75.539226374162041, 6.239510097478965 ], [ -75.539227276951934, 6.239510516249339 ], [ -75.539228995498405, 6.239510541412522 ], [ -75.539231342850528, 6.239510937845473 ], [ -75.539231794564515, 6.239511307257072 ], [ -75.539233680482312, 6.239511379530925 ], [ -75.539236311110216, 6.239511876762288 ], [ -75.539237214860194, 6.239512307281488 ], [ -75.53923907987641, 6.239512354340969 ], [ -75.539241731991467, 6.239512810783589 ], [ -75.539242634750877, 6.239513223225297 ], [ -75.539246248454418, 6.239513363110962 ], [ -75.539285499320968, 6.239520478117554 ], [ -75.539295936677775, 6.239521481969571 ], [ -75.539302462506726, 6.239519974980905 ], [ -75.539296820690083, 6.23950355909569 ], [ -75.539296650806378, 6.23950336553088 ], [ -75.53929512617168, 6.239503833078147 ], [ -75.539294130199451, 6.239504138951632 ], [ -75.539285898771823, 6.239503807064567 ], [ -75.539271280780738, 6.23950125745359 ], [ -75.539266046287537, 6.239500754699435 ], [ -75.539265221308625, 6.239500359060751 ], [ -75.539262965979361, 6.23950031026749 ], [ -75.539259715698321, 6.239499841340193 ], [ -75.539258896943508, 6.239499424876886 ], [ -75.539249297773509, 6.239498369967259 ], [ -75.539240213391778, 6.239497086546283 ], [ -75.539239656980698, 6.239496739338374 ], [ -75.539224176701211, 6.239494301474371 ], [ -75.539216437011021, 6.239493082087953 ], [ -75.539209797158534, 6.23949136194287 ], [ -75.539191671008822, 6.239490514516186 ], [ -75.53916738352676, 6.239489942724499 ], [ -75.539159187100793, 6.239489749899864 ], [ -75.539156177258405, 6.239489679430076 ], [ -75.539087633951695, 6.239488066174791 ], [ -75.539089730076938, 6.239503457627771 ] ] ] } },
{ "type": "Feature", "properties": { "objectid": 689, "codigo": "0813-31", "nombre": "Villatina", "riesgo": "Alto riesgo no mitigable", "descripcion": "Zona de alto riesgo no mitigable por inundaciones", "tipo_amenaza": "Inundaciones", "categoria_proteccion": "Áreas de Amenaza y Riesgo", "subcategoria_proteccion": "Zona de riesgo no mitigable", "fecha_adopcion": "2014-12-17T00:00:00", "fecha_actualizacion": "2026-04-30T00:00:00", "st_area(shape)": 28.310450113858213, "st_perimeter(shape)": 58.602092087465735 }, "geometry": { "type": "Polygon", "coordinates": [ [ [ -75.538349607526868, 6.235812430515536 ], [ -75.538349531743805, 6.235813391953339 ], [ -75.538346361779759, 6.235820221531915 ], [ -75.538343318621543, 6.23582599087848 ], [ -75.53834323293961, 6.235826960500993 ], [ -75.538340069234394, 6.235833776487738 ], [ -75.538337027005639, 6.235839551254515 ], [ -75.538336933231747, 6.235840529053067 ], [ -75.5383342436904, 6.235846372641182 ], [ -75.538331613904774, 6.235851303690855 ], [ -75.538331522867338, 6.235852286900895 ], [ -75.538328357337605, 6.235859099280031 ], [ -75.538325316867727, 6.235864864093123 ], [ -75.538325218637453, 6.23586585457074 ], [ -75.538322059362187, 6.235872652453936 ], [ -75.538319016216647, 6.235878424512853 ], [ -75.53831891350822, 6.235879423149078 ], [ -75.538315757807538, 6.235886212878049 ], [ -75.538312713758444, 6.235891984941341 ], [ -75.538312606563181, 6.235892989927976 ], [ -75.538306279038537, 6.235906598395323 ], [ -75.538300106131004, 6.23591910581151 ], [ -75.538299990865539, 6.235920123494641 ], [ -75.538297302187956, 6.235925958941695 ], [ -75.538294684893586, 6.235930857383195 ], [ -75.538294574171502, 6.235931880469108 ], [ -75.538288259138042, 6.235945456328325 ], [ -75.538282069133828, 6.235957978292848 ], [ -75.538281953043196, 6.235959012254001 ], [ -75.538278793723705, 6.235965801096443 ], [ -75.53827576035016, 6.235971538752103 ], [ -75.538275641575268, 6.235972578150867 ], [ -75.538272490304124, 6.235979349776405 ], [ -75.538269448855928, 6.235985099224451 ], [ -75.538269328300203, 6.235986144056507 ], [ -75.53826663603445, 6.23599198494564 ], [ -75.538264026718508, 6.235996851704791 ], [ -75.538263910693118, 6.235997899227355 ], [ -75.53825761349718, 6.236011427082817 ], [ -75.538251401922096, 6.236023972658463 ], [ -75.538251283234189, 6.236025030139099 ], [ -75.538248131945224, 6.236031798148368 ], [ -75.538245088620101, 6.236037533139728 ], [ -75.538244968147026, 6.236038595149548 ], [ -75.538244847669603, 6.236039656255276 ], [ -75.538244627407323, 6.236040070496539 ], [ -75.538245311504156, 6.236040292324321 ], [ -75.538252128443006, 6.236042961870477 ], [ -75.538253616509408, 6.236039965700492 ], [ -75.538260212139264, 6.236026685038045 ], [ -75.538260345260724, 6.236025622967286 ], [ -75.538267183111131, 6.236011046447115 ], [ -75.538273777789215, 6.23599775584409 ], [ -75.538273912752359, 6.235996700997378 ], [ -75.53828074346599, 6.235982143498094 ], [ -75.538282864128973, 6.235977866767421 ], [ -75.538287345249429, 6.235968827545761 ], [ -75.538287482970787, 6.235967782630999 ], [ -75.538294316376891, 6.235953221502403 ], [ -75.538300916318136, 6.235939898326135 ], [ -75.538301054087356, 6.235938863356417 ], [ -75.538307897343955, 6.235924284098176 ], [ -75.538314489197134, 6.235910970002136 ], [ -75.538314627022871, 6.235909946785626 ], [ -75.538321455115991, 6.235895408285671 ], [ -75.538328067491506, 6.235882040748133 ], [ -75.538328206277271, 6.235881029280479 ], [ -75.538335464542882, 6.235865576457241 ], [ -75.538341652586197, 6.235853022858477 ], [ -75.538341784644601, 6.235852115396292 ], [ -75.538344954027224, 6.235845352724851 ], [ -75.53834800335737, 6.235839551704533 ], [ -75.538348135024222, 6.23583856287403 ], [ -75.538351776798535, 6.235830835045395 ], [ -75.538355241247331, 6.235824183062194 ], [ -75.538355374751532, 6.235823200551641 ], [ -75.538358531607358, 6.235816463255785 ], [ -75.538360862013491, 6.235812027294745 ], [ -75.538360647511439, 6.235811948766404 ], [ -75.538352809807861, 6.235809125015535 ], [ -75.538352396707765, 6.235808705689289 ], [ -75.538351847556967, 6.235808551923909 ], [ -75.538351700093429, 6.235808511045271 ], [ -75.538349607526868, 6.235812430515536 ] ] ] } },
{ "type": "Feature", "properties": { "objectid": 690, "codigo": "0813-32", "nombre": "Villatina", "riesgo": "Alto riesgo no mitigable", "descripcion": "Zona de alto riesgo no mitigable por inundaciones", "tipo_amenaza": "Inundaciones", "categoria_proteccion": "Áreas de Amenaza y Riesgo", "subcategoria_proteccion": "Zona de riesgo no mitigable", "fecha_adopcion": "2014-12-17T00:00:00", "fecha_actualizacion": "2026-04-30T00:00:00", "st_area(shape)": 22.073566679842511, "st_perimeter(shape)": 22.091650657475686 }, "geometry": { "type": "Polygon", "coordinates": [ [ [ -75.538867919802215, 6.235388728929295 ], [ -75.538859788774175, 6.235392162156931 ], [ -75.538817326827342, 6.235421186308622 ], [ -75.538816101976792, 6.235421804296227 ], [ -75.538816546190105, 6.235422305746431 ], [ -75.53882946627094, 6.23543908981995 ], [ -75.538844738479966, 6.235428543874253 ], [ -75.538864304168214, 6.235419345159293 ], [ -75.538872354841885, 6.235419114687355 ], [ -75.538877257488281, 6.235417692396167 ], [ -75.538885083196675, 6.235416898841696 ], [ -75.5388915856187, 6.235414854947485 ], [ -75.538896849223136, 6.235414656893887 ], [ -75.538876280149481, 6.235387138987143 ], [ -75.538867919802215, 6.235388728929295 ] ] ] } },
{ "type": "Feature", "properties": { "objectid": 693, "codigo": "0817-9", "nombre": "La Sierra", "riesgo": "Alto riesgo no mitigable", "descripcion": "Zona de alto riesgo no mitigable por inundaciones", "tipo_amenaza": "Inundaciones", "categoria_proteccion": "Áreas de Amenaza y Riesgo", "subcategoria_proteccion": "Zona de riesgo no mitigable", "fecha_adopcion": "2014-12-17T00:00:00", "fecha_actualizacion": "2026-04-30T00:00:00", "st_area(shape)": 13.721165525368441, "st_perimeter(shape)": 31.973336216901792 }, "geometry": { "type": "Polygon", "coordinates": [ [ [ -75.526057924980947, 6.235232818343077 ], [ -75.526048154445732, 6.235253333608685 ], [ -75.526045538046588, 6.235258825133108 ], [ -75.526031539927274, 6.235306097363766 ], [ -75.52602907055396, 6.235320218027159 ], [ -75.526024868771827, 6.235344249845029 ], [ -75.526025367497212, 6.235344250166002 ], [ -75.526026229419628, 6.235344249649568 ], [ -75.526026230149014, 6.235343458539373 ], [ -75.526026591044314, 6.235343165681623 ], [ -75.526028036768352, 6.235342441780689 ], [ -75.526028036410764, 6.235341989721429 ], [ -75.526028940085126, 6.23534108578698 ], [ -75.526029162712689, 6.235340974416607 ], [ -75.526029843213621, 6.235340633916123 ], [ -75.526029843759488, 6.23534018185255 ], [ -75.526030295147081, 6.235339730339532 ], [ -75.526030746887969, 6.235339729981691 ], [ -75.52603074725333, 6.235339428907325 ], [ -75.526031650562331, 6.235338826047242 ], [ -75.526032554048427, 6.235338826235622 ], [ -75.526032553871332, 6.23533822318714 ], [ -75.526033005977567, 6.235337921754931 ], [ -75.526033457722775, 6.235337922301172 ], [ -75.52603345771584, 6.235337543474119 ], [ -75.526033938567096, 6.23533701858597 ], [ -75.526034360493654, 6.235337018371069 ], [ -75.526034870602516, 6.235335999692035 ], [ -75.526035591419046, 6.235335210553761 ], [ -75.526036167842349, 6.235335210502167 ], [ -75.526036168262664, 6.235334732219655 ], [ -75.526036890819469, 6.235334306530039 ], [ -75.526037975002779, 6.235334306756106 ], [ -75.52603797465683, 6.23533366844769 ], [ -75.526038426931905, 6.235333402275416 ], [ -75.526038878672779, 6.235333401917552 ], [ -75.526038878319497, 6.235332950762413 ], [ -75.526039781989496, 6.235332045923861 ], [ -75.526040685117962, 6.235331594052994 ], [ -75.52604068566383, 6.235331141989407 ], [ -75.526042039101938, 6.235330013484341 ], [ -75.526042492466615, 6.235329786184085 ], [ -75.526042491747987, 6.235329636103295 ], [ -75.526043395237451, 6.235328882253962 ], [ -75.526044298723534, 6.235328882442347 ], [ -75.526044298874112, 6.235328159144085 ], [ -75.52604490009827, 6.235327677980709 ], [ -75.526046106072144, 6.235327074573433 ], [ -75.526046106143127, 6.235326712020212 ], [ -75.526046406757345, 6.235326471890574 ], [ -75.526046670035171, 6.23532617045966 ], [ -75.526047009746449, 6.235326170638994 ], [ -75.52604746167124, 6.235325265254206 ], [ -75.526048251513345, 6.235324362769697 ], [ -75.52604881619159, 6.235324362774412 ], [ -75.526048816092398, 6.235323775999763 ], [ -75.526049520318836, 6.235323107189248 ], [ -75.526050623540186, 6.235322554905512 ], [ -75.52605062386958, 6.235322057636862 ], [ -75.526051051979195, 6.235321650537459 ], [ -75.526051527214477, 6.235321650971053 ], [ -75.526051526856847, 6.235321198911802 ], [ -75.526052082142826, 6.235320746900602 ], [ -75.526052429985285, 6.235320747040927 ], [ -75.526052430437204, 6.235320464048609 ], [ -75.526053194521737, 6.235319842869517 ], [ -75.526053333659576, 6.235319843106468 ], [ -75.526053334021896, 6.235319730089497 ], [ -75.526053936106209, 6.235319239880774 ], [ -75.526054283410545, 6.235318938951085 ], [ -75.526055140815572, 6.235318938456281 ], [ -75.526055795891651, 6.235317627954876 ], [ -75.526056369030456, 6.235317130651965 ], [ -75.526056947260656, 6.235317130591708 ], [ -75.526056947419903, 6.235316409101653 ], [ -75.52605288282642, 6.235313617676458 ], [ -75.526049269538689, 6.235309791579981 ], [ -75.526043664298186, 6.235306013912107 ], [ -75.526039247972506, 6.235297692755347 ], [ -75.526037791633499, 6.235288652190338 ], [ -75.526040477687602, 6.235277140688082 ], [ -75.526051982671802, 6.235259782436527 ], [ -75.526061848102557, 6.23524700961593 ], [ -75.526072843116793, 6.235232774838566 ], [ -75.526073333508194, 6.235231600745149 ], [ -75.526060457359449, 6.235226950202747 ], [ -75.526057924980947, 6.235232818343077 ] ] ] } },
{ "type": "Feature", "properties": { "objectid": 691, "codigo": "0813-33", "nombre": "Villatina", "riesgo": "Alto riesgo no mitigable", "descripcion": "Zona de alto riesgo no mitigable por inundaciones", "tipo_amenaza": "Inundaciones", "categoria_proteccion": "Áreas de Amenaza y Riesgo", "subcategoria_proteccion": "Zona de riesgo no mitigable", "fecha_adopcion": "2014-12-17T00:00:00", "fecha_actualizacion": "2026-04-30T00:00:00", "st_area(shape)": 94.157864540154847, "st_perimeter(shape)": 160.75802639684906 }, "geometry": { "type": "Polygon", "coordinates": [ [ [ -75.537339223530083, 6.236652109454284 ], [ -75.537339448757834, 6.236652351575962 ], [ -75.537343009091174, 6.236656049429039 ], [ -75.537344717977533, 6.236657824109546 ], [ -75.537345027605355, 6.236658144482552 ], [ -75.537347007083767, 6.236660200847181 ], [ -75.53735020875871, 6.236658081549464 ], [ -75.537360988192177, 6.23665094859737 ], [ -75.537363674723949, 6.23664917172824 ], [ -75.53736447528965, 6.236649376721843 ], [ -75.537366254619883, 6.236649831056261 ], [ -75.53736611836392, 6.236651368706688 ], [ -75.537364742504622, 6.236654027101685 ], [ -75.537365726743147, 6.236655789903176 ], [ -75.537366309997708, 6.236656834961591 ], [ -75.537369001217797, 6.236658661868735 ], [ -75.537376421533295, 6.236658669518357 ], [ -75.537402832653868, 6.236641704963378 ], [ -75.537410652335836, 6.236637587024259 ], [ -75.537411921009394, 6.236636311536086 ], [ -75.537420355770308, 6.23662783461199 ], [ -75.537423054062202, 6.236625121927956 ], [ -75.537425643923513, 6.236622030942484 ], [ -75.53743264093022, 6.236613675767429 ], [ -75.537432973855985, 6.236613204928294 ], [ -75.5374332817956, 6.236612423194313 ], [ -75.537432163564858, 6.236612292964433 ], [ -75.53743151502816, 6.236613453354876 ], [ -75.537431351708449, 6.236613121427705 ], [ -75.537431838645958, 6.236612362338335 ], [ -75.53743205447519, 6.236608772869769 ], [ -75.537433021422615, 6.236608631690134 ], [ -75.537433180717784, 6.236607939275434 ], [ -75.537435752171092, 6.236606843758429 ], [ -75.537437656611601, 6.236605133944925 ], [ -75.53744196917566, 6.236603121405192 ], [ -75.537446511537553, 6.236600798551341 ], [ -75.537451937086104, 6.236597074586332 ], [ -75.537452755772449, 6.236596539023113 ], [ -75.537458803973493, 6.236592847318775 ], [ -75.537459458333515, 6.236592146190231 ], [ -75.537462156832561, 6.23659060342874 ], [ -75.537463312800341, 6.236590126816219 ], [ -75.53746362636322, 6.236589762755829 ], [ -75.537466624968928, 6.236587875889287 ], [ -75.537467828889589, 6.236587413511574 ], [ -75.537468330131375, 6.236586810765006 ], [ -75.537472332301789, 6.236584318731843 ], [ -75.537475063929818, 6.236582901482553 ], [ -75.537478819976656, 6.236580331073061 ], [ -75.537479581834546, 6.236580189977333 ], [ -75.537480762544845, 6.236578659048615 ], [ -75.53748408430647, 6.236577463176497 ], [ -75.537484681474524, 6.236576705364288 ], [ -75.537486094845889, 6.236575647070436 ], [ -75.537488578612425, 6.236574729182065 ], [ -75.537489746353643, 6.236573319467118 ], [ -75.537493072913961, 6.236571994283523 ], [ -75.537494331704394, 6.23657054254068 ], [ -75.537496236229089, 6.236569789279343 ], [ -75.537497078049228, 6.236569930786026 ], [ -75.537503376591374, 6.236565128527442 ], [ -75.537513734982525, 6.23656062134114 ], [ -75.537516599345992, 6.236559376138027 ], [ -75.537521476927296, 6.23655612043136 ], [ -75.537524377462574, 6.236554694231155 ], [ -75.537531667549331, 6.236551107749262 ], [ -75.537533637894569, 6.236550138991607 ], [ -75.537537469518824, 6.236548254440314 ], [ -75.537552200225704, 6.236541009326036 ], [ -75.537553380564887, 6.236540528075414 ], [ -75.537561560760835, 6.236536791742539 ], [ -75.537587296755447, 6.236525228900234 ], [ -75.537593676889685, 6.236522362860121 ], [ -75.537601837846395, 6.236519134731579 ], [ -75.537614143331353, 6.2365114555725 ], [ -75.537615153736269, 6.236510769906644 ], [ -75.537622049302058, 6.236506682637406 ], [ -75.537638313172479, 6.236498490760587 ], [ -75.537642124434967, 6.236498759002211 ], [ -75.537651601849618, 6.23649404720838 ], [ -75.537657854493446, 6.236491536194683 ], [ -75.537668844859269, 6.236487121797663 ], [ -75.537674456366361, 6.236484867928827 ], [ -75.537674907982819, 6.236484278983008 ], [ -75.537676930624826, 6.236487232019198 ], [ -75.53767909717773, 6.236492116453421 ], [ -75.537680163400708, 6.2364919530964 ], [ -75.537681231426234, 6.236491788826582 ], [ -75.537678022768446, 6.236481189084526 ], [ -75.53767801286395, 6.236477252620269 ], [ -75.53767903712982, 6.236474189972087 ], [ -75.537679314273149, 6.236473392112457 ], [ -75.537692623837188, 6.236459581838927 ], [ -75.537708155696151, 6.236443463504839 ], [ -75.53771691186256, 6.236434376561877 ], [ -75.537716915177981, 6.236433938954783 ], [ -75.537717362846905, 6.236433468466903 ], [ -75.53771780098495, 6.236433458218904 ], [ -75.537717810398377, 6.236432973568505 ], [ -75.537718519464207, 6.236432188093676 ], [ -75.537719571055092, 6.236431612531206 ], [ -75.537719587091559, 6.23643100217706 ], [ -75.537720039134229, 6.236430501832349 ], [ -75.537721306331832, 6.236428919856422 ], [ -75.537721393046411, 6.236428915822177 ], [ -75.53772139793648, 6.236428805496725 ], [ -75.53772203109007, 6.236428015867066 ], [ -75.53772228852344, 6.236428003777375 ], [ -75.537722300513707, 6.236427679142716 ], [ -75.537722752256244, 6.236427116415597 ], [ -75.537723183092666, 6.236427090832849 ], [ -75.537723201714655, 6.236426642302628 ], [ -75.537723669155255, 6.236426150020757 ], [ -75.53772409159086, 6.236426068423417 ], [ -75.537724107833085, 6.236425688617335 ], [ -75.537724485384601, 6.236425291700501 ], [ -75.537724963152996, 6.236425255946362 ], [ -75.537724997771903, 6.236424752188148 ], [ -75.537725175760542, 6.236424565083125 ], [ -75.537725348341468, 6.236424380716493 ], [ -75.537725849551933, 6.236424334904173 ], [ -75.537725895754846, 6.236423797637922 ], [ -75.537727089448708, 6.236422524318971 ], [ -75.537729365189975, 6.23642062104396 ], [ -75.537729424714229, 6.236420035795488 ], [ -75.537729878646431, 6.236419552619823 ], [ -75.537731161324572, 6.236417995884504 ], [ -75.53773124981997, 6.236417986416988 ], [ -75.53773126102989, 6.236417875156975 ], [ -75.537731898783392, 6.236417102683321 ], [ -75.537732145296971, 6.236417074372198 ], [ -75.537732179930231, 6.236416761381924 ], [ -75.537732635338756, 6.236416209486507 ], [ -75.537733037142715, 6.236416158728439 ], [ -75.537733095325493, 6.236415670226604 ], [ -75.537733426970263, 6.2364153087914 ], [ -75.537733924449441, 6.236415238585969 ], [ -75.537733999480352, 6.236414684002657 ], [ -75.537735287406548, 6.236413279133178 ], [ -75.537739193821182, 6.236409663746804 ], [ -75.537739319266095, 6.236408883796254 ], [ -75.53774014607589, 6.236407971178177 ], [ -75.537744500332408, 6.236403170149011 ], [ -75.537749048774074, 6.236398731638001 ], [ -75.537749204185332, 6.236397983187056 ], [ -75.537754321506128, 6.236392353025416 ], [ -75.537758924623546, 6.236387823839575 ], [ -75.537759100905689, 6.236387094274452 ], [ -75.537768474623121, 6.236376791939271 ], [ -75.537774890622288, 6.236370113981259 ], [ -75.537777876133887, 6.236367008431479 ], [ -75.537778046065696, 6.236366273472285 ], [ -75.537782991865029, 6.236360860220229 ], [ -75.537787801898588, 6.236356147406404 ], [ -75.537787970014776, 6.236355410647737 ], [ -75.537792915818287, 6.236349998299742 ], [ -75.53779772948289, 6.236345289084854 ], [ -75.537797895783442, 6.236344550526715 ], [ -75.537802839801572, 6.236339142707886 ], [ -75.5378076588824, 6.236334432562773 ], [ -75.537807822463861, 6.236333692209495 ], [ -75.537812768284383, 6.236328283477858 ], [ -75.537817590092772, 6.236323576936051 ], [ -75.537817750950808, 6.236322833883562 ], [ -75.537822696779827, 6.236317426960094 ], [ -75.537827521302759, 6.236312721309303 ], [ -75.53782768034516, 6.236311976457325 ], [ -75.537832166721159, 6.236307031941505 ], [ -75.537836553408852, 6.236302775032486 ], [ -75.537836708820009, 6.236302026581559 ], [ -75.537841655547751, 6.236296618749622 ], [ -75.537846486433708, 6.236291921205167 ], [ -75.537846639125775, 6.236291170959119 ], [ -75.537856570334597, 6.236280315332302 ], [ -75.537862527572415, 6.236273305062427 ], [ -75.537860570494203, 6.236271209715102 ], [ -75.53785836115388, 6.236269450105334 ], [ -75.53785554581556, 6.236272058476752 ], [ -75.537843790959499, 6.236284703090242 ], [ -75.537837904537994, 6.236291034029387 ], [ -75.537832188799328, 6.23629659836173 ], [ -75.537832034295974, 6.236297347712398 ], [ -75.537826139773529, 6.236303685019339 ], [ -75.53782145279672, 6.236308248061508 ], [ -75.537820431227459, 6.236309242084104 ], [ -75.537820274912818, 6.23630999053939 ], [ -75.537814385780408, 6.236316321491539 ], [ -75.537808672751581, 6.236321885810792 ], [ -75.537808515524759, 6.236322632462236 ], [ -75.537796714742413, 6.236335308940817 ], [ -75.537785145799248, 6.236347160654618 ], [ -75.53778498675679, 6.236347905506594 ], [ -75.537779649571505, 6.236353656974723 ], [ -75.53777425919121, 6.236358868039053 ], [ -75.537774111945893, 6.236359623683558 ], [ -75.537768488652588, 6.236365624257345 ], [ -75.537766960680813, 6.236367087242564 ], [ -75.537762422633008, 6.236371432579747 ], [ -75.537762307160932, 6.236372219715169 ], [ -75.537756741318972, 6.236378143162447 ], [ -75.537750557927851, 6.23638396832438 ], [ -75.537750485131454, 6.236384799555764 ], [ -75.537747903845471, 6.236387606608552 ], [ -75.537746874173919, 6.23638841894326 ], [ -75.537746833407837, 6.236388771744091 ], [ -75.537746374133221, 6.236389271219532 ], [ -75.537745961448636, 6.236389313892999 ], [ -75.537745917334078, 6.236389721860898 ], [ -75.537745464127013, 6.236390167964394 ], [ -75.537745048719003, 6.236390207938643 ], [ -75.537745007327871, 6.236390618605759 ], [ -75.53774455231823, 6.236391065622053 ], [ -75.537744135993734, 6.236391102888382 ], [ -75.537744096418194, 6.236391515354973 ], [ -75.537743642307674, 6.236391961462822 ], [ -75.537743222360632, 6.236391996938362 ], [ -75.537743185508518, 6.236392412104187 ], [ -75.537742732301467, 6.236392858207683 ], [ -75.53774230872753, 6.23639289098836 ], [ -75.537742275497962, 6.236393307944956 ], [ -75.537741821396125, 6.236393755860988 ], [ -75.537741395997898, 6.236393785034005 ], [ -75.537741357860853, 6.236394308699687 ], [ -75.537741076683588, 6.236394643672424 ], [ -75.537740482364796, 6.236394679084001 ], [ -75.537740440671769, 6.236395402575964 ], [ -75.537740337361328, 6.236395525129105 ], [ -75.537739566916059, 6.236395571334505 ], [ -75.537739525836386, 6.236396422303587 ], [ -75.537738651462988, 6.236396462680933 ], [ -75.537738635842388, 6.236397535035246 ], [ -75.53773752243022, 6.236398781748079 ], [ -75.537736800426316, 6.236399131502352 ], [ -75.537736504266974, 6.236399920412444 ], [ -75.537726562197648, 6.236410585323146 ], [ -75.537717790414547, 6.236419994205828 ], [ -75.537691207392271, 6.236449485190506 ], [ -75.537680158100699, 6.236461744867925 ], [ -75.537676547142624, 6.236464800992382 ], [ -75.537674251829785, 6.236466204386605 ], [ -75.537670173486333, 6.236465820801218 ], [ -75.537666778391866, 6.236462290319801 ], [ -75.537666778580672, 6.236461953988511 ], [ -75.537666455138279, 6.236461954642736 ], [ -75.53766587491414, 6.236461351681915 ], [ -75.53766587527258, 6.23646105061024 ], [ -75.537665604226405, 6.236461050107909 ], [ -75.537664972022327, 6.23646034704088 ], [ -75.537664972127644, 6.23645924221315 ], [ -75.537663165335246, 6.236458337763155 ], [ -75.537662261291231, 6.236456530274515 ], [ -75.53766188815429, 6.236456530264032 ], [ -75.537661658667204, 6.236456529561467 ], [ -75.537661357878292, 6.236456168460982 ], [ -75.537661357978806, 6.236455625992138 ], [ -75.537660906236653, 6.236455625456276 ], [ -75.537660454850368, 6.236454947737356 ], [ -75.53766045466638, 6.236454721709758 ], [ -75.537660303784506, 6.236454721532588 ], [ -75.537659551169966, 6.236453591399794 ], [ -75.537659551521472, 6.236452913312645 ], [ -75.537659099783681, 6.236452913680873 ], [ -75.537658497522457, 6.23645261280027 ], [ -75.537657744900997, 6.236451105651979 ], [ -75.537655938108642, 6.236450201201943 ], [ -75.537655034293621, 6.236452009263764 ], [ -75.537653228069658, 6.236452913038835 ], [ -75.537653227902112, 6.236453817153585 ], [ -75.537652263330969, 6.236455203286913 ], [ -75.537651420607133, 6.236455625047741 ], [ -75.537651420799321, 6.23645641614651 ], [ -75.537651341838725, 6.236456529541171 ], [ -75.53765051695963, 6.236456528994828 ], [ -75.537650516949967, 6.236457653712598 ], [ -75.537649581965454, 6.23645880463377 ], [ -75.537648710400532, 6.236459240999367 ], [ -75.537648709853286, 6.236459878402338 ], [ -75.537648493398677, 6.236460145254703 ], [ -75.537647806753029, 6.236460144946452 ], [ -75.537647806655087, 6.236461063526687 ], [ -75.537647400756512, 6.236461953322156 ], [ -75.537646902937979, 6.236461953008276 ], [ -75.537646903670833, 6.236463044270264 ], [ -75.537646576445781, 6.236463761000934 ], [ -75.537646000026385, 6.236463761065749 ], [ -75.537645999499105, 6.236464778196473 ], [ -75.537645096579269, 6.236466021182776 ], [ -75.537644192563789, 6.236466473074661 ], [ -75.537644192755977, 6.236467264173433 ], [ -75.537643892085313, 6.236467678802103 ], [ -75.537643607678177, 6.236468281408131 ], [ -75.537643289652181, 6.236468281132136 ], [ -75.537642930654627, 6.236469717690567 ], [ -75.53764190304662, 6.23647189793966 ], [ -75.537641482022025, 6.236471897255791 ], [ -75.537641482710086, 6.236472791421158 ], [ -75.537641406690398, 6.236472952719692 ], [ -75.537640632418785, 6.236473705960544 ], [ -75.537640579110402, 6.236473705313268 ], [ -75.537640578454884, 6.236473756850918 ], [ -75.53763877181531, 6.236475513207425 ], [ -75.537637642131301, 6.236477321453365 ], [ -75.537636965428021, 6.236477322001337 ], [ -75.537636964574503, 6.236478271325073 ], [ -75.53763564376797, 6.236479790271257 ], [ -75.537635157965354, 6.236480034010238 ], [ -75.537635157680853, 6.236480350451489 ], [ -75.537634647330847, 6.236480937872039 ], [ -75.537634254317794, 6.236480937957323 ], [ -75.537634254685742, 6.236481390012528 ], [ -75.53763357653915, 6.2364818417203 ], [ -75.53763335067022, 6.236481841904408 ], [ -75.537633351396636, 6.236481992887933 ], [ -75.537632222057198, 6.23648274603123 ], [ -75.537631544446114, 6.236482745679459 ], [ -75.537631543910592, 6.236483197739019 ], [ -75.537629436283723, 6.236484176199425 ], [ -75.537627930190908, 6.236484553238274 ], [ -75.537627930840301, 6.236484876003814 ], [ -75.537627327762095, 6.236485156472377 ], [ -75.537627027446774, 6.236485457180986 ], [ -75.537626123971108, 6.236485457917404 ], [ -75.537625220155959, 6.236487265979238 ], [ -75.537621606068271, 6.236488169423257 ], [ -75.537621606127374, 6.236488557287856 ], [ -75.53762100363943, 6.236488772657376 ], [ -75.537620841557597, 6.236489073604099 ], [ -75.537619799844094, 6.236489073198302 ], [ -75.537619621891267, 6.236491333436432 ], [ -75.537614757223679, 6.236499526447632 ], [ -75.537614001094326, 6.236499543652291 ], [ -75.537613983915065, 6.23650010428572 ], [ -75.537613213185054, 6.23650046693226 ], [ -75.537612269319041, 6.236500523014205 ], [ -75.537612225204398, 6.236500930982138 ], [ -75.537611307858782, 6.236501429048041 ], [ -75.537610542082803, 6.236501506874808 ], [ -75.537610465304454, 6.23650188606848 ], [ -75.537609589409172, 6.236502361331818 ], [ -75.537609535345226, 6.236502391428052 ], [ -75.537608824832446, 6.236502500632567 ], [ -75.537608710825268, 6.236502841128686 ], [ -75.537594954471956, 6.236510357304288 ], [ -75.537561676970014, 6.236526768174953 ], [ -75.537535675995727, 6.236539591723687 ], [ -75.537517491062502, 6.236549419354801 ], [ -75.537514833469302, 6.236550638246544 ], [ -75.537498904115424, 6.236557939765244 ], [ -75.537475448328308, 6.236571533108797 ], [ -75.537438840656634, 6.236595469589964 ], [ -75.537430666517778, 6.23659990206029 ], [ -75.537429841326386, 6.236600024474701 ], [ -75.537429735654626, 6.236600407424052 ], [ -75.537429099456958, 6.23660075224413 ], [ -75.537428875929848, 6.236600863622916 ], [ -75.537428037829073, 6.236600931852683 ], [ -75.537427936757254, 6.236601331958028 ], [ -75.537419268781719, 6.236605652889003 ], [ -75.537424587493959, 6.236600191731612 ], [ -75.537424967258019, 6.236598001041853 ], [ -75.537422850942292, 6.236597549235145 ], [ -75.537421947126276, 6.236599357296984 ], [ -75.537420139997707, 6.236600261075968 ], [ -75.537420140365526, 6.236600713131247 ], [ -75.537418695030468, 6.236601888209711 ], [ -75.537418333604762, 6.236602068965508 ], [ -75.537418333244986, 6.236602181981494 ], [ -75.537417730272054, 6.236602672203873 ], [ -75.537417365810981, 6.236602973221481 ], [ -75.537416526476179, 6.236602972744486 ], [ -75.53741593944855, 6.236604148208523 ], [ -75.537415170922102, 6.236604781174394 ], [ -75.53741471917975, 6.236604780638373 ], [ -75.537414418510025, 6.23660538332274 ], [ -75.537412912786763, 6.23660658852789 ], [ -75.537412159475565, 6.236607191584695 ], [ -75.537411823021699, 6.236607492467356 ], [ -75.537411105658151, 6.23660749230686 ], [ -75.537410524893843, 6.23660865508313 ], [ -75.53740980340811, 6.236609300479969 ], [ -75.537409298366029, 6.236609301104833 ], [ -75.537409298733834, 6.236609753160115 ], [ -75.537408873559571, 6.236610204553132 ], [ -75.537408395621242, 6.236610205047421 ], [ -75.537407854230707, 6.236611288976079 ], [ -75.537407172875561, 6.236612012837494 ], [ -75.537406588324771, 6.236612012941285 ], [ -75.537406588692576, 6.236612464996568 ], [ -75.537405684676514, 6.236612916888224 ], [ -75.537404781196116, 6.236612916720245 ], [ -75.537404781563936, 6.236613368775528 ], [ -75.537404480526391, 6.23661351940463 ], [ -75.537404266043794, 6.236613820603794 ], [ -75.537403878451329, 6.236613820662831 ], [ -75.537402974635228, 6.236615628724673 ], [ -75.537401167506545, 6.236616532503628 ], [ -75.537401167405832, 6.236617074972577 ], [ -75.537400715600668, 6.236617436986594 ], [ -75.537400263858288, 6.236617436450565 ], [ -75.537400264226093, 6.236617888505849 ], [ -75.537399812855853, 6.236618340929179 ], [ -75.53739845763306, 6.236618340225179 ], [ -75.537398909207582, 6.236619244876116 ], [ -75.537398570226017, 6.236619583743749 ], [ -75.537397553802649, 6.236619957519002 ], [ -75.537397553984789, 6.236619244172098 ], [ -75.537396650508725, 6.236619244908217 ], [ -75.537396650340867, 6.236620149023125 ], [ -75.537393037154786, 6.236621052461745 ], [ -75.537393036289785, 6.236621623866033 ], [ -75.537392133506486, 6.236621956408677 ], [ -75.537391230026088, 6.236621956240697 ], [ -75.537391229958928, 6.236622317886654 ], [ -75.537389874639743, 6.236622860555666 ], [ -75.53738851942127, 6.236622860755736 ], [ -75.53738851931621, 6.236623402320582 ], [ -75.537387615772971, 6.236623764702647 ], [ -75.537386712292545, 6.23662376453466 ], [ -75.537386712660336, 6.236624216589951 ], [ -75.537384905531596, 6.236625120368871 ], [ -75.537383098938506, 6.236625572088164 ], [ -75.537383099306311, 6.236626024143438 ], [ -75.537381894434105, 6.236626476580351 ], [ -75.537380388329325, 6.236626475699066 ], [ -75.53738038833734, 6.236627040770348 ], [ -75.537379485588801, 6.236627380545727 ], [ -75.537378582108374, 6.23662738037773 ], [ -75.537378581572682, 6.236627832437357 ], [ -75.537376774443928, 6.236628736216279 ], [ -75.537374967850809, 6.236629187935534 ], [ -75.5373749682186, 6.236629639990827 ], [ -75.537373612464421, 6.236630092250495 ], [ -75.537372258145027, 6.236630091542071 ], [ -75.537372257609348, 6.236630543601717 ], [ -75.5373704504849, 6.2366314482847 ], [ -75.537368643891767, 6.236631900003956 ], [ -75.537368644259544, 6.236632352059234 ], [ -75.537367740243411, 6.23663280395087 ], [ -75.537366836762942, 6.236632803782839 ], [ -75.537366837490509, 6.236633142822127 ], [ -75.53736533139805, 6.236633707916203 ], [ -75.537364127057117, 6.236633707389347 ], [ -75.537364126521439, 6.236634159448997 ], [ -75.537363223408747, 6.236634611336259 ], [ -75.537362319928292, 6.23663461116822 ], [ -75.537362319900268, 6.236634980951044 ], [ -75.537362320296069, 6.236635063223518 ], [ -75.537361416284256, 6.236635516019222 ], [ -75.537360512803801, 6.236635515851198 ], [ -75.537360513171564, 6.236635967906479 ], [ -75.53735870604271, 6.236636871685345 ], [ -75.537356899449534, 6.236637323404572 ], [ -75.537356898913842, 6.236637775464224 ], [ -75.537353285191784, 6.236639130962302 ], [ -75.53735147880279, 6.236640939755831 ], [ -75.537350575322321, 6.236640939587794 ], [ -75.537350575221538, 6.236641482056764 ], [ -75.537349671673894, 6.236641843534695 ], [ -75.537348768193411, 6.236641843366639 ], [ -75.537348768126236, 6.236642205012625 ], [ -75.537348165764044, 6.23664244660064 ], [ -75.537347947663193, 6.236642746913118 ], [ -75.5373469610645, 6.236642747145481 ], [ -75.537346058151599, 6.23664455520297 ], [ -75.537342444066041, 6.236645459549806 ], [ -75.537342443893749, 6.23664636276066 ], [ -75.5373415404176, 6.236646363496702 ], [ -75.537341540411802, 6.236647489118826 ], [ -75.537345376393532, 6.236646134358283 ], [ -75.537345913949537, 6.236646506975974 ], [ -75.537339223530083, 6.236652109454284 ] ] ] } },
{ "type": "Feature", "properties": { "objectid": 694, "codigo": "0817-8", "nombre": "La Sierra", "riesgo": "Alto riesgo no mitigable", "descripcion": "Zona de alto riesgo no mitigable por inundaciones", "tipo_amenaza": "Inundaciones", "categoria_proteccion": "Áreas de Amenaza y Riesgo", "subcategoria_proteccion": "Zona de riesgo no mitigable", "fecha_adopcion": "2014-12-17T00:00:00", "fecha_actualizacion": "2026-04-30T00:00:00", "st_area(shape)": 114.0317501774792, "st_perimeter(shape)": 86.752720967447189 }, "geometry": { "type": "Polygon", "coordinates": [ [ [ -75.526579437956627, 6.234282486112908 ], [ -75.526581807808057, 6.234290413840517 ], [ -75.526583437606746, 6.234295867823697 ], [ -75.526585537732316, 6.234305391715119 ], [ -75.526589152482217, 6.234321788708636 ], [ -75.526589170562858, 6.234322168353009 ], [ -75.52659376637996, 6.234323258384224 ], [ -75.526600111514995, 6.23432476225164 ], [ -75.526600187725066, 6.234324073849664 ], [ -75.526599667354006, 6.234320119004892 ], [ -75.526598152125459, 6.234308591487871 ], [ -75.526597862156535, 6.234303696155919 ], [ -75.526594043543767, 6.234286046123439 ], [ -75.526603147015763, 6.234278871662872 ], [ -75.526603796058453, 6.234271395985747 ], [ -75.526605394899363, 6.234268120823507 ], [ -75.526605394262091, 6.234266666999075 ], [ -75.526604865723712, 6.234266666821205 ], [ -75.52660449149009, 6.234265872084665 ], [ -75.526604491158594, 6.234264859470081 ], [ -75.526604013214083, 6.234264859049599 ], [ -75.526603587862752, 6.234263955159471 ], [ -75.526603588050762, 6.234263051037003 ], [ -75.526603136306676, 6.234263050490863 ], [ -75.526602684754934, 6.234262146726372 ], [ -75.526602684942958, 6.234261242603902 ], [ -75.526602233203192, 6.23426124296186 ], [ -75.526601781599496, 6.234260328348158 ], [ -75.526601781835154, 6.234259434170798 ], [ -75.526601340033466, 6.234259434481117 ], [ -75.526600878396451, 6.234258500024834 ], [ -75.526600878731671, 6.234257626641789 ], [ -75.526600389042159, 6.234257626277621 ], [ -75.526599974646302, 6.234256934803512 ], [ -75.526599974720426, 6.234255818213008 ], [ -75.526599307044549, 6.234255817798211 ], [ -75.526599072055063, 6.234255422919796 ], [ -75.526599071612637, 6.234254009779892 ], [ -75.526598465376523, 6.234254009974592 ], [ -75.526598168373127, 6.234253117222567 ], [ -75.526598168509182, 6.234252202250887 ], [ -75.52659786313032, 6.234252201907 ], [ -75.526597562461106, 6.234251298323096 ], [ -75.526597265213653, 6.234250731960129 ], [ -75.526597265401435, 6.234250393817761 ], [ -75.52659708831851, 6.2342503937628 ], [ -75.526596361618047, 6.234249010325015 ], [ -75.526596361578257, 6.23424768126649 ], [ -75.526595664092454, 6.234247681898733 ], [ -75.526595458934551, 6.234247290493762 ], [ -75.526595458474844, 6.234245873737455 ], [ -75.526594667378021, 6.23424632507114 ], [ -75.526594926278023, 6.234251713298375 ], [ -75.526594581879593, 6.234255639741618 ], [ -75.526585972762049, 6.234244166131976 ], [ -75.526584149928041, 6.234237267383974 ], [ -75.526584167355693, 6.234227321962978 ], [ -75.526586555046734, 6.234220107376824 ], [ -75.526597237233744, 6.234205643551325 ], [ -75.526600295782117, 6.234199659874266 ], [ -75.526607490585903, 6.234185586173778 ], [ -75.526616131912746, 6.23417491859586 ], [ -75.526618501301115, 6.234171995058524 ], [ -75.526619999508512, 6.234168270126401 ], [ -75.526625815694828, 6.234160443283812 ], [ -75.52662597767592, 6.234160119735688 ], [ -75.526627378259846, 6.234157328325149 ], [ -75.526634489437612, 6.234143149243588 ], [ -75.526635668075599, 6.234140800108656 ], [ -75.52664183594085, 6.234132265460786 ], [ -75.526653516644046, 6.234120667433175 ], [ -75.526653339070492, 6.234114338529793 ], [ -75.526655078502728, 6.234108914500728 ], [ -75.52665770023286, 6.234092085268249 ], [ -75.526660290791355, 6.234086104739604 ], [ -75.526662349787117, 6.234082133909761 ], [ -75.526662962578584, 6.234081238603316 ], [ -75.526664685629953, 6.234079186122046 ], [ -75.526667499953362, 6.234077482823506 ], [ -75.526666498663829, 6.234077057263088 ], [ -75.526664184115759, 6.234074074815551 ], [ -75.526663678840038, 6.234073083608895 ], [ -75.526662865926781, 6.234072375059243 ], [ -75.526662053916965, 6.234071666505274 ], [ -75.526657828263865, 6.234069577452742 ], [ -75.526654959250635, 6.234065519951023 ], [ -75.52665529267793, 6.234061000456821 ], [ -75.526653255791189, 6.234050154436789 ], [ -75.526657356939864, 6.234040204804042 ], [ -75.526660519190997, 6.234036066846157 ], [ -75.526660519913491, 6.234034330929342 ], [ -75.526659945298817, 6.234034330972364 ], [ -75.526659247059271, 6.234032853369497 ], [ -75.526658712799843, 6.234030714971578 ], [ -75.526658236662499, 6.234030714542394 ], [ -75.526657809504499, 6.234029810660911 ], [ -75.526657809692608, 6.234028906538473 ], [ -75.526657357953056, 6.234028906896416 ], [ -75.526656906397264, 6.23402800222782 ], [ -75.526656906585359, 6.234027098105365 ], [ -75.526656454845806, 6.234027098463306 ], [ -75.526656003294377, 6.234026194698807 ], [ -75.526656003482458, 6.234025290576368 ], [ -75.5266555517386, 6.234025290030193 ], [ -75.526655100187142, 6.234024386265692 ], [ -75.526655100190126, 6.234024198208396 ], [ -75.526655099471768, 6.234023482147584 ], [ -75.526654647732229, 6.234023482505522 ], [ -75.526653744625023, 6.234021674072401 ], [ -75.526653293261688, 6.234019866185436 ], [ -75.52665284151783, 6.234019865639273 ], [ -75.526652389966387, 6.234018961874766 ], [ -75.526652390154482, 6.234018057752309 ], [ -75.526651938414943, 6.234018058110242 ], [ -75.526651486859194, 6.234017153441633 ], [ -75.526651487047303, 6.234016249319175 ], [ -75.526651035307765, 6.234016249677107 ], [ -75.526650131297117, 6.2340144412483 ], [ -75.526649679933797, 6.234012633361343 ], [ -75.526649228189939, 6.234012632815174 ], [ -75.526648776638524, 6.234011729050642 ], [ -75.526648776826647, 6.234010824928196 ], [ -75.526648325087109, 6.234010825286126 ], [ -75.526647421979959, 6.234009016852974 ], [ -75.526646970616667, 6.234007208965992 ], [ -75.526646518872823, 6.234007208419819 ], [ -75.526646067321408, 6.234006304655297 ], [ -75.526646066606077, 6.234005400537166 ], [ -75.526645615770008, 6.234005400890759 ], [ -75.526645163310803, 6.234004496226468 ], [ -75.526645163498927, 6.23400359210402 ], [ -75.526644711759403, 6.234003592461926 ], [ -75.526644260208002, 6.234002688697402 ], [ -75.526644260396139, 6.234001784574953 ], [ -75.526643808652295, 6.234001784028775 ], [ -75.526643357100895, 6.23400088026423 ], [ -75.526643357289032, 6.233999976141781 ], [ -75.526642905549508, 6.233999976499702 ], [ -75.526642453993773, 6.233999071831057 ], [ -75.526642454181911, 6.233998167708606 ], [ -75.526642002442387, 6.233998168066526 ], [ -75.526641550886666, 6.233997263397895 ], [ -75.526641551079152, 6.233996360179527 ], [ -75.52664118968579, 6.233996360104221 ], [ -75.52663974396151, 6.233992743317504 ], [ -75.526634323780925, 6.233993647210034 ], [ -75.526634054173698, 6.233994324785757 ], [ -75.526633784570777, 6.233995003265596 ], [ -75.526635445302674, 6.234004276109933 ], [ -75.52663956206608, 6.234017021661656 ], [ -75.526639553472421, 6.234018245883439 ], [ -75.526641505651398, 6.234025741635417 ], [ -75.526644960567168, 6.23402574134269 ], [ -75.52664453757626, 6.234026651109032 ], [ -75.52663949114455, 6.234037494026044 ], [ -75.526635011635591, 6.23404201351078 ], [ -75.526622082113605, 6.234058285505388 ], [ -75.526617533905423, 6.234069967770599 ], [ -75.526615245861194, 6.234074407129553 ], [ -75.526608180328296, 6.234088118560996 ], [ -75.526603001782163, 6.234104390457609 ], [ -75.5266024414111, 6.234108685913914 ], [ -75.526601586475522, 6.234115239470166 ], [ -75.526601569914178, 6.234115743145286 ], [ -75.526601285956673, 6.234124556075789 ], [ -75.526600830777284, 6.234138743925976 ], [ -75.526598091680498, 6.234150497079105 ], [ -75.526591746823712, 6.234161692501232 ], [ -75.526579578715243, 6.234177541332888 ], [ -75.526575796224435, 6.234184604385999 ], [ -75.526573228987601, 6.234190172523501 ], [ -75.526567694838761, 6.23420633311053 ], [ -75.52656595676207, 6.234214681966626 ], [ -75.526566154546074, 6.23422372223419 ], [ -75.526568227735794, 6.234238187279615 ], [ -75.526579437956627, 6.234282486112908 ] ] ] } },
{ "type": "Feature", "properties": { "objectid": 695, "codigo": "0817-7", "nombre": "La Sierra", "riesgo": "Alto riesgo no mitigable", "descripcion": "Zona de alto riesgo no mitigable por inundaciones", "tipo_amenaza": "Inundaciones", "categoria_proteccion": "Áreas de Amenaza y Riesgo", "subcategoria_proteccion": "Zona de riesgo no mitigable", "fecha_adopcion": "2014-12-17T00:00:00", "fecha_actualizacion": "2026-04-30T00:00:00", "st_area(shape)": 40.862665568992028, "st_perimeter(shape)": 39.509760682232901 }, "geometry": { "type": "Polygon", "coordinates": [ [ [ -75.526499015079523, 6.23456375883991 ], [ -75.526515873656123, 6.234567820682869 ], [ -75.526521577598672, 6.234569193814868 ], [ -75.526521807619602, 6.234568739746901 ], [ -75.526522110725764, 6.234568265437805 ], [ -75.526523344690659, 6.234566338262066 ], [ -75.526528131700957, 6.234558865344526 ], [ -75.526532649400906, 6.234556660226831 ], [ -75.526537166172346, 6.234555770610492 ], [ -75.52654258649568, 6.234555838646648 ], [ -75.526548716829168, 6.234557200692448 ], [ -75.526552523642792, 6.234558046777499 ], [ -75.526553744912292, 6.234557996619067 ], [ -75.526555234462606, 6.234557935228778 ], [ -75.526556059275251, 6.23455716638658 ], [ -75.526556116124141, 6.234557151648028 ], [ -75.526556129433629, 6.234557100953396 ], [ -75.526556950649749, 6.234556335744942 ], [ -75.526557041728566, 6.234553658204142 ], [ -75.526554743666409, 6.234551477633538 ], [ -75.526554244486022, 6.234551193420762 ], [ -75.526548911132863, 6.234548155832327 ], [ -75.526544245430827, 6.23454284931343 ], [ -75.526542849950275, 6.234538970994763 ], [ -75.526543021285249, 6.234533808542904 ], [ -75.526546706297111, 6.234526576885638 ], [ -75.526554670243925, 6.234514824896116 ], [ -75.526558813168037, 6.234503976364878 ], [ -75.526565779602819, 6.234473531924374 ], [ -75.526567187585059, 6.234467379858138 ], [ -75.526569615911484, 6.234456764675433 ], [ -75.526570628336671, 6.234452345898903 ], [ -75.526559430850128, 6.234434858731675 ], [ -75.526556170195278, 6.234429767888776 ], [ -75.526544059686159, 6.234463306489517 ], [ -75.526532312071296, 6.234495837967139 ], [ -75.526529339797676, 6.234506254139302 ], [ -75.526528575638935, 6.234508934907788 ], [ -75.526527451679684, 6.234515533152353 ], [ -75.526525424386989, 6.234527445634964 ], [ -75.526522899980066, 6.234533090417999 ], [ -75.526521823071022, 6.234537438982386 ], [ -75.526519926420221, 6.234540219210206 ], [ -75.526519279083345, 6.234540315438935 ], [ -75.526518460841203, 6.234542267744756 ], [ -75.526517864012817, 6.234543100590398 ], [ -75.526516598743214, 6.234543961956827 ], [ -75.526515485051192, 6.2345464780431 ], [ -75.526514729480624, 6.234546612763937 ], [ -75.526511516221575, 6.234550099095462 ], [ -75.526506698580761, 6.234555326321666 ], [ -75.526499015079523, 6.23456375883991 ] ] ] } },
{ "type": "Feature", "properties": { "objectid": 696, "codigo": "9002-10", "nombre": "Media Luna", "riesgo": "Alto riesgo no mitigable", "descripcion": "Zona de alto riesgo no mitigable por inundaciones", "tipo_amenaza": "Inundaciones", "categoria_proteccion": "Áreas de Amenaza y Riesgo", "subcategoria_proteccion": "Zona de riesgo no mitigable", "fecha_adopcion": "2014-12-17T00:00:00", "fecha_actualizacion": "2026-04-30T00:00:00", "st_area(shape)": 501.74453925677579, "st_perimeter(shape)": 90.438905385737158 }, "geometry": { "type": "Polygon", "coordinates": [ [ [ -75.526021847318873, 6.235681008163676 ], [ -75.526019779125292, 6.235694569060665 ], [ -75.526014829859307, 6.235711744890816 ], [ -75.526013256875132, 6.235746647019718 ], [ -75.526012752173955, 6.235757851510659 ], [ -75.526013428692863, 6.235802150241248 ], [ -75.526008786383073, 6.235846447353718 ], [ -75.526008648866565, 6.235869049253255 ], [ -75.526009734826701, 6.235876023866999 ], [ -75.526010099131852, 6.23588682004825 ], [ -75.526010292830961, 6.23589255396481 ], [ -75.526015760547182, 6.235902515579913 ], [ -75.526026565633188, 6.235922198938351 ], [ -75.526104128863878, 6.2359272607555 ], [ -75.526157746740537, 6.235930759345615 ], [ -75.526162246553753, 6.235928778533871 ], [ -75.526164559738362, 6.235917135913253 ], [ -75.526175947936949, 6.235857656988178 ], [ -75.526177053263353, 6.23585188429431 ], [ -75.52617678182699, 6.235849161476986 ], [ -75.526172549751735, 6.235806681718096 ], [ -75.526178940815768, 6.235764191700034 ], [ -75.526179885525877, 6.23576148022885 ], [ -75.526180725499913, 6.235749727137634 ], [ -75.52618009046077, 6.235736166547496 ], [ -75.526181614187578, 6.235725317915592 ], [ -75.526188367128483, 6.235687645131871 ], [ -75.52619107759871, 6.235685006563892 ], [ -75.526191342266387, 6.235684429369049 ], [ -75.526193795561184, 6.235679027229867 ], [ -75.526161981790267, 6.235677469195571 ], [ -75.526079288041558, 6.235673421084482 ], [ -75.526031268261292, 6.235671070085781 ], [ -75.526024701991687, 6.235670748061017 ], [ -75.526021847318873, 6.235681008163676 ] ] ] } },
{ "type": "Feature", "properties": { "objectid": 709, "codigo": "0104-7", "nombre": "Granizal", "riesgo": "Alto riesgo no mitigable", "descripcion": "Zona de alto riesgo no mitigable por inundaciones", "tipo_amenaza": "Inundaciones", "categoria_proteccion": "Áreas de Amenaza y Riesgo", "subcategoria_proteccion": "Zona de riesgo no mitigable", "fecha_adopcion": "2014-12-17T00:00:00", "fecha_actualizacion": "2026-04-30T00:00:00", "st_area(shape)": 37.472802481650632, "st_perimeter(shape)": 58.667179736088357 }, "geometry": { "type": "Polygon", "coordinates": [ [ [ -75.544804961302845, 6.293993837235381 ], [ -75.544804807110864, 6.293998170469889 ], [ -75.544806370877041, 6.294009423503822 ], [ -75.5448260557758, 6.294001000702334 ], [ -75.544833497540765, 6.29399783259237 ], [ -75.544834729195387, 6.293997293164129 ], [ -75.544835536950984, 6.293996914021379 ], [ -75.544835932646194, 6.293996714092665 ], [ -75.5448363201522, 6.293996502450482 ], [ -75.544836696745122, 6.293996276395779 ], [ -75.544837056064893, 6.293996028726731 ], [ -75.544837371992159, 6.293995776748681 ], [ -75.544837677006356, 6.293995510358142 ], [ -75.544838559349358, 6.293994676085719 ], [ -75.544838858929026, 6.293994407009341 ], [ -75.544839167623451, 6.293994154162448 ], [ -75.544839491792771, 6.293993924746926 ], [ -75.544839848604397, 6.293993718679026 ], [ -75.544840221807647, 6.293993538750331 ], [ -75.544840609564588, 6.293993378641042 ], [ -75.544841005523935, 6.293993232957473 ], [ -75.544841407860986, 6.293993098092114 ], [ -75.544842227996739, 6.293992849080463 ], [ -75.544844720261622, 6.293992149807896 ], [ -75.544845550376053, 6.293991908884561 ], [ -75.544846373174011, 6.293991649914744 ], [ -75.544846797156694, 6.293991506806878 ], [ -75.544847636902006, 6.293991202549075 ], [ -75.544848473875035, 6.293990885647269 ], [ -75.544849723856004, 6.293990398567895 ], [ -75.544867205232251, 6.293983520778837 ], [ -75.54487304571235, 6.293981249213108 ], [ -75.544873876298837, 6.29398091968493 ], [ -75.5448746986917, 6.293980577539168 ], [ -75.544875102615691, 6.293980397460676 ], [ -75.544875500175195, 6.293980209276262 ], [ -75.544875886821629, 6.293980006679312 ], [ -75.544876259822317, 6.293979785162651 ], [ -75.544876613725151, 6.293979538424105 ], [ -75.544876938591031, 6.293979266512099 ], [ -75.544877245271422, 6.293978971181987 ], [ -75.544877538314864, 6.293978658740301 ], [ -75.544877822261142, 6.293978333685487 ], [ -75.544878935334211, 6.293977008261899 ], [ -75.544879222017556, 6.293976688618375 ], [ -75.544879517811282, 6.293976384300267 ], [ -75.544879828158699, 6.293976099801546 ], [ -75.544880158533957, 6.293975845944845 ], [ -75.54488051798576, 6.293975625398347 ], [ -75.544880898364553, 6.293975434585362 ], [ -75.544881294209404, 6.293975265395545 ], [ -75.544881700984931, 6.293975114234586 ], [ -75.544882115037296, 6.293974972983329 ], [ -75.54488253545415, 6.29397483983801 ], [ -75.544883384490291, 6.293974587973092 ], [ -75.544888098328244, 6.293973267596547 ], [ -75.544891945839282, 6.293972173854189 ], [ -75.544896645083838, 6.293970825521421 ], [ -75.54490177104806, 6.293969339491998 ], [ -75.544902625602333, 6.293969107490512 ], [ -75.544903054270009, 6.293968998715845 ], [ -75.544903482091385, 6.293968901698713 ], [ -75.544903911777084, 6.293968816425866 ], [ -75.544904342454402, 6.29396874923035 ], [ -75.544904774162944, 6.293968708248911 ], [ -75.544905214153147, 6.29396869796674 ], [ -75.544905656078143, 6.293968713894255 ], [ -75.54490609990269, 6.293968748798765 ], [ -75.544906543793275, 6.293968797264555 ], [ -75.544907433504832, 6.293968919501738 ], [ -75.544908769116617, 6.293969131783844 ], [ -75.544912332087776, 6.293969725588862 ], [ -75.544913827786758, 6.293969969638311 ], [ -75.544915851705596, 6.293969580949531 ], [ -75.544926196454838, 6.293969526896276 ], [ -75.544942404789225, 6.293968606146631 ], [ -75.544954141024405, 6.293967991994766 ], [ -75.544968652378984, 6.293962604187061 ], [ -75.544977290223827, 6.293956972880241 ], [ -75.54498649547854, 6.29395189121639 ], [ -75.544995142371775, 6.293947932463795 ], [ -75.545005758617407, 6.293947038073827 ], [ -75.545020567784348, 6.293945286036607 ], [ -75.545034815886495, 6.293944101801698 ], [ -75.545044031150141, 6.293942374326259 ], [ -75.545050116050533, 6.293940011156575 ], [ -75.545044703221066, 6.293939738289027 ], [ -75.545034328535735, 6.293939211149399 ], [ -75.54503206990357, 6.293939087450041 ], [ -75.545028449156433, 6.29393887546076 ], [ -75.545027550823335, 6.293938838251902 ], [ -75.5450271062318, 6.293938831378558 ], [ -75.545026666206439, 6.293938834428129 ], [ -75.545026233501943, 6.293938856428259 ], [ -75.545025810855407, 6.293938902790255 ], [ -75.545025401925059, 6.293938982537334 ], [ -75.545025012202657, 6.293939110108432 ], [ -75.545024652570447, 6.293939293587489 ], [ -75.545024311229426, 6.293939522182717 ], [ -75.545023983613376, 6.2939397859712 ], [ -75.54502366695003, 6.293940072308973 ], [ -75.545023355791656, 6.293940375797932 ], [ -75.545023051015377, 6.29394069100918 ], [ -75.54502184113511, 6.293941990685777 ], [ -75.545021535472898, 6.293942309517768 ], [ -75.545021224340928, 6.293942618431249 ], [ -75.545020907730418, 6.29394291561805 ], [ -75.545020580171624, 6.293943191159661 ], [ -75.54502023983099, 6.293943439640371 ], [ -75.54501988123441, 6.293943650237583 ], [ -75.545019494416394, 6.293943817575253 ], [ -75.545019088434444, 6.293943946129732 ], [ -75.545018669661886, 6.293944045815158 ], [ -75.545018239046286, 6.293944125667966 ], [ -75.545017802943335, 6.293944191985926 ], [ -75.54501736227418, 6.293944248380953 ], [ -75.545016022945148, 6.293944386006754 ], [ -75.545011983048241, 6.293944752881502 ], [ -75.545008400229719, 6.293945093116735 ], [ -75.545001688960326, 6.293945746960833 ], [ -75.544999453743671, 6.29394597846134 ], [ -75.544998113599121, 6.293946134173224 ], [ -75.544996328311669, 6.293946355343001 ], [ -75.544982050639803, 6.293948147281204 ], [ -75.544980710490819, 6.293948302088963 ], [ -75.544979817269805, 6.293948386909584 ], [ -75.544979369253355, 6.293948418929515 ], [ -75.544978468583807, 6.293948458581095 ], [ -75.544977114229908, 6.293948479650214 ], [ -75.544975307090837, 6.293948481228395 ], [ -75.544969433796368, 6.29394846737166 ], [ -75.544967626688106, 6.293948475278421 ], [ -75.544966724101357, 6.293948492336634 ], [ -75.544966273290584, 6.293948507192136 ], [ -75.544965823427404, 6.293948531084108 ], [ -75.544965375410925, 6.293948563104029 ], [ -75.544964482194317, 6.293948648828708 ], [ -75.544962695941621, 6.293948857345588 ], [ -75.544947525180248, 6.293950761226093 ], [ -75.544946185930357, 6.293950915125263 ], [ -75.544944842942982, 6.293951043727673 ], [ -75.54494260111953, 6.29395121739728 ], [ -75.544903587009415, 6.293954079251219 ], [ -75.54489910054599, 6.293954404905247 ], [ -75.544894612209418, 6.293954717006784 ], [ -75.544893269120706, 6.293954824815079 ], [ -75.544892379566662, 6.293954920466968 ], [ -75.544891938923854, 6.29395498228642 ], [ -75.544891501062168, 6.293955058558041 ], [ -75.544891068723047, 6.293955155597187 ], [ -75.544890642827653, 6.293955277015823 ], [ -75.544890222446028, 6.293955417393833 ], [ -75.544889805757862, 6.293955574027773 ], [ -75.544888979746446, 6.29395591528706 ], [ -75.544888158345231, 6.293956275510124 ], [ -75.544883247475241, 6.293958512707999 ], [ -75.544876697452139, 6.293961477567021 ], [ -75.544875067440273, 6.293962226882202 ], [ -75.544872247509019, 6.293963550682363 ], [ -75.544853328628264, 6.293972485995372 ], [ -75.54485211877784, 6.293973049728214 ], [ -75.544850901624145, 6.293973598126845 ], [ -75.544849672592193, 6.293974119460159 ], [ -75.544848435344619, 6.293974623655482 ], [ -75.544836461182058, 6.29397944668092 ], [ -75.544834817304192, 6.293980131871988 ], [ -75.544833583873299, 6.293980677637616 ], [ -75.544831538221899, 6.29398161341705 ], [ -75.544804961302845, 6.293993837235381 ] ] ] } },
{ "type": "Feature", "properties": { "objectid": 697, "codigo": "0109-6", "nombre": "Aldea Pablo VI", "riesgo": "Alto riesgo no mitigable", "descripcion": "Zona de alto riesgo no mitigable por inundaciones", "tipo_amenaza": "Inundaciones", "categoria_proteccion": "Áreas de Amenaza y Riesgo", "subcategoria_proteccion": "Zona de riesgo no mitigable", "fecha_adopcion": "2014-12-17T00:00:00", "fecha_actualizacion": "2026-04-30T00:00:00", "st_area(shape)": 386.77894449950242, "st_perimeter(shape)": 408.47056987468284 }, "geometry": { "type": "Polygon", "coordinates": [ [ [ -75.541032769992398, 6.287401600093526 ], [ -75.541190663539354, 6.287426739485845 ], [ -75.541201379841482, 6.287428418738203 ], [ -75.541210372286002, 6.287429755579614 ], [ -75.541212138394911, 6.287430053483455 ], [ -75.541213000328085, 6.287430225592888 ], [ -75.541213836168311, 6.287430420431987 ], [ -75.541214634239765, 6.287430652523292 ], [ -75.541215381059573, 6.287430936398128 ], [ -75.541216053241016, 6.287431293868893 ], [ -75.541216622897238, 6.287431750386274 ], [ -75.541217069360897, 6.287432329557674 ], [ -75.541217412408955, 6.287433010492345 ], [ -75.54121768261696, 6.287433763205983 ], [ -75.541217899770615, 6.287434568616047 ], [ -75.541218079146745, 6.287435409470127 ], [ -75.541218234245775, 6.287436274853242 ], [ -75.541218371357388, 6.287437157501936 ], [ -75.541218618606067, 6.287438950053819 ], [ -75.541219426422003, 6.287445280320147 ], [ -75.54122027020405, 6.287451574247133 ], [ -75.541224128621764, 6.287479329742837 ], [ -75.541225605741374, 6.287490075139786 ], [ -75.541226127301371, 6.287493651070777 ], [ -75.54122642868812, 6.28749542798945 ], [ -75.541226601042396, 6.28749631137083 ], [ -75.541226795963283, 6.287497190121913 ], [ -75.541227012428678, 6.287498039836689 ], [ -75.541227249658007, 6.287498885834027 ], [ -75.541227504032719, 6.287499727227433 ], [ -75.541228041660375, 6.287501402640925 ], [ -75.541228885103237, 6.287503906540078 ], [ -75.541232027987817, 6.287513079724886 ], [ -75.541234846157593, 6.287521439885777 ], [ -75.541235425286828, 6.287523102439839 ], [ -75.541236036838242, 6.287524743137573 ], [ -75.541236366035804, 6.287525548906753 ], [ -75.541236719554391, 6.287526339187783 ], [ -75.541237104595979, 6.287527108520966 ], [ -75.541237537384845, 6.287527848690401 ], [ -75.541238036031359, 6.287528567744998 ], [ -75.541238583324287, 6.287529256727346 ], [ -75.541239163039407, 6.287529923853383 ], [ -75.541239767974659, 6.28753057458277 ], [ -75.541240390928095, 6.287531214375202 ], [ -75.541241667467602, 6.287532475728874 ], [ -75.541248178998686, 6.287538705021166 ], [ -75.541254654590205, 6.287544976077188 ], [ -75.541255965271205, 6.287546197483901 ], [ -75.541256631353207, 6.287546787340482 ], [ -75.541257308176725, 6.287547356350275 ], [ -75.541258001114699, 6.287547894541965 ], [ -75.541258716430463, 6.287548389227523 ], [ -75.541259463983906, 6.287548824085023 ], [ -75.541260240980989, 6.287549181949978 ], [ -75.541261048413077, 6.287549480899749 ], [ -75.541261879135249, 6.287549738147168 ], [ -75.541262724156027, 6.287549962777086 ], [ -75.541264446457248, 6.28755035672931 ], [ -75.54126619023269, 6.287550707179791 ], [ -75.541274082896649, 6.287552200354552 ], [ -75.541280211188123, 6.28755338115156 ], [ -75.541312568665859, 6.287559688159039 ], [ -75.54131693531744, 6.287560561085317 ], [ -75.541318674693755, 6.287560935967955 ], [ -75.541320406127028, 6.287561349765965 ], [ -75.541322139644095, 6.287561820512752 ], [ -75.541326457506756, 6.287563066169545 ], [ -75.541328198133584, 6.287563512470765 ], [ -75.541330830335042, 6.287564094572551 ], [ -75.541333474962116, 6.287564630504271 ], [ -75.541512684557816, 6.287599817440355 ], [ -75.541519744588328, 6.287601217921162 ], [ -75.541525895925218, 6.287602492630163 ], [ -75.541621645561662, 6.287622533890559 ], [ -75.541863106630473, 6.287671560853465 ], [ -75.541871038898051, 6.287673208427869 ], [ -75.5419441140982, 6.287688521134053 ], [ -75.541947637891923, 6.287689242647933 ], [ -75.541950289549717, 6.287689737856882 ], [ -75.54195296342705, 6.287690157012505 ], [ -75.541956539440335, 6.287690654053084 ], [ -75.541964437237127, 6.287691715930534 ], [ -75.542094328209757, 6.287709184247158 ], [ -75.542097907727239, 6.287709658666881 ], [ -75.542100594766637, 6.28770999729188 ], [ -75.542103286174367, 6.287710305155906 ], [ -75.542107776520481, 6.287710786897386 ], [ -75.542255992964385, 6.287726454528928 ], [ -75.542274863531901, 6.287728422270518 ], [ -75.542277552242012, 6.287728732859013 ], [ -75.542279334399637, 6.287728986379132 ], [ -75.542280219732831, 6.287729139386322 ], [ -75.542281098873062, 6.287729319546928 ], [ -75.542281967328933, 6.287729532307451 ], [ -75.542282829591826, 6.287729772221375 ], [ -75.542284542626362, 6.2877303045435 ], [ -75.542286245016115, 6.28773087760233 ], [ -75.542287944787532, 6.287731469660176 ], [ -75.542301526971826, 6.287736263159428 ], [ -75.542336348242088, 6.287748472788456 ], [ -75.542338892557112, 6.287749377174891 ], [ -75.542341425262293, 6.287750309645178 ], [ -75.542343946502612, 6.28775130003423 ], [ -75.542347293606511, 6.28775266341825 ], [ -75.542386560669001, 6.28776882949083 ], [ -75.542389073891798, 6.28776984342546 ], [ -75.542390758566725, 6.287770489802895 ], [ -75.542392458355835, 6.287771085476662 ], [ -75.5423933189347, 6.287771350713616 ], [ -75.542394174846478, 6.287771585233564 ], [ -75.542395905350048, 6.287771993607241 ], [ -75.542399380396404, 6.287772724395875 ], [ -75.542401090991248, 6.287773126537655 ], [ -75.542401928810193, 6.287773356625074 ], [ -75.542402747821697, 6.287773621160169 ], [ -75.542403539946633, 6.287773931031564 ], [ -75.542404297136542, 6.287774303456487 ], [ -75.542405010413191, 6.287774750232042 ], [ -75.542405694140939, 6.287775252302054 ], [ -75.542407690827631, 6.28777688625667 ], [ -75.542408382783947, 6.287777408177038 ], [ -75.542409112526471, 6.2877778964615 ], [ -75.542409870116273, 6.2877783511584 ], [ -75.542410648360132, 6.287778779535636 ], [ -75.542411440968422, 6.287779188856662 ], [ -75.542413053111105, 6.287779970299233 ], [ -75.542416333069042, 6.287781461488805 ], [ -75.542431169072486, 6.287788046251632 ], [ -75.542436294335673, 6.287790327694124 ], [ -75.542473166356544, 6.287806742289143 ], [ -75.542475607748699, 6.287807849695998 ], [ -75.542478796352341, 6.287809321439182 ], [ -75.542493916498884, 6.287816365008466 ], [ -75.542495513017855, 6.287817092280156 ], [ -75.542497116664109, 6.287817798722646 ], [ -75.5424987363632, 6.287818461689779 ], [ -75.54249955467337, 6.287818767817106 ], [ -75.542500332126366, 6.287819033458342 ], [ -75.542501903080804, 6.287819520361372 ], [ -75.542504273760443, 6.287820207701391 ], [ -75.542505850079024, 6.28782068282487 ], [ -75.542506632896149, 6.287820936686575 ], [ -75.542508322803585, 6.287821544161347 ], [ -75.542509996680124, 6.287822199631913 ], [ -75.542511662552215, 6.287822881360595 ], [ -75.542519957113967, 6.287826380584122 ], [ -75.542522452349701, 6.287827411783487 ], [ -75.542524125335916, 6.287828069970647 ], [ -75.542525814348608, 6.287828679257932 ], [ -75.542527477622656, 6.287829198259531 ], [ -75.542529156936382, 6.287829671073497 ], [ -75.542530844254557, 6.287830117629349 ], [ -75.542535919595281, 6.287831422875565 ], [ -75.542538446574724, 6.287832106742456 ], [ -75.542540118774369, 6.287832603097846 ], [ -75.542540974897165, 6.287832881013694 ], [ -75.542543524594294, 6.287833777235646 ], [ -75.542546903721018, 6.287835036489565 ], [ -75.542567151823405, 6.287842684361427 ], [ -75.54256883293715, 6.287843341604742 ], [ -75.542570502419096, 6.287844022411487 ], [ -75.542572988768924, 6.287845084393503 ], [ -75.542575468000265, 6.287846169012852 ], [ -75.542578758673812, 6.287847633929745 ], [ -75.542580386032014, 6.287848385461952 ], [ -75.542581981038452, 6.287849173315975 ], [ -75.542582756510342, 6.287849589048806 ], [ -75.542583508608743, 6.287850029306337 ], [ -75.542584231048423, 6.287850502256124 ], [ -75.542584913943159, 6.287851018795582 ], [ -75.542585507435447, 6.28785154571533 ], [ -75.542586646800331, 6.287852654937192 ], [ -75.542587236726789, 6.287853191819473 ], [ -75.542587907055406, 6.287853725598174 ], [ -75.542588616056221, 6.287854222120179 ], [ -75.542589352018283, 6.287854688675395 ], [ -75.542590109581909, 6.287855137947391 ], [ -75.54259088151872, 6.287855569971377 ], [ -75.542592455980994, 6.287856406747208 ], [ -75.542594853635961, 6.287857624667465 ], [ -75.54260852156041, 6.287864442039311 ], [ -75.542666339439791, 6.287893377853147 ], [ -75.542670343961944, 6.287895407075677 ], [ -75.542672727336253, 6.287896661229282 ], [ -75.542677462755336, 6.287899230264254 ], [ -75.542722031017789, 6.287923569868465 ], [ -75.5427206036602, 6.287910056768729 ], [ -75.542706164480038, 6.287902204333117 ], [ -75.54269274439217, 6.28789488307398 ], [ -75.542689574589104, 6.287893189734334 ], [ -75.542687971358305, 6.287892382934508 ], [ -75.54268716081954, 6.287892002632796 ], [ -75.542686341346425, 6.287891643169086 ], [ -75.542685521123573, 6.28789131535282 ], [ -75.542684691067223, 6.287891009283039 ], [ -75.542683013993738, 6.287890439719135 ], [ -75.542681322626166, 6.287889903676819 ], [ -75.542677085768617, 6.28788859344767 ], [ -75.542675408791837, 6.287888043773648 ], [ -75.542674579713733, 6.287887753068947 ], [ -75.542673763197342, 6.28788744422091 ], [ -75.542672961023385, 6.287887111796243 ], [ -75.542672178569177, 6.287886746727684 ], [ -75.542671423909482, 6.287886337222503 ], [ -75.542670771328147, 6.287885922700004 ], [ -75.542668867256268, 6.287884567665886 ], [ -75.542668132065813, 6.287884073983797 ], [ -75.542667378892403, 6.287883598471425 ], [ -75.542665837496344, 6.287882686493921 ], [ -75.542663475525885, 6.287881374373105 ], [ -75.542659493095869, 6.287879242878633 ], [ -75.542616934940455, 6.28785669446946 ], [ -75.542616385965147, 6.287856403305614 ], [ -75.542611602755514, 6.287853854392783 ], [ -75.542609234548351, 6.287852560384151 ], [ -75.542606901500278, 6.287851249930412 ], [ -75.542595274765219, 6.287844626049547 ], [ -75.542592165231923, 6.287842877265111 ], [ -75.542590599721649, 6.287842023267636 ], [ -75.542589027163203, 6.2878412063729 ], [ -75.542587446639843, 6.287840423873091 ], [ -75.542585858072499, 6.287839659494587 ], [ -75.542573899044626, 6.287834010051538 ], [ -75.542563540176488, 6.287829093286485 ], [ -75.542561137693667, 6.287827997444222 ], [ -75.542559518827758, 6.287827320007535 ], [ -75.542558700504401, 6.287827011168063 ], [ -75.542557871483524, 6.287826732216232 ], [ -75.542557011895994, 6.287826485056983 ], [ -75.54255614161535, 6.28782626868946 ], [ -75.542555264225015, 6.287826076767507 ], [ -75.542554382391671, 6.287825900237002 ], [ -75.542552607132706, 6.287825578876251 ], [ -75.542546372004807, 6.287824539657568 ], [ -75.542545418778374, 6.287824360762165 ], [ -75.54254461025505, 6.287824209189952 ], [ -75.542543740119442, 6.287824022657317 ], [ -75.54254321633961, 6.28782389591861 ], [ -75.542542880720859, 6.287823814373798 ], [ -75.542542037436647, 6.287823575272167 ], [ -75.542541214731799, 6.287823294481352 ], [ -75.54254042156262, 6.287822955683834 ], [ -75.542539089676296, 6.287822205425886 ], [ -75.542537782720032, 6.287821379101458 ], [ -75.542537035117434, 6.287820934301411 ], [ -75.542536269523069, 6.287820505862873 ], [ -75.542534705087817, 6.287819687120185 ], [ -75.54253311460802, 6.287818901052154 ], [ -75.542530701931426, 6.287817752820989 ], [ -75.542527469781859, 6.287816245125738 ], [ -75.542508865958041, 6.287807624565707 ], [ -75.542504811704077, 6.287805773692929 ], [ -75.542502369606126, 6.287804706974576 ], [ -75.542499919516928, 6.287803669226592 ], [ -75.542471269019202, 6.287791714377766 ], [ -75.542466370634827, 6.287789636160337 ], [ -75.542461488916857, 6.287787454793301 ], [ -75.542442893179597, 6.287779010491997 ], [ -75.54242497480449, 6.287770873907255 ], [ -75.542420911612126, 6.287769042967505 ], [ -75.542418463167621, 6.28776797175895 ], [ -75.542416819875527, 6.287767288111758 ], [ -75.542415149679272, 6.287766646184518 ], [ -75.542412622456794, 6.28776572634552 ], [ -75.54241178961972, 6.287765405822934 ], [ -75.5424109702479, 6.287765067152653 ], [ -75.542410168797559, 6.287764697655433 ], [ -75.542409392457486, 6.287764289159326 ], [ -75.542408780746783, 6.287763917834729 ], [ -75.542408183378527, 6.287763522933473 ], [ -75.542406400151052, 6.287762305638622 ], [ -75.542405647030648, 6.287761840974756 ], [ -75.54240487595365, 6.2877613999051 ], [ -75.54240409141137, 6.287760976983153 ], [ -75.542402495391926, 6.287760166530571 ], [ -75.542399248588424, 6.287758618220625 ], [ -75.542337153866768, 6.287729808052545 ], [ -75.542318370561119, 6.287721068109996 ], [ -75.542315906611648, 6.287719967140639 ], [ -75.542314247051564, 6.28771928266806 ], [ -75.542313407021396, 6.287718969413142 ], [ -75.542312560785035, 6.287718680599364 ], [ -75.542310847812047, 6.287718160934571 ], [ -75.542309118786193, 6.287717684745122 ], [ -75.542307383536595, 6.287717229380461 ], [ -75.542296942560441, 6.287714566952241 ], [ -75.542287378114892, 6.287712105491571 ], [ -75.542284767251431, 6.287711451866865 ], [ -75.542283020471075, 6.287711040859579 ], [ -75.542281266682068, 6.287710675091846 ], [ -75.542279491528788, 6.287710375428047 ], [ -75.542277707555343, 6.287710120108524 ], [ -75.542274129042781, 6.287709666479727 ], [ -75.542255323773972, 6.287707376557178 ], [ -75.542077157583691, 6.287685531298874 ], [ -75.541967075087442, 6.287672076686895 ], [ -75.541964391666639, 6.287671738947581 ], [ -75.541962605951881, 6.287671497196973 ], [ -75.54196082461425, 6.287671226493557 ], [ -75.541959935666867, 6.287671073503331 ], [ -75.541957278530816, 6.287670566567613 ], [ -75.54195374297359, 6.28766984149455 ], [ -75.541932541950345, 6.287665423187446 ], [ -75.541633050189162, 6.287603158491421 ], [ -75.541567239429227, 6.287589659301349 ], [ -75.541561097255411, 6.287588410767436 ], [ -75.541554022957371, 6.287587049233272 ], [ -75.541368977203533, 6.287552039875444 ], [ -75.541365433830734, 6.287551379931664 ], [ -75.541363659514943, 6.2875510666986 ], [ -75.541361881721144, 6.287550781509842 ], [ -75.541359274158253, 6.287550435261066 ], [ -75.541354915693873, 6.28754994563795 ], [ -75.541343566531026, 6.287548749550478 ], [ -75.541340952928806, 6.287548462098125 ], [ -75.541339222461815, 6.287548247199668 ], [ -75.541338363480676, 6.287548124802228 ], [ -75.541337512556751, 6.287547986995705 ], [ -75.541336672369937, 6.287547827438336 ], [ -75.541335845595739, 6.287547638884191 ], [ -75.541335039409773, 6.287547410449084 ], [ -75.54133425645243, 6.287547127654387 ], [ -75.54133353108908, 6.287546796661728 ], [ -75.541332112521019, 6.287546058574768 ], [ -75.541331389771685, 6.287545707678972 ], [ -75.541330590335363, 6.287545380663038 ], [ -75.541329766709779, 6.287545096257919 ], [ -75.541328923364347, 6.287544844496665 ], [ -75.541328067487896, 6.287544617207339 ], [ -75.541326328861473, 6.287544210677203 ], [ -75.541324568721294, 6.287543839511998 ], [ -75.541322799637911, 6.287543487376579 ], [ -75.541311271040342, 6.287541252434544 ], [ -75.541286458231511, 6.287536413170438 ], [ -75.541280245849237, 6.28753522012487 ], [ -75.541272237479305, 6.287533716663545 ], [ -75.541270471992533, 6.287533360893994 ], [ -75.541269599102492, 6.287533165331149 ], [ -75.541268737875043, 6.287532952533486 ], [ -75.541267894591115, 6.287532713429352 ], [ -75.541267073711325, 6.287532436243642 ], [ -75.541266286907046, 6.287532105549695 ], [ -75.541265546731296, 6.287531701396054 ], [ -75.541264868478422, 6.287531210146669 ], [ -75.541264235959289, 6.28753064725016 ], [ -75.541263635713008, 6.287530031758307 ], [ -75.541263060577094, 6.287529377267592 ], [ -75.541262501581983, 6.287528697383282 ], [ -75.54126195424071, 6.287527998455978 ], [ -75.541260879282419, 6.287526568861588 ], [ -75.541256640433517, 6.287520756159951 ], [ -75.541253447831579, 6.287516414781353 ], [ -75.541250237246672, 6.287512091572398 ], [ -75.541245392537277, 6.287505623625131 ], [ -75.54124433377261, 6.287504179486157 ], [ -75.541243314689197, 6.287502719784303 ], [ -75.541242832196687, 6.287501978048391 ], [ -75.541242379468414, 6.287501225318397 ], [ -75.541241968224085, 6.287500456112651 ], [ -75.541241612894055, 6.287499664936322 ], [ -75.541241324272534, 6.2874988417917 ], [ -75.541241093367987, 6.2874979957636 ], [ -75.541240903043828, 6.287497133264162 ], [ -75.54124074247953, 6.287496258866556 ], [ -75.541240601753643, 6.287495376235469 ], [ -75.541240359987526, 6.28749359631451 ], [ -75.54123877489036, 6.287480153578481 ], [ -75.541234313721802, 6.28744345484567 ], [ -75.541233685747386, 6.287438061266909 ], [ -75.541232882632102, 6.287430838621174 ], [ -75.541232649019989, 6.287429063181087 ], [ -75.541232509276767, 6.287428196819175 ], [ -75.541232345243301, 6.287427352274054 ], [ -75.541232142528756, 6.287426543177345 ], [ -75.541231887637053, 6.287425781348127 ], [ -75.541231557185895, 6.28742508950287 ], [ -75.541231125082305, 6.287424490371241 ], [ -75.541230568851887, 6.287424007569384 ], [ -75.541229910074264, 6.287423619293706 ], [ -75.541229177535499, 6.287423299185041 ], [ -75.541228392819576, 6.287423026343851 ], [ -75.541227569418183, 6.287422788046982 ], [ -75.54122672083615, 6.28742257428356 ], [ -75.541224979582935, 6.287422184943763 ], [ -75.54121610961414, 6.287420391835444 ], [ -75.541208178186452, 6.287418730682973 ], [ -75.541128212307925, 6.287401719990554 ], [ -75.541124692146923, 6.287401002068685 ], [ -75.541122033318572, 6.287400518642936 ], [ -75.541116690828105, 6.287399647747846 ], [ -75.541046112119787, 6.287388411145181 ], [ -75.541032769992398, 6.287401600093526 ] ] ] } },
{ "type": "Feature", "properties": { "objectid": 698, "codigo": "0108-8", "nombre": "El Compromiso", "riesgo": "Alto riesgo no mitigable", "descripcion": "Zona de alto riesgo no mitigable por inundaciones", "tipo_amenaza": "Inundaciones", "categoria_proteccion": "Áreas de Amenaza y Riesgo", "subcategoria_proteccion": "Zona de riesgo no mitigable", "fecha_adopcion": "2014-12-17T00:00:00", "fecha_actualizacion": "2026-04-30T00:00:00", "st_area(shape)": 328.60321659589488, "st_perimeter(shape)": 395.4881335551525 }, "geometry": { "type": "Polygon", "coordinates": [ [ [ -75.544215343291313, 6.287489076541577 ], [ -75.544214340342876, 6.287489077808796 ], [ -75.544212545742766, 6.287489052191151 ], [ -75.544211658276126, 6.287489017635846 ], [ -75.544210782449994, 6.287488961325271 ], [ -75.544209920922242, 6.287488872397169 ], [ -75.544209081767562, 6.287488739058841 ], [ -75.544208270328085, 6.28748854501034 ], [ -75.544207498239899, 6.28748826759226 ], [ -75.544206850594165, 6.287487938938201 ], [ -75.544206229768889, 6.287487551386507 ], [ -75.544205012184179, 6.287486708357862 ], [ -75.544204393069251, 6.287486300907459 ], [ -75.544203747949496, 6.287485934268556 ], [ -75.544202996370132, 6.287485600695917 ], [ -75.544202207154243, 6.287485331498202 ], [ -75.544201391056347, 6.287485108540895 ], [ -75.544200555256424, 6.287484921843848 ], [ -75.544199705118558, 6.287484759627524 ], [ -75.544197977982805, 6.287484485955722 ], [ -75.544195351436528, 6.287484137101877 ], [ -75.544183913656312, 6.287482737181397 ], [ -75.54416634135579, 6.287480546200822 ], [ -75.544163710274191, 6.287480193752442 ], [ -75.544161082542942, 6.287479787041257 ], [ -75.544159331734846, 6.287479476416146 ], [ -75.544156710805424, 6.287478981973335 ], [ -75.544133139847602, 6.287474395382244 ], [ -75.544127014318747, 6.287473223648631 ], [ -75.544092463132984, 6.287466937453865 ], [ -75.544087135415722, 6.287465944464953 ], [ -75.54407911783612, 6.287464403121877 ], [ -75.544077355321534, 6.287464100690407 ], [ -75.544076486398353, 6.287463977441985 ], [ -75.544075633888397, 6.287463884853302 ], [ -75.544074801480591, 6.287463838276259 ], [ -75.5440740010133, 6.28746385663947 ], [ -75.544073244364441, 6.287463967008367 ], [ -75.544072546157778, 6.287464203667827 ], [ -75.544071924587229, 6.287464591844318 ], [ -75.544071363252755, 6.287465103590338 ], [ -75.544070844828795, 6.287465706442325 ], [ -75.544070355634716, 6.287466374247781 ], [ -75.544069888349867, 6.287467088056081 ], [ -75.544069436574702, 6.287467832528539 ], [ -75.544068559499678, 6.287469377399236 ], [ -75.544065128813912, 6.287475723764164 ], [ -75.544062539613321, 6.287480453103027 ], [ -75.544058637094082, 6.287487506969641 ], [ -75.544052112609108, 6.287499241512859 ], [ -75.544051265495966, 6.287500816073251 ], [ -75.544050455502756, 6.287502405822753 ], [ -75.544050073599223, 6.287503211434358 ], [ -75.544049714323791, 6.287504025072765 ], [ -75.544049392970706, 6.287504833101889 ], [ -75.544049092443046, 6.287505650070679 ], [ -75.544048810017003, 6.287506473280096 ], [ -75.544048277771537, 6.287508135814104 ], [ -75.544046523530824, 6.287513993935056 ], [ -75.544046001175943, 6.287515646475735 ], [ -75.544045725035105, 6.287516461517576 ], [ -75.544045433468114, 6.287517263072894 ], [ -75.544045118321122, 6.287518046660875 ], [ -75.544044774146485, 6.287518806883385 ], [ -75.544044389145384, 6.287519532948562 ], [ -75.544043949725165, 6.287520216785631 ], [ -75.544043464767341, 6.287520826707546 ], [ -75.544042407812739, 6.287521985495821 ], [ -75.544041884835821, 6.287522581137128 ], [ -75.544041360434335, 6.28752325544278 ], [ -75.544040871451216, 6.287523966644401 ], [ -75.544040406087703, 6.287524703950178 ], [ -75.544039959804067, 6.287525462861628 ], [ -75.544039103563108, 6.287527018480201 ], [ -75.544038278196439, 6.287528605592247 ], [ -75.54403706375065, 6.28753100920014 ], [ -75.544020203001864, 6.287564770227123 ], [ -75.544018589485049, 6.287567979530245 ], [ -75.544017358744583, 6.287570376888736 ], [ -75.544016090897372, 6.287572761770392 ], [ -75.544014375064876, 6.287575927270403 ], [ -75.54399541309148, 6.28761071293793 ], [ -75.543988933449469, 6.287622564797213 ], [ -75.543987652917295, 6.287624942507791 ], [ -75.543986824879354, 6.28762653776984 ], [ -75.543986045738194, 6.287628154492422 ], [ -75.543985686502197, 6.287628976267641 ], [ -75.543985352631324, 6.287629811480972 ], [ -75.543985042296512, 6.287630655620791 ], [ -75.543984464194452, 6.287632364487655 ], [ -75.543983111725964, 6.287636671915321 ], [ -75.543982556225643, 6.28763838338446 ], [ -75.543982264878395, 6.287639230144168 ], [ -75.543981955411937, 6.287640067046891 ], [ -75.543981625102447, 6.287640891393588 ], [ -75.543981263081079, 6.287641697812524 ], [ -75.543980858465758, 6.287642478219724 ], [ -75.543980460524764, 6.287643144676788 ], [ -75.543979157127069, 6.287645093951445 ], [ -75.543978680978043, 6.287645843063141 ], [ -75.54397822026398, 6.287646607469531 ], [ -75.543977771339925, 6.287647380859599 ], [ -75.543976899808825, 6.287648951018387 ], [ -75.543975212078109, 6.287652135367903 ], [ -75.543949648516246, 6.287701568087711 ], [ -75.543925904770745, 6.287747479487155 ], [ -75.543919417550569, 6.287760003136108 ], [ -75.543918021995438, 6.287762696940573 ], [ -75.543916375046692, 6.28776590640663 ], [ -75.543915572404345, 6.287767521435482 ], [ -75.543914803258986, 6.287769149862855 ], [ -75.543914441272662, 6.287769963514519 ], [ -75.543913747187247, 6.287771605138048 ], [ -75.543912746359055, 6.287774086363409 ], [ -75.543904911780089, 6.287794012177834 ], [ -75.543902963568897, 6.287799002395705 ], [ -75.543900707742125, 6.287804838548433 ], [ -75.543899719576643, 6.287807322424481 ], [ -75.543899019082843, 6.287808946901169 ], [ -75.543898643429031, 6.287809737112579 ], [ -75.543898239668721, 6.287810507570457 ], [ -75.543897797810132, 6.287811247474141 ], [ -75.543897302435909, 6.287811945145307 ], [ -75.543896736374379, 6.287812599763456 ], [ -75.543896116797214, 6.287813212149072 ], [ -75.543895459121799, 6.287813793980526 ], [ -75.543894772423101, 6.287814353350575 ], [ -75.543894066679684, 6.287814898347609 ], [ -75.54389261891049, 6.287815959586903 ], [ -75.543884491093152, 6.287821665206914 ], [ -75.543878599327215, 6.287825829284493 ], [ -75.543827150042318, 6.287862355320219 ], [ -75.543824200044554, 6.287864427433703 ], [ -75.543822710483454, 6.287865441862757 ], [ -75.543821959325356, 6.287865938259037 ], [ -75.543820441495058, 6.287866899483326 ], [ -75.543817368490224, 6.287868760634364 ], [ -75.543787229471675, 6.28788664959646 ], [ -75.543781057100418, 6.287890339478774 ], [ -75.543778764386616, 6.287891749297021 ], [ -75.543777257407442, 6.287892712276628 ], [ -75.543775783114029, 6.287893707645004 ], [ -75.543774502646968, 6.28789461256296 ], [ -75.543773856000712, 6.287895046970983 ], [ -75.543773192941217, 6.287895450719254 ], [ -75.543772458409535, 6.287895835829213 ], [ -75.543771700187918, 6.287896180369641 ], [ -75.543770924653913, 6.2878964951588 ], [ -75.543770134548922, 6.287896786512076 ], [ -75.543769336237304, 6.287897062535457 ], [ -75.543767720485803, 6.287897583031579 ], [ -75.543762821333658, 6.287899063402835 ], [ -75.543760375466277, 6.287899823008715 ], [ -75.543758711972089, 6.287900373572837 ], [ -75.543757013441976, 6.287900965896514 ], [ -75.543751941660261, 6.287902807847393 ], [ -75.543714809288275, 6.28791647160138 ], [ -75.543712272923457, 6.28791738805846 ], [ -75.543710575261557, 6.28791797314493 ], [ -75.543708863839882, 6.287918515805301 ], [ -75.543708021078729, 6.287918755880685 ], [ -75.54370717372953, 6.287918981512696 ], [ -75.543705471666485, 6.287919404785193 ], [ -75.543702051920789, 6.287920198063817 ], [ -75.543688341804113, 6.287923286343549 ], [ -75.543685791325558, 6.287923901801152 ], [ -75.543684116505034, 6.287924352968305 ], [ -75.543683293661346, 6.287924601083681 ], [ -75.543682484476307, 6.287924870831155 ], [ -75.543681694419533, 6.28792517212929 ], [ -75.543680929846587, 6.287925511275906 ], [ -75.54368025747894, 6.287925859014679 ], [ -75.543678936354453, 6.287926578788223 ], [ -75.543678260240739, 6.287926899421993 ], [ -75.543677471047928, 6.28792719257894 ], [ -75.543676653555153, 6.287927426202531 ], [ -75.543675813267171, 6.287927617443998 ], [ -75.543674957456318, 6.287927775309017 ], [ -75.543674088881559, 6.287927909729366 ], [ -75.543672331647471, 6.287928136174757 ], [ -75.543668776133003, 6.287928509703823 ], [ -75.543650048809823, 6.287930355753589 ], [ -75.543647383862805, 6.287930658042716 ], [ -75.543645617716336, 6.287930909846456 ], [ -75.543644742009931, 6.287931064191868 ], [ -75.543643872768996, 6.287931247437269 ], [ -75.543643020858042, 6.287931464050303 ], [ -75.543642176316084, 6.287931709558944 ], [ -75.543641337292101, 6.287931974931089 ], [ -75.543640500154339, 6.287932256568006 ], [ -75.543638834146989, 6.287932847828947 ], [ -75.543633851801658, 6.287934686631218 ], [ -75.543632185789875, 6.287935276988058 ], [ -75.543630509623725, 6.287935823093011 ], [ -75.543629665072956, 6.28793606679345 ], [ -75.543628812249636, 6.287936281602693 ], [ -75.543627944802566, 6.28793646212702 ], [ -75.543627071789174, 6.287936612842869 ], [ -75.543626192354267, 6.287936743699595 ], [ -75.543624425132734, 6.287936960248275 ], [ -75.54362087225833, 6.287937319298455 ], [ -75.543611976171817, 6.287938145566937 ], [ -75.543608424231678, 6.287938510941255 ], [ -75.543606656132951, 6.287938732918809 ], [ -75.543605775803272, 6.287938865588073 ], [ -75.543604899188878, 6.28793901903374 ], [ -75.543604038948146, 6.287939195002398 ], [ -75.543603181519146, 6.287939391751872 ], [ -75.543601476797946, 6.287939825886314 ], [ -75.54359892946492, 6.287940530834982 ], [ -75.543580281620862, 6.287945900710244 ], [ -75.543576887986958, 6.287946861121129 ], [ -75.543574333276013, 6.287947535365938 ], [ -75.543572618404752, 6.28794792615252 ], [ -75.54357173824647, 6.287948094081138 ], [ -75.543569965950851, 6.287948382078924 ], [ -75.543567294986474, 6.287948747684593 ], [ -75.543549432276009, 6.287950945740607 ], [ -75.543546763969445, 6.287951300483924 ], [ -75.543545005147777, 6.287951572142097 ], [ -75.543544137581918, 6.287951728255947 ], [ -75.543543282766748, 6.287951905102213 ], [ -75.543542444360426, 6.28795211170419 ], [ -75.54354162872292, 6.287952355263752 ], [ -75.543540844056409, 6.287952650206716 ], [ -75.543540173324203, 6.287952962677192 ], [ -75.543538860935811, 6.287953620928564 ], [ -75.543538188260243, 6.287953905381135 ], [ -75.543537426786912, 6.28795413873181 ], [ -75.54353663607931, 6.287954306224883 ], [ -75.543535822541344, 6.287954424103153 ], [ -75.543534992554967, 6.287954504088923 ], [ -75.543534148892377, 6.287954558826263 ], [ -75.543533297900325, 6.287954592804773 ], [ -75.543531576770391, 6.28795462559476 ], [ -75.543529843758108, 6.287954630415242 ], [ -75.543522884356506, 6.287954599200162 ], [ -75.543519405633972, 6.287954598957668 ], [ -75.543516798062768, 6.287954622501472 ], [ -75.543515049892477, 6.287954668984684 ], [ -75.543512411128091, 6.287954781282956 ], [ -75.543509771565667, 6.287954915283717 ], [ -75.543488664343243, 6.287956036970035 ], [ -75.543486028500425, 6.287956192651174 ], [ -75.543484275322044, 6.287956324144856 ], [ -75.543483400158493, 6.287956404350499 ], [ -75.543482528688259, 6.287956500812104 ], [ -75.543481659130606, 6.287956618963014 ], [ -75.543480812271412, 6.287956759606111 ], [ -75.543479127865425, 6.287957097805842 ], [ -75.543474096154199, 6.287958261478174 ], [ -75.543472414551132, 6.287958618650503 ], [ -75.543471571389617, 6.287958776453653 ], [ -75.543470724495251, 6.287958909864053 ], [ -75.543469832309455, 6.287959019988125 ], [ -75.543468937298726, 6.287959106619117 ], [ -75.543467139807163, 6.287959230191511 ], [ -75.543464435132393, 6.287959352755614 ], [ -75.543425606390059, 6.287960677341563 ], [ -75.543422899850967, 6.287960788161125 ], [ -75.543421100451113, 6.287960890948162 ], [ -75.543420201738257, 6.287960959514923 ], [ -75.543419306736283, 6.287961047954021 ], [ -75.543418414559227, 6.287961159886184 ], [ -75.543417568572735, 6.28796129419619 ], [ -75.543415883232285, 6.287961626071505 ], [ -75.54341085055556, 6.287962777090484 ], [ -75.543409168855632, 6.287963114372715 ], [ -75.543408325601746, 6.287963253189959 ], [ -75.543407478584228, 6.287963361285818 ], [ -75.543406589836707, 6.287963435228704 ], [ -75.543405697316757, 6.28796347664205 ], [ -75.543403904723206, 6.287963492601474 ], [ -75.543401207292192, 6.287963432500062 ], [ -75.543384999842814, 6.28796282970157 ], [ -75.543356189287422, 6.287961815406075 ], [ -75.543353489785474, 6.287961701067984 ], [ -75.543351692098312, 6.287961598613796 ], [ -75.543350794546299, 6.287961534270835 ], [ -75.543349005578051, 6.287961366678368 ], [ -75.543347219170968, 6.287961168333752 ], [ -75.543343647974879, 6.287960732759919 ], [ -75.543241919705409, 6.287947992715996 ], [ -75.543239247013148, 6.287947631425103 ], [ -75.543237467495899, 6.287947363430153 ], [ -75.54323568877669, 6.287947073732707 ], [ -75.543228579991677, 6.287945866995439 ], [ -75.543226798632162, 6.287945591776541 ], [ -75.543224127746981, 6.287945230476765 ], [ -75.543219664226555, 6.287944690752586 ], [ -75.543174119334566, 6.287939335004884 ], [ -75.543158924602722, 6.28793758085953 ], [ -75.54315714083144, 6.287937367131498 ], [ -75.54315536780598, 6.287937133460779 ], [ -75.543153616254543, 6.287936856288295 ], [ -75.543152755242247, 6.287936687794609 ], [ -75.543151908541574, 6.287936489395653 ], [ -75.543151082420209, 6.287936249307543 ], [ -75.543150284040536, 6.287935953933737 ], [ -75.543149599397395, 6.287935635403611 ], [ -75.543148261387842, 6.287934926766506 ], [ -75.543147582042863, 6.287934582895534 ], [ -75.543146801514283, 6.287934242229404 ], [ -75.543145998577359, 6.287933938740808 ], [ -75.543145176797879, 6.287933662467196 ], [ -75.543144342478683, 6.287933408857333 ], [ -75.54314349829086, 6.287933169761238 ], [ -75.543141792002572, 6.287932724204158 ], [ -75.543138344464765, 6.28793189021903 ], [ -75.543102908585524, 6.287923547808478 ], [ -75.543099459451611, 6.287922757228009 ], [ -75.543091761849794, 6.287921056094858 ], [ -75.543089201878672, 6.287920462802591 ], [ -75.543086606388059, 6.287919811820235 ], [ -75.543084016195664, 6.287919135497021 ], [ -75.543070218970684, 6.287915459644002 ], [ -75.543067627103056, 6.287914810452112 ], [ -75.543065891309951, 6.287914429230081 ], [ -75.54306501949911, 6.287914269829857 ], [ -75.543064143315576, 6.287914140286522 ], [ -75.543063307989271, 6.287914051229193 ], [ -75.543062468285896, 6.287913991124667 ], [ -75.543060781918925, 6.287913926100099 ], [ -75.543056552135923, 6.287913885208808 ], [ -75.543054867734256, 6.287913852722583 ], [ -75.543054028162743, 6.287913819740652 ], [ -75.543053193920173, 6.287913767746513 ], [ -75.543052364980184, 6.287913691315616 ], [ -75.543051543996285, 6.287913578681636 ], [ -75.543050734543073, 6.287913421690204 ], [ -75.543049942896999, 6.28791321036556 ], [ -75.543049159180626, 6.287912957413317 ], [ -75.543048382551945, 6.287912675495092 ], [ -75.543046058828111, 6.287911796258391 ], [ -75.543045275962541, 6.287911532452696 ], [ -75.54304448332941, 6.287911303954791 ], [ -75.543043634870031, 6.287911115509384 ], [ -75.543042773972019, 6.287910970521751 ], [ -75.543041905100324, 6.287910858120857 ], [ -75.543041030930468, 6.287910771060769 ], [ -75.543039267445877, 6.287910641315663 ], [ -75.543036608501936, 6.2879105059839 ], [ -75.543026837190041, 6.287910099681755 ], [ -75.543014406920946, 6.287909555335268 ], [ -75.543011742705161, 6.287909450768716 ], [ -75.543009062383831, 6.287909378828453 ], [ -75.54300544886091, 6.287909343978288 ], [ -75.543000931966517, 6.287909348785311 ], [ -75.542999127696845, 6.287909379265837 ], [ -75.542997326339986, 6.287909451321199 ], [ -75.542996428512836, 6.287909516266476 ], [ -75.542995538927428, 6.287909603774352 ], [ -75.54299465304851, 6.28790971025049 ], [ -75.542992882391971, 6.287909963882264 ], [ -75.542991113691954, 6.287910248244225 ], [ -75.54298050921679, 6.287912056542564 ], [ -75.542971661519658, 6.2879135443725 ], [ -75.542969897455976, 6.287913853122764 ], [ -75.54296814795886, 6.287914184404857 ], [ -75.542967282322635, 6.287914365823454 ], [ -75.542966426704496, 6.287914563467237 ], [ -75.542965584749382, 6.287914783647252 ], [ -75.54296476282164, 6.287915034469486 ], [ -75.542963968211154, 6.28791532855598 ], [ -75.542963208203389, 6.287915677624699 ], [ -75.542962532414123, 6.287916065160191 ], [ -75.542961234483016, 6.287916909586423 ], [ -75.54296058042712, 6.287917306961329 ], [ -75.542959899882788, 6.287917645698084 ], [ -75.542959126838653, 6.287917915268672 ], [ -75.542958315454555, 6.287918104560182 ], [ -75.542957474858213, 6.287918232514459 ], [ -75.542956614177356, 6.287918318073377 ], [ -75.542955737973642, 6.287918370255826 ], [ -75.542954851725483, 6.287918400788553 ], [ -75.542953058249878, 6.287918421271198 ], [ -75.54294763045209, 6.287918403388082 ], [ -75.542945978903035, 6.287918437645668 ], [ -75.542945233633944, 6.287918472916848 ], [ -75.542944492062517, 6.287918525348104 ], [ -75.542943754219522, 6.287918601268053 ], [ -75.542943025561428, 6.28791870788298 ], [ -75.542942305228564, 6.287918854238175 ], [ -75.542941512959501, 6.287919072368111 ], [ -75.542940731757085, 6.287919336553724 ], [ -75.542939957050876, 6.287919635967971 ], [ -75.542939187875803, 6.287919957958015 ], [ -75.542936125970598, 6.287921315462567 ], [ -75.542935355887579, 6.287921636552919 ], [ -75.542934580269034, 6.28792193416337 ], [ -75.542933797259536, 6.287922198357788 ], [ -75.542933004994836, 6.287922417391784 ], [ -75.542932142937573, 6.287922591560037 ], [ -75.542931272515489, 6.287922717851244 ], [ -75.542927862337066, 6.287923063544801 ], [ -75.542927074119817, 6.287923185819452 ], [ -75.542926337637439, 6.287923355760074 ], [ -75.542925674684867, 6.287923595863287 ], [ -75.542925110697524, 6.287923934032704 ], [ -75.542924732103501, 6.28792430565593 ], [ -75.542924412525466, 6.287924735758975 ], [ -75.54292382876676, 6.28792565355841 ], [ -75.542923507377253, 6.287926082766167 ], [ -75.542923126967352, 6.287926452589998 ], [ -75.542922662123615, 6.287926739646772 ], [ -75.542922124631644, 6.287926952016091 ], [ -75.542921529943982, 6.28792710860905 ], [ -75.542920890767363, 6.287927221117201 ], [ -75.542920218900576, 6.287927300332418 ], [ -75.542919523431777, 6.287927357059809 ], [ -75.542918667075213, 6.287927402816836 ], [ -75.542916050801509, 6.287927495112221 ], [ -75.54291519444493, 6.287927540869243 ], [ -75.542914361703538, 6.28792761182638 ], [ -75.542913566187593, 6.287927719670804 ], [ -75.542912824244411, 6.287927881500988 ], [ -75.542912157660055, 6.287928118005452 ], [ -75.542911590045335, 6.287928453480194 ], [ -75.542911141379292, 6.287928908622461 ], [ -75.542910768984441, 6.287929440242779 ], [ -75.542910422915398, 6.287929997050007 ], [ -75.542910051428478, 6.287930529569999 ], [ -75.542909602762421, 6.28793098471228 ], [ -75.542909036963593, 6.287931321986398 ], [ -75.54290837038802, 6.287931560299015 ], [ -75.542907629348349, 6.287931722124815 ], [ -75.542906832924459, 6.287931829069543 ], [ -75.542905998367175, 6.287931898227277 ], [ -75.542905280204323, 6.287931933366496 ], [ -75.542903806644361, 6.287931964949439 ], [ -75.542898843394781, 6.287931971024017 ], [ -75.542897961620312, 6.287931992493793 ], [ -75.542897098916939, 6.287932033761141 ], [ -75.542896264355264, 6.287932102014774 ], [ -75.542895469751628, 6.287932211662949 ], [ -75.542894728716334, 6.287932374392819 ], [ -75.542894063947855, 6.287932612696641 ], [ -75.542893499969267, 6.28793295267421 ], [ -75.542893053114668, 6.287933408711758 ], [ -75.542892684351543, 6.287933943930827 ], [ -75.542892340102739, 6.287934503441514 ], [ -75.542891970431668, 6.287935037760895 ], [ -75.542891524489406, 6.287935495602234 ], [ -75.542890959602886, 6.287935834680113 ], [ -75.542890294834393, 6.287936072983934 ], [ -75.542889554707017, 6.287936236613487 ], [ -75.542888759195435, 6.28793634536195 ], [ -75.542887924633746, 6.287936413615589 ], [ -75.542887062838304, 6.287936455782614 ], [ -75.54288528567028, 6.287936485226771 ], [ -75.542880774205258, 6.287936491814635 ], [ -75.542879892430776, 6.287936513284384 ], [ -75.542879029722982, 6.28793655364762 ], [ -75.54287819607363, 6.287936623705003 ], [ -75.542877401465574, 6.287936732449068 ], [ -75.542876661338212, 6.287936896078604 ], [ -75.542875997482028, 6.287937136186184 ], [ -75.542875434406952, 6.287937476159343 ], [ -75.542875055830464, 6.287937851398893 ], [ -75.542874738085814, 6.287938286917649 ], [ -75.542874161608097, 6.287939215530955 ], [ -75.542873843867838, 6.287939651953813 ], [ -75.542873467102837, 6.287940028088639 ], [ -75.54287296174023, 6.287940344274078 ], [ -75.542872371027087, 6.287940574984573 ], [ -75.542871714942379, 6.287940740917386 ], [ -75.542871010728192, 6.287940857358474 ], [ -75.542870269292933, 6.287940937816356 ], [ -75.542869502426612, 6.287940991274739 ], [ -75.54286871468652, 6.287941025848428 ], [ -75.542866286081491, 6.287941062079547 ], [ -75.542851858598837, 6.287941006627716 ], [ -75.542830166792399, 6.287941019982977 ], [ -75.542827456899744, 6.287940998815874 ], [ -75.542825652238577, 6.287940948832058 ], [ -75.542824750260877, 6.287940903495979 ], [ -75.542823024698365, 6.287940768140932 ], [ -75.542820442755428, 6.287940487775904 ], [ -75.542818724916089, 6.287940268301128 ], [ -75.542817014182035, 6.287940023476706 ], [ -75.542815314987479, 6.287939736103 ], [ -75.542814472945054, 6.287939566612279 ], [ -75.542813638915874, 6.287939372671606 ], [ -75.54281281465866, 6.287939144327223 ], [ -75.542812024591043, 6.28793888598086 ], [ -75.542811244321769, 6.287938598655319 ], [ -75.542808923137002, 6.287937684144834 ], [ -75.542808147389835, 6.287937397701385 ], [ -75.542807364554974, 6.287937140223918 ], [ -75.542806571992088, 6.28793692619102 ], [ -75.542805708260246, 6.287936755901719 ], [ -75.542804832133697, 6.287936638111074 ], [ -75.542803948059856, 6.287936558331668 ], [ -75.542803056893902, 6.287936506614177 ], [ -75.542802161302518, 6.287936473904494 ], [ -75.542800362159269, 6.287936443784123 ], [ -75.542798556814276, 6.287936439008989 ], [ -75.542783182028501, 6.287936493946401 ], [ -75.542775030328642, 6.287936547181495 ], [ -75.542772568134154, 6.287936551027728 ], [ -75.542770940664056, 6.287936520071742 ], [ -75.542770136321721, 6.28793648510969 ], [ -75.542769340909345, 6.287936428405565 ], [ -75.542768558905081, 6.287936341800584 ], [ -75.542767792975624, 6.287936216240681 ], [ -75.542767050274605, 6.287936036321195 ], [ -75.542766338845993, 6.287935783920778 ], [ -75.542765601538093, 6.287935412303923 ], [ -75.542764894577076, 6.287934963690105 ], [ -75.542764203651316, 6.287934467984589 ], [ -75.542762816141234, 6.287933427779188 ], [ -75.542762094455469, 6.287932924086387 ], [ -75.542761352970857, 6.287932436763912 ], [ -75.542760598906952, 6.287931963968393 ], [ -75.542759061102871, 6.287931047453251 ], [ -75.542756714404419, 6.287929717176531 ], [ -75.54275197974782, 6.287927119207363 ], [ -75.542744263690736, 6.287922922817603 ], [ -75.5427206036602, 6.287910056768729 ], [ -75.542722031017789, 6.287923569868465 ], [ -75.542738936406565, 6.287932801724494 ], [ -75.54274129471483, 6.287934103917439 ], [ -75.542744408775448, 6.287935854486746 ], [ -75.542745303981036, 6.287936365472069 ], [ -75.542755274454223, 6.287942053518992 ], [ -75.542756831885782, 6.287942918404383 ], [ -75.542758399953328, 6.287943740744868 ], [ -75.542759191526571, 6.287944122946934 ], [ -75.542759991985832, 6.287944474366046 ], [ -75.542760802186308, 6.287944785052846 ], [ -75.542761629268441, 6.287945036890395 ], [ -75.542762484035194, 6.287945221689138 ], [ -75.542763353880915, 6.287945348551512 ], [ -75.542764234384578, 6.287945437389433 ], [ -75.542767791017738, 6.287945665093281 ], [ -75.542768675100405, 6.287945746680915 ], [ -75.542769551213794, 6.28794586175936 ], [ -75.54277041672637, 6.287946026615391 ], [ -75.542771210162073, 6.287946234315328 ], [ -75.542771993865344, 6.287946484555764 ], [ -75.542772773178356, 6.287946761036716 ], [ -75.542775099591054, 6.287947635741133 ], [ -75.542775882465506, 6.287947901355438 ], [ -75.542776675107532, 6.287948131661947 ], [ -75.542777519979268, 6.28794832554991 ], [ -75.542778376394892, 6.287948477792678 ], [ -75.54277923988505, 6.287948598357201 ], [ -75.542780110498072, 6.287948697188427 ], [ -75.542781863254831, 6.287948850493425 ], [ -75.542783623985287, 6.287948971211689 ], [ -75.542795982800072, 6.287949685883673 ], [ -75.542800396049174, 6.28794992117158 ], [ -75.542803030369541, 6.287950009610697 ], [ -75.542805635499633, 6.287950041232982 ], [ -75.542809110645038, 6.287950048730543 ], [ -75.542828364635824, 6.287950035487431 ], [ -75.542840121674587, 6.287950006293179 ], [ -75.542842826233908, 6.287950045568336 ], [ -75.542843722746397, 6.287950081889885 ], [ -75.542844614842252, 6.287950139027432 ], [ -75.542845499846024, 6.287950224226876 ], [ -75.542846376911271, 6.287950349245746 ], [ -75.542847240678284, 6.28795052676767 ], [ -75.542848029684151, 6.287950752571216 ], [ -75.542848808970803, 6.287951023627503 ], [ -75.542849579375826, 6.287951326370841 ], [ -75.542852614517145, 6.287952641542931 ], [ -75.542853366860101, 6.287952946182385 ], [ -75.542854118136916, 6.287953217374985 ], [ -75.542854870075544, 6.28795343883839 ], [ -75.542855620772229, 6.287953590691451 ], [ -75.542856371915363, 6.287953648515 ], [ -75.542857121601216, 6.287953592427923 ], [ -75.542857872632666, 6.287953441402851 ], [ -75.542858624233631, 6.287953221662728 ], [ -75.542859375597288, 6.287952953101875 ], [ -75.542860128605412, 6.287952651080992 ], [ -75.54286316546245, 6.287951345232869 ], [ -75.542863935646679, 6.287951044936602 ], [ -75.542864715024535, 6.287950777143505 ], [ -75.542865505469081, 6.287950555406104 ], [ -75.542866289874482, 6.287950392465176 ], [ -75.542867085342138, 6.287950274675861 ], [ -75.542867889104315, 6.287950190298199 ], [ -75.542868697494058, 6.28795012850073 ], [ -75.542871960427931, 6.28794997609932 ], [ -75.54287359083969, 6.287949868711988 ], [ -75.542874402733744, 6.287949784294738 ], [ -75.542875274976183, 6.28794966070708 ], [ -75.542876144376152, 6.287949510009984 ], [ -75.542877876578785, 6.287949152593155 ], [ -75.542879602232489, 6.287948749098637 ], [ -75.542886495266799, 6.287947023057644 ], [ -75.542888221758076, 6.287946605997398 ], [ -75.542889954736779, 6.287946222357595 ], [ -75.542890824035638, 6.287946050866466 ], [ -75.542891696154996, 6.287945901964345 ], [ -75.542892572928338, 6.287945781066932 ], [ -75.542893470650142, 6.287945694423707 ], [ -75.542894372131187, 6.287945637597778 ], [ -75.542896182594077, 6.287945579964147 ], [ -75.542899776751966, 6.287945534443536 ], [ -75.542900653087614, 6.287945509383791 ], [ -75.542901511260126, 6.287945465426159 ], [ -75.542902204921845, 6.287945408707576 ], [ -75.542902874968405, 6.287945326788892 ], [ -75.542903509614149, 6.287945211590484 ], [ -75.542904100674505, 6.287945052302867 ], [ -75.542904635429494, 6.287944834522235 ], [ -75.542905096650287, 6.287944545674884 ], [ -75.542905542601332, 6.287944089641708 ], [ -75.542905912281171, 6.287943557130493 ], [ -75.542906257442297, 6.287942999423574 ], [ -75.542906628933622, 6.287942467807667 ], [ -75.542907075796975, 6.287942013578264 ], [ -75.542907642499372, 6.287941676299745 ], [ -75.542908309088133, 6.287941440699383 ], [ -75.542909050127818, 6.287941278873577 ], [ -75.542909845639386, 6.287941170125065 ], [ -75.542910677481657, 6.287941100076425 ], [ -75.542911532925928, 6.287941052515612 ], [ -75.542914147383826, 6.287940958420845 ], [ -75.542915004639568, 6.287940911755333 ], [ -75.542915836481839, 6.28794084170667 ], [ -75.542916631089852, 6.287940732962563 ], [ -75.542917372129537, 6.287940571136747 ], [ -75.542918038722675, 6.287940336440442 ], [ -75.542918605429449, 6.287940000066019 ], [ -75.542918985830582, 6.287939628433996 ], [ -75.542919307211307, 6.287939197418067 ], [ -75.542919888246203, 6.287938276919563 ], [ -75.542920208719011, 6.287937845003929 ], [ -75.542920587313034, 6.287937473380719 ], [ -75.542921049437368, 6.287937184528964 ], [ -75.54292158420553, 6.287936969460577 ], [ -75.542922176173789, 6.287936811072635 ], [ -75.542922812630991, 6.2879366967695 ], [ -75.542923481778374, 6.287936615759278 ], [ -75.542924176352429, 6.287936560844464 ], [ -75.542925035432816, 6.287936517786487 ], [ -75.542928596001261, 6.287936439881275 ], [ -75.542929494903461, 6.287936410191097 ], [ -75.542930391007147, 6.287936362432376 ], [ -75.542931280654173, 6.287936287581791 ], [ -75.542932161975926, 6.287936172990952 ], [ -75.54293303038439, 6.287936004216439 ], [ -75.542933825368507, 6.287935786977397 ], [ -75.542934607474493, 6.287935522787386 ], [ -75.54293538308427, 6.287935223368738 ], [ -75.542936915929701, 6.287934562237362 ], [ -75.542939205984396, 6.28793353396874 ], [ -75.542939973343607, 6.287933210179297 ], [ -75.542940746233953, 6.287932908965665 ], [ -75.542941527431992, 6.287932643875957 ], [ -75.542942320600233, 6.287932424837529 ], [ -75.542943040928705, 6.28793227757824 ], [ -75.542943771393936, 6.287932170954494 ], [ -75.542944508333377, 6.287932095038953 ], [ -75.542945251707522, 6.287932041694806 ], [ -75.542946752255048, 6.287931985569446 ], [ -75.542948563827935, 6.287931970423363 ], [ -75.542953090784749, 6.287931990882797 ], [ -75.542954858004904, 6.287931959678602 ], [ -75.542955715286965, 6.287931918437564 ], [ -75.542956545322113, 6.287931848397639 ], [ -75.542957335407976, 6.287931738771364 ], [ -75.542958071907904, 6.287931572447059 ], [ -75.542958733044586, 6.287931330544414 ], [ -75.542959294286092, 6.287930985155454 ], [ -75.542959737482477, 6.287930520094588 ], [ -75.542960101670658, 6.287929973144356 ], [ -75.542960443116456, 6.287929394660993 ], [ -75.542960808133472, 6.287928832336885 ], [ -75.542961248465389, 6.287928335646137 ], [ -75.542961803153545, 6.287927943275425 ], [ -75.542962457666547, 6.2879276399256 ], [ -75.542963185682979, 6.287927401313878 ], [ -75.542963966337851, 6.287927210363707 ], [ -75.542964786919995, 6.287927054479452 ], [ -75.542965634731502, 6.287926923777704 ], [ -75.542966501605321, 6.287926811065351 ], [ -75.542968269828222, 6.287926614404329 ], [ -75.542977258002239, 6.287925771424337 ], [ -75.542979947504875, 6.28792550156689 ], [ -75.542981718442775, 6.287925305796719 ], [ -75.542985215908686, 6.287924886445156 ], [ -75.542994820339032, 6.28792367701365 ], [ -75.542997440057846, 6.287923364098546 ], [ -75.542999188464265, 6.287923180191417 ], [ -75.54300006364133, 6.287923102698834 ], [ -75.543001839514446, 6.287922992794925 ], [ -75.543003643678674, 6.287922940616276 ], [ -75.543007255990474, 6.2879229121847 ], [ -75.543024953265217, 6.287922925498042 ], [ -75.543039059578987, 6.28792289842641 ], [ -75.543041702573788, 6.287922912685205 ], [ -75.543043459316081, 6.287922956572762 ], [ -75.54304433597683, 6.287922998415248 ], [ -75.543045209120109, 6.287923060165264 ], [ -75.543046080596952, 6.287923150854874 ], [ -75.543046951341651, 6.287923276808278 ], [ -75.543047819507592, 6.287923429897502 ], [ -75.543048685068399, 6.287923604698012 ], [ -75.543050410966529, 6.287923995009346 ], [ -75.543052133391114, 6.287924414269063 ], [ -75.543058154037624, 6.287925941839421 ], [ -75.543060736817139, 6.287926580226273 ], [ -75.543062463667155, 6.287926980478122 ], [ -75.543063329280699, 6.287927166127651 ], [ -75.543065071139324, 6.287927493977739 ], [ -75.543065946480866, 6.287927636182697 ], [ -75.543067704242844, 6.287927889818437 ], [ -75.543070345236515, 6.28792823589475 ], [ -75.543093281465119, 6.287931055373995 ], [ -75.543095027450249, 6.287931302738206 ], [ -75.543095890137792, 6.287931444100593 ], [ -75.543096742057543, 6.287931600885231 ], [ -75.543097580551603, 6.287931783954377 ], [ -75.543098398426821, 6.287932000575903 ], [ -75.543099189419905, 6.287932263437828 ], [ -75.543099945478104, 6.287932588853297 ], [ -75.543100599598574, 6.287932948216982 ], [ -75.543101864887049, 6.28793375304374 ], [ -75.543102513726922, 6.28793414136459 ], [ -75.543103263724049, 6.28793452105609 ], [ -75.543104046932484, 6.287934855380485 ], [ -75.54310485436956, 6.287935155230804 ], [ -75.543105680671147, 6.2879354323866 ], [ -75.543107368257566, 6.28793593408957 ], [ -75.543109083664817, 6.287936396780453 ], [ -75.543110812532902, 6.287936840419505 ], [ -75.543123825215645, 6.287940093350602 ], [ -75.543140290230923, 6.287944237201933 ], [ -75.543143764002338, 6.287945077388088 ], [ -75.54314550704143, 6.287945462190972 ], [ -75.543146388879194, 6.287945639624383 ], [ -75.543148156949357, 6.287945969154793 ], [ -75.543151706392294, 6.28794657661661 ], [ -75.543182787842738, 6.28795172792065 ], [ -75.543187232311723, 6.287952437710323 ], [ -75.543189907793831, 6.28795281526187 ], [ -75.54319258942931, 6.287953157523202 ], [ -75.543213169407409, 6.287955655754 ], [ -75.543215847468247, 6.287956006169565 ], [ -75.543217624279322, 6.287956275081862 ], [ -75.543218506910748, 6.287956429908558 ], [ -75.543219385121134, 6.287956604647165 ], [ -75.543220256239465, 6.287956807447664 ], [ -75.543221090435594, 6.287957035742941 ], [ -75.543221917513279, 6.287957286675562 ], [ -75.543224386351696, 6.287958091972098 ], [ -75.543225210749512, 6.287958349246525 ], [ -75.543226039563962, 6.287958585704952 ], [ -75.543226875461698, 6.287958792293329 ], [ -75.543227746421778, 6.287958962546659 ], [ -75.543228624438768, 6.287959097505407 ], [ -75.54322950775834, 6.287959208027416 ], [ -75.543230396406855, 6.287959299537198 ], [ -75.543233073781977, 6.287959508915053 ], [ -75.543255479685058, 6.287960855462454 ], [ -75.543259062594657, 6.287961098404748 ], [ -75.543261741899911, 6.287961333088099 ], [ -75.543263522859448, 6.287961526034897 ], [ -75.543267080436635, 6.287961948113974 ], [ -75.543331092822754, 6.287969812361509 ], [ -75.543334649531488, 6.287970241677165 ], [ -75.543337320135322, 6.28797054511471 ], [ -75.54334263652531, 6.287971065316136 ], [ -75.543366579020628, 6.287973265089664 ], [ -75.543380766016341, 6.287974593778334 ], [ -75.543382539549654, 6.287974746075957 ], [ -75.543384312955482, 6.287974872155054 ], [ -75.543386084294852, 6.287974944901789 ], [ -75.543386970705441, 6.287974947819538 ], [ -75.543387864190507, 6.287974919059049 ], [ -75.543388757556883, 6.287974865888196 ], [ -75.54339054404349, 6.287974708917606 ], [ -75.543393221654171, 6.287974409280319 ], [ -75.543401256752801, 6.287973419042389 ], [ -75.543404828316866, 6.287973001135493 ], [ -75.543407511537794, 6.287972740347497 ], [ -75.543409309020703, 6.28797261496713 ], [ -75.54341110754784, 6.287972518513131 ], [ -75.543414709291241, 6.287972360842529 ], [ -75.543448929553904, 6.287970973705871 ], [ -75.543451628785519, 6.287970846647769 ], [ -75.543453426347497, 6.287970737540814 ], [ -75.543454323253258, 6.287970668982771 ], [ -75.543456086124536, 6.287970486811906 ], [ -75.543457815305359, 6.287970251462634 ], [ -75.543460404762257, 6.287969847377601 ], [ -75.543465578030606, 6.287968993125426 ], [ -75.543468166632309, 6.287968598989699 ], [ -75.543469896808958, 6.287968382621823 ], [ -75.543470764730998, 6.287968299739144 ], [ -75.543471662571051, 6.28796823750529 ], [ -75.543473463936195, 6.287968167256424 ], [ -75.543475268214166, 6.28796813858234 ], [ -75.543477074400329, 6.287968130693491 ], [ -75.543496058416025, 6.287968158520516 ], [ -75.543506043028145, 6.287968205747892 ], [ -75.543508750998186, 6.287968203413942 ], [ -75.543510515449881, 6.287968160467914 ], [ -75.543511372705225, 6.287968113801426 ], [ -75.543512201814465, 6.287968039244594 ], [ -75.543512990978797, 6.287967926005562 ], [ -75.543513726565948, 6.287967757876734 ], [ -75.543514387693335, 6.287967514165299 ], [ -75.54351494714038, 6.287967171496929 ], [ -75.543515390358081, 6.287966710956206 ], [ -75.543515756396573, 6.287966173037884 ], [ -75.543516097916338, 6.287965609923885 ], [ -75.54351646395925, 6.287965072909649 ], [ -75.543516906268991, 6.287964611469238 ], [ -75.543517443180221, 6.287964279759897 ], [ -75.543518073617932, 6.287964042526616 ], [ -75.543518774870464, 6.287963874564952 ], [ -75.543519528787812, 6.287963759689292 ], [ -75.543520319939461, 6.287963683509012 ], [ -75.543521138324863, 6.287963633415314 ], [ -75.54352197668932, 6.287963604018828 ], [ -75.54352455625073, 6.287963580611341 ], [ -75.543531543754582, 6.287963630675802 ], [ -75.543535028753595, 6.287963620942442 ], [ -75.543536766094562, 6.287963577224209 ], [ -75.543537632411685, 6.287963535938208 ], [ -75.54353849773733, 6.287963476574858 ], [ -75.543539377387773, 6.287963390018528 ], [ -75.543540256046754, 6.287963285384852 ], [ -75.543542007754439, 6.287963037268143 ], [ -75.543544631448981, 6.287962613125646 ], [ -75.543557737604033, 6.287960374938906 ], [ -75.543560355701416, 6.287959914659262 ], [ -75.543562097995547, 6.287959588834994 ], [ -75.543562966381415, 6.287959415539054 ], [ -75.543564721973709, 6.287959037211735 ], [ -75.543567346591615, 6.287958431338869 ], [ -75.543606647216436, 6.287948977414652 ], [ -75.543609269983136, 6.287948362509523 ], [ -75.543611901110296, 6.287947794577325 ], [ -75.543613669650966, 6.287947477666216 ], [ -75.543615450192689, 6.287947213134976 ], [ -75.543618131179414, 6.287946864658348 ], [ -75.543624390944387, 6.287946095526006 ], [ -75.543626176104908, 6.287945851766721 ], [ -75.543627952045355, 6.28794557007978 ], [ -75.543628835826524, 6.287945403941666 ], [ -75.543630424408335, 6.287945056262836 ], [ -75.543634372715971, 6.287944072356704 ], [ -75.543635957556106, 6.287943698476944 ], [ -75.543637717740637, 6.287943335496913 ], [ -75.54363948713204, 6.28794300773229 ], [ -75.54364392357445, 6.287942252901331 ], [ -75.543674118970742, 6.287937256255185 ], [ -75.543677665144358, 6.287936634141738 ], [ -75.54367942182013, 6.287936292877268 ], [ -75.543681163012565, 6.287935926373151 ], [ -75.543684639822303, 6.287935161748256 ], [ -75.543702880079508, 6.287931076783993 ], [ -75.543705483976922, 6.287930483668926 ], [ -75.543708080518513, 6.287929864370531 ], [ -75.543709817714216, 6.287929419228367 ], [ -75.543712415702359, 6.287928725786019 ], [ -75.543727981479918, 6.287924469404125 ], [ -75.543730560199023, 6.287923715480265 ], [ -75.543732262541255, 6.287923163822946 ], [ -75.543733107705265, 6.287922860448233 ], [ -75.543734786997319, 6.28792221397175 ], [ -75.543738115390809, 6.287920844316587 ], [ -75.543753049546112, 6.287914537779313 ], [ -75.543766346415964, 6.287908968828725 ], [ -75.543767996464794, 6.287908254686439 ], [ -75.543769622867657, 6.287907509015473 ], [ -75.543770419695406, 6.287907113657013 ], [ -75.543771200145073, 6.287906694871468 ], [ -75.54377195785672, 6.287906245456949 ], [ -75.543772683737743, 6.287905753704319 ], [ -75.543773333628863, 6.287905243335374 ], [ -75.543773957141426, 6.287904696930556 ], [ -75.543774563381135, 6.287904128911222 ], [ -75.543776352107542, 6.28790238883491 ], [ -75.543776963825678, 6.287901832542307 ], [ -75.543777594676456, 6.287901308704463 ], [ -75.54377825647191, 6.287900830825467 ], [ -75.543778961002019, 6.287900407889001 ], [ -75.543779697393532, 6.287900033619276 ], [ -75.54378045654947, 6.287899695403034 ], [ -75.543781234807284, 6.287899383312936 ], [ -75.543782823188693, 6.287898808703545 ], [ -75.543786850919176, 6.287897434739131 ], [ -75.543787650033181, 6.28789713791733 ], [ -75.543788440936183, 6.287896824861551 ], [ -75.543789256054581, 6.287896474619427 ], [ -75.543790062944353, 6.287896104526983 ], [ -75.543791659367557, 6.28789532554994 ], [ -75.543793243890804, 6.287894514987045 ], [ -75.543795606999453, 6.287893273894253 ], [ -75.543807400602446, 6.287887016098751 ], [ -75.543821563717501, 6.287879533452994 ], [ -75.543823128191235, 6.287878687727433 ], [ -75.543824680822212, 6.287877822169166 ], [ -75.543826207947347, 6.287876914241981 ], [ -75.543826962789964, 6.287876432293492 ], [ -75.5438284496976, 6.28787542963074 ], [ -75.543831376159332, 6.287873348590726 ], [ -75.543843008247492, 6.287864907255605 ], [ -75.543889563000917, 6.287831183374442 ], [ -75.543892478536037, 6.287829085209416 ], [ -75.543893949038917, 6.287828053694989 ], [ -75.54389543684978, 6.287827051027771 ], [ -75.543896186270999, 6.287826569105633 ], [ -75.543898464575733, 6.287825169302453 ], [ -75.543901533273228, 6.287823351569311 ], [ -75.543922297498668, 6.287811158021542 ], [ -75.543924590365435, 6.287809779845992 ], [ -75.54392610287077, 6.287808838537846 ], [ -75.543926854085825, 6.287808353894615 ], [ -75.543929083168223, 6.287806865728423 ], [ -75.543931295863743, 6.287805352326994 ], [ -75.543951405978135, 6.287791501116746 ], [ -75.543962209841482, 6.287784060140298 ], [ -75.54397474202645, 6.287775464339284 ], [ -75.543976210792238, 6.287774447298946 ], [ -75.543977669553101, 6.287773416745705 ], [ -75.543979101062604, 6.287772356489581 ], [ -75.543979800459056, 6.287771807002843 ], [ -75.543980482595884, 6.287771238613869 ], [ -75.543981134836685, 6.287770654096509 ], [ -75.543981768914321, 6.28777005068133 ], [ -75.543983005265332, 6.287768806937372 ], [ -75.543984819335833, 6.2877668904363 ], [ -75.543991407880355, 6.287759780997502 ], [ -75.543996843555774, 6.287753988128943 ], [ -75.543998025430412, 6.287752690403733 ], [ -75.543998598711283, 6.287752033942182 ], [ -75.543999152986984, 6.287751371244424 ], [ -75.543999678283399, 6.287750695126135 ], [ -75.544000164652786, 6.287750003827539 ], [ -75.544000596704109, 6.287749291094848 ], [ -75.544000952704039, 6.287748547088659 ], [ -75.544001221695737, 6.287747748355518 ], [ -75.544001412833325, 6.287746919261798 ], [ -75.544001547837027, 6.287746066934575 ], [ -75.544001642097783, 6.287745197627676 ], [ -75.544001708295994, 6.287744317608136 ], [ -75.544001755475847, 6.287743428640097 ], [ -75.544001812728794, 6.287741638227189 ], [ -75.544001963963453, 6.287733533065389 ], [ -75.544002109552622, 6.287727239763791 ], [ -75.544003291886739, 6.28768144544978 ], [ -75.54400362394702, 6.287667975333892 ], [ -75.544003734799347, 6.287664386388907 ], [ -75.544003824575483, 6.287662594913536 ], [ -75.544003887992758, 6.287661700441801 ], [ -75.544003968590516, 6.287660808598732 ], [ -75.544004190446429, 6.287659049932273 ], [ -75.544004616786452, 6.287656419614009 ], [ -75.544004851722818, 6.28765512107492 ], [ -75.544008106714799, 6.287637172241186 ], [ -75.544008598162577, 6.287634552455233 ], [ -75.544008956563218, 6.287632815726643 ], [ -75.544009154762108, 6.287631952242437 ], [ -75.544009371970532, 6.287631095898528 ], [ -75.54400961541684, 6.287630246659752 ], [ -75.544009891452205, 6.287629409919808 ], [ -75.544010193729846, 6.28762858118905 ], [ -75.544010515008253, 6.287627757790434 ], [ -75.544010849861749, 6.287626938846271 ], [ -75.5440115467146, 6.28762530896273 ], [ -75.544017326975279, 6.287612337606355 ], [ -75.544024171509136, 6.287596925400746 ], [ -75.544025967926146, 6.287592865345391 ], [ -75.544027031295926, 6.287590424500499 ], [ -75.544027724516937, 6.287588791018231 ], [ -75.544028390583335, 6.287587147722993 ], [ -75.544028983770644, 6.287585568070149 ], [ -75.544030066963415, 6.287582558444735 ], [ -75.544030357039915, 6.287581821992437 ], [ -75.544030667051473, 6.287581097196478 ], [ -75.544031006068693, 6.287580391245561 ], [ -75.544031384052531, 6.287579708611737 ], [ -75.544031802862804, 6.287579060135212 ], [ -75.544032256104373, 6.287578431381437 ], [ -75.54403368466096, 6.287576578236962 ], [ -75.544034141490329, 6.287575944041062 ], [ -75.544034619525448, 6.287575211194122 ], [ -75.544035068546094, 6.287574457693987 ], [ -75.544035494894686, 6.287573687126167 ], [ -75.544036305866271, 6.287572112741712 ], [ -75.544037079665131, 6.287570512319111 ], [ -75.54403821360782, 6.287568091020992 ], [ -75.544043444305416, 6.287556751543501 ], [ -75.544056170901072, 6.287529235430142 ], [ -75.544057691269273, 6.287526009402541 ], [ -75.544058876766471, 6.287523598702724 ], [ -75.544060915631221, 6.287519598946327 ], [ -75.544075696342532, 6.287490847765196 ], [ -75.544078145050022, 6.28748602779545 ], [ -75.544081792565819, 6.287478747335161 ], [ -75.54408262340192, 6.287477170141687 ], [ -75.544083053412919, 6.287476409501259 ], [ -75.544083498030076, 6.287475679529369 ], [ -75.54408396636353, 6.28747499555154 ], [ -75.544084466637514, 6.287474376513947 ], [ -75.54408501343616, 6.287473848564773 ], [ -75.544085623190313, 6.28747344598006 ], [ -75.544086305076092, 6.287473197646628 ], [ -75.544087049005014, 6.287473072873921 ], [ -75.544087838559477, 6.287473040098082 ], [ -75.5440886609492, 6.28747307044994 ], [ -75.544089506151678, 6.287473146800224 ], [ -75.544090365960329, 6.28747325381906 ], [ -75.544092114767935, 6.287473524673415 ], [ -75.544100080181877, 6.28747492974991 ], [ -75.544106254820832, 6.28747598099836 ], [ -75.544137929469898, 6.2874812360493 ], [ -75.544143210464654, 6.287482097265302 ], [ -75.544145856235986, 6.287482497559991 ], [ -75.544147641948058, 6.287482739302982 ], [ -75.544154800642431, 6.287483620307468 ], [ -75.544156586301739, 6.287483851201404 ], [ -75.54415836306633, 6.287484111070084 ], [ -75.544159245665753, 6.287484259566789 ], [ -75.544160122037113, 6.287484427984211 ], [ -75.54416099131204, 6.287484623559415 ], [ -75.544161849021208, 6.287484856259367 ], [ -75.544162638171159, 6.287485111895843 ], [ -75.544163420237865, 6.287485397402372 ], [ -75.544165741464226, 6.287486320947551 ], [ -75.54416651725451, 6.287486616429824 ], [ -75.544167299250887, 6.287486887470966 ], [ -75.544168091010334, 6.287487122300242 ], [ -75.544168934990509, 6.287487318902718 ], [ -75.544169790505677, 6.287487472051814 ], [ -75.544170654897954, 6.287487592609815 ], [ -75.544171525505107, 6.28748769053484 ], [ -75.544172399647294, 6.287487772168717 ], [ -75.544174157707914, 6.287487901936855 ], [ -75.544176806809773, 6.287488058105972 ], [ -75.544184770106483, 6.287488470480671 ], [ -75.54418740932654, 6.287488638451267 ], [ -75.544189145842864, 6.287488797255714 ], [ -75.544190000225839, 6.287488903396682 ], [ -75.544190838490181, 6.287489039451697 ], [ -75.544191657065667, 6.287489214479226 ], [ -75.54419244879432, 6.287489442979847 ], [ -75.544193202035657, 6.287489746708845 ], [ -75.544193848878976, 6.287490096161329 ], [ -75.544194469770204, 6.287490497274334 ], [ -75.544195684732244, 6.287491358397941 ], [ -75.544196304772697, 6.28749177036438 ], [ -75.544196949905654, 6.287492139715563 ], [ -75.544197701489409, 6.287492474192293 ], [ -75.544198489806192, 6.287492744298479 ], [ -75.544199305899681, 6.287492966351702 ], [ -75.544200141704025, 6.28749315395283 ], [ -75.544200990933973, 6.287493315269463 ], [ -75.544202718964499, 6.287493587128673 ], [ -75.544205345502021, 6.287493934174306 ], [ -75.544217185622074, 6.287495386381546 ], [ -75.544215343291313, 6.287489076541577 ] ] ] } },
{ "type": "Feature", "properties": { "objectid": 699, "codigo": "0301-4", "nombre": "La Salle", "riesgo": "Alto riesgo no mitigable", "descripcion": "Zona de alto riesgo no mitigable por inundaciones", "tipo_amenaza": "Inundaciones", "categoria_proteccion": "Áreas de Amenaza y Riesgo", "subcategoria_proteccion": "Zona de riesgo no mitigable", "fecha_adopcion": "2014-12-17T00:00:00", "fecha_actualizacion": "2026-04-30T00:00:00", "st_area(shape)": 166.2129969187705, "st_perimeter(shape)": 248.94072396429434 }, "geometry": { "type": "Polygon", "coordinates": [ [ [ -75.544285376132621, 6.285896066138792 ], [ -75.54434190897598, 6.285880789961679 ], [ -75.544352009251782, 6.285878061014188 ], [ -75.544517447749257, 6.28583334577133 ], [ -75.544517847036303, 6.285833142211291 ], [ -75.544578705401506, 6.285802114382883 ], [ -75.544626000716391, 6.285718934033341 ], [ -75.544687376820463, 6.285610986713868 ], [ -75.544695886939692, 6.285596018461299 ], [ -75.544717201131562, 6.285577280122564 ], [ -75.544761139099336, 6.285547303874155 ], [ -75.544764502015369, 6.285548206073945 ], [ -75.544764864789045, 6.285548112088665 ], [ -75.544765655694405, 6.285547986183292 ], [ -75.544766491996484, 6.285547905262295 ], [ -75.544767360063076, 6.285547853118069 ], [ -75.544769154286442, 6.285547802793248 ], [ -75.544771901067008, 6.285547794844109 ], [ -75.544773718261311, 6.2855478230648 ], [ -75.544774608426081, 6.285547855799097 ], [ -75.544775476099119, 6.285547908533255 ], [ -75.544776312289045, 6.285547990352163 ], [ -75.544777102613978, 6.28554811669565 ], [ -75.544777829086712, 6.285548304829361 ], [ -75.544778468338365, 6.285548580182067 ], [ -75.544778985284864, 6.28554897456837 ], [ -75.544779329183029, 6.285549458399782 ], [ -75.544779573272137, 6.285550042168999 ], [ -75.544779745412384, 6.285550695000711 ], [ -75.544779870788517, 6.285551393265488 ], [ -75.544779999369823, 6.285552379020915 ], [ -75.544780155200101, 6.285553579821284 ], [ -75.544780279663897, 6.285554276282289 ], [ -75.544780451795361, 6.285554927305831 ], [ -75.544780694051028, 6.285555505659318 ], [ -75.544781034317452, 6.285555985891984 ], [ -75.544781548522579, 6.285556373962868 ], [ -75.544782183221386, 6.285556642104884 ], [ -75.544782904233344, 6.285556822128181 ], [ -75.544783689088703, 6.2855569385531 ], [ -75.544784518001961, 6.285557010462234 ], [ -75.544785377490427, 6.285557052386944 ], [ -75.544786258562652, 6.285557073412073 ], [ -75.544789872928362, 6.285557100115257 ], [ -75.544791690236991, 6.285557151842108 ], [ -75.544792594977068, 6.285557208916301 ], [ -75.544793494445386, 6.285557296755818 ], [ -75.544794300972455, 6.285557410362882 ], [ -75.544794376018828, 6.285557420846777 ], [ -75.544795254136403, 6.28555757750243 ], [ -75.544796998920134, 6.285557951444717 ], [ -75.54479960158524, 6.285558594250515 ], [ -75.544811688683708, 6.285561791994599 ], [ -75.544815134843972, 6.285562718199574 ], [ -75.544816852141238, 6.285563199864407 ], [ -75.544818559649073, 6.285563712316575 ], [ -75.544819395858767, 6.285563983997908 ], [ -75.544821060273804, 6.285564553618654 ], [ -75.544824370397777, 6.285565748101776 ], [ -75.544835106738404, 6.285569701927259 ], [ -75.544837593999134, 6.285570582170934 ], [ -75.544840137984892, 6.285571421453557 ], [ -75.544844439922741, 6.285572741298827 ], [ -75.544867708102799, 6.285579746043555 ], [ -75.544884939889428, 6.28558495116941 ], [ -75.544886666354031, 6.285585459912555 ], [ -75.544888398151926, 6.28558595054757 ], [ -75.544890137896985, 6.285586403171376 ], [ -75.544890986400077, 6.28558660155998 ], [ -75.544892691379843, 6.285586965750508 ], [ -75.544894403464781, 6.285587304591414 ], [ -75.544904733506257, 6.285589276781368 ], [ -75.54490732541035, 6.285589750570793 ], [ -75.54490904345073, 6.285590013437602 ], [ -75.544909895079925, 6.285590111455027 ], [ -75.544910740204102, 6.285590172435692 ], [ -75.54491157242812, 6.285590181945057 ], [ -75.544912386238451, 6.285590121023675 ], [ -75.544913176090731, 6.285589964383538 ], [ -75.544913914812881, 6.285589698595364 ], [ -75.544914628695452, 6.285589341613258 ], [ -75.544915324177509, 6.285588916912695 ], [ -75.544916003154043, 6.285588442566566 ], [ -75.544916667515707, 6.285587935743732 ], [ -75.544917315494985, 6.285587404589769 ], [ -75.544917942626924, 6.28558685997571 ], [ -75.544918543529917, 6.285586310064692 ], [ -75.54491910829141, 6.285585760329674 ], [ -75.544919621586416, 6.285585218078121 ], [ -75.544920061765239, 6.285584690648299 ], [ -75.544920401752506, 6.285584184500802 ], [ -75.544920603656848, 6.285583711573527 ], [ -75.544920621441776, 6.285583281131731 ], [ -75.544920400881864, 6.285582890727095 ], [ -75.544919982667082, 6.285582546490265 ], [ -75.5449194182507, 6.285582238225524 ], [ -75.544918751857665, 6.285581955772329 ], [ -75.544918009651056, 6.285581690866334 ], [ -75.544917218710552, 6.285581437951027 ], [ -75.544916392580461, 6.285581195152247 ], [ -75.544914683472172, 6.285580725201322 ], [ -75.544905116045129, 6.285578197792578 ], [ -75.544888003598317, 6.285573564386429 ], [ -75.544883742088871, 6.28557238267316 ], [ -75.54488204458147, 6.28557188283007 ], [ -75.544881201187451, 6.285571620224914 ], [ -75.544880362253963, 6.285571345844642 ], [ -75.544878693294848, 6.285570770821593 ], [ -75.544876199630224, 6.285569874335398 ], [ -75.544863766912229, 6.285565281429629 ], [ -75.544860446757028, 6.285564068009373 ], [ -75.544857946886367, 6.28556319596418 ], [ -75.544856265484412, 6.285562663494678 ], [ -75.544855419480911, 6.285562421696665 ], [ -75.544853715022242, 6.285561978846071 ], [ -75.544850283885808, 6.285561169198113 ], [ -75.544839957551204, 6.285558844386741 ], [ -75.544829618672608, 6.285556541334802 ], [ -75.544827911666019, 6.285556131948506 ], [ -75.544827066671601, 6.285555911844089 ], [ -75.544826231536931, 6.285555675417736 ], [ -75.544825410753347, 6.285555417222908 ], [ -75.544824608790179, 6.285555127292695 ], [ -75.54482383191062, 6.285554792939065 ], [ -75.54482309179032, 6.285554399639456 ], [ -75.544822455444944, 6.28555397871133 ], [ -75.544821847792917, 6.285553512438106 ], [ -75.544821258048998, 6.285553012625728 ], [ -75.544819519203315, 6.28555144432842 ], [ -75.544818924906522, 6.285550937305322 ], [ -75.544818309052332, 6.285550456606313 ], [ -75.544817599186274, 6.285549967323985 ], [ -75.544816860587289, 6.285549515249955 ], [ -75.544816101343216, 6.285549091303785 ], [ -75.544815326835746, 6.285548687322299 ], [ -75.544814541556178, 6.285548297858975 ], [ -75.544812949448414, 6.285547547064581 ], [ -75.544810536165784, 6.285546457611664 ], [ -75.544799228088891, 6.285541433393371 ], [ -75.544795989228078, 6.285540028810054 ], [ -75.544794354181406, 6.2855393668272 ], [ -75.544793529528704, 6.285539056212905 ], [ -75.544792699547116, 6.285538764610833 ], [ -75.544791023526869, 6.285538223977887 ], [ -75.544789335010975, 6.285537715049557 ], [ -75.544774916696312, 6.28553358115028 ], [ -75.544772367913808, 6.285532870273869 ], [ -75.544770663446428, 6.285532425614767 ], [ -75.544768946571324, 6.285532030742009 ], [ -75.544767180344579, 6.285531706629911 ], [ -75.544765403521595, 6.285531433199443 ], [ -75.544762726291609, 6.285531064701067 ], [ -75.544759147759848, 6.285530602947368 ], [ -75.54475645998636, 6.285530295979611 ], [ -75.544755564162998, 6.285530214451021 ], [ -75.544754668431935, 6.285530151908226 ], [ -75.544753773731912, 6.285530115579538 ], [ -75.544752880124491, 6.285530118122163 ], [ -75.544752035523516, 6.285530164727448 ], [ -75.544751194708169, 6.285530246574509 ], [ -75.544750355840577, 6.285530357343533 ], [ -75.544749521596174, 6.285530489788627 ], [ -75.544748691970582, 6.285530643005708 ], [ -75.544747870564777, 6.285530814264924 ], [ -75.544747061010455, 6.285531007165016 ], [ -75.544746266934993, 6.285531224400644 ], [ -75.544745496514153, 6.285531474973096 ], [ -75.544744756121105, 6.28553176879651 ], [ -75.54474405937043, 6.285532118462119 ], [ -75.544743420824261, 6.285532545597605 ], [ -75.544742842395195, 6.285533071892236 ], [ -75.544742323973296, 6.285533674743845 ], [ -75.544741847386703, 6.285534333446464 ], [ -75.544741400814701, 6.285535032687776 ], [ -75.544740974243609, 6.285535757146731 ], [ -75.544739313536255, 6.285538737034437 ], [ -75.544738875219167, 6.285539461550563 ], [ -75.544738411484346, 6.285540161779561 ], [ -75.544737913234826, 6.285540825108169 ], [ -75.544737364149796, 6.285541439862484 ], [ -75.544736773145914, 6.285541981588179 ], [ -75.544736135828614, 6.285542475621636 ], [ -75.544735464917736, 6.285542936366676 ], [ -75.544734770400567, 6.285543373719856 ], [ -75.54473192057435, 6.285545045728664 ], [ -75.544731226052789, 6.285545482177758 ], [ -75.544730554229574, 6.285545941119024 ], [ -75.544729916899058, 6.285546432440224 ], [ -75.544729324978448, 6.285546971458043 ], [ -75.544728789345342, 6.285547565352386 ], [ -75.544728299122127, 6.28554820694333 ], [ -75.544727843391613, 6.285548880914227 ], [ -75.544727411267388, 6.285549578276983 ], [ -75.544726992766556, 6.285550290039142 ], [ -75.544725755413992, 6.285552441511163 ], [ -75.544725324197699, 6.285553139773604 ], [ -75.544724869379507, 6.285553815548272 ], [ -75.544724382774831, 6.285554458025722 ], [ -75.544723848953197, 6.285555052815352 ], [ -75.544723230935475, 6.285555613658814 ], [ -75.54472256116992, 6.285556124124195 ], [ -75.544721854174668, 6.285556596798331 ], [ -75.544721120840521, 6.285557041573345 ], [ -75.544720366628297, 6.285557466559659 ], [ -75.544719597893518, 6.285557878055053 ], [ -75.544717247174034, 6.285559063032042 ], [ -75.54471328178856, 6.285560990005963 ], [ -75.544711706168158, 6.28556177159355 ], [ -75.544710156877855, 6.285562579272036 ], [ -75.544709399941794, 6.285563001559267 ], [ -75.544708662980298, 6.285563443639631 ], [ -75.544707954160359, 6.285563912706198 ], [ -75.544707281666561, 6.285564419568414 ], [ -75.54470666092503, 6.28556497771281 ], [ -75.544706102835306, 6.285565598839719 ], [ -75.544705596493458, 6.285566270344694 ], [ -75.544705127385697, 6.285566980545034 ], [ -75.544704685515967, 6.285567717735976 ], [ -75.544704263625164, 6.285568475624123 ], [ -75.544703456152149, 6.28557002557974 ], [ -75.544702674110084, 6.285571602534775 ], [ -75.54470035793247, 6.285576360377293 ], [ -75.544699564087239, 6.285577925636384 ], [ -75.544699153999588, 6.285578695220464 ], [ -75.544698731200839, 6.285579452208943 ], [ -75.544698289335486, 6.285580190303972 ], [ -75.544697821140034, 6.285580902308069 ], [ -75.544697318434288, 6.28558157831589 ], [ -75.544696764897424, 6.285582206653499 ], [ -75.544696181143749, 6.285582752864395 ], [ -75.544695556519827, 6.285583255877133 ], [ -75.544694901947281, 6.285583731912429 ], [ -75.544692886437815, 6.28558510059942 ], [ -75.544692230930934, 6.285585570310522 ], [ -75.544691601736574, 6.285586062496201 ], [ -75.544689828421298, 6.285587625291257 ], [ -75.544689209990224, 6.285588101150586 ], [ -75.54468855781613, 6.285588512982578 ], [ -75.54468786926752, 6.285588877073939 ], [ -75.544687152550964, 6.285589208754568 ], [ -75.544686417649331, 6.285589517016939 ], [ -75.544684186583609, 6.285590409384509 ], [ -75.544683458954239, 6.285590726652532 ], [ -75.544682753141686, 6.285591070937589 ], [ -75.544682080966638, 6.285591457551916 ], [ -75.544681456052544, 6.285591900894947 ], [ -75.544680836254031, 6.285592467171718 ], [ -75.544680271905463, 6.285593101890689 ], [ -75.544679749361421, 6.285593786132067 ], [ -75.544679255007324, 6.285594507304616 ], [ -75.544678781553273, 6.285595252786308 ], [ -75.544677872835564, 6.285596793289681 ], [ -75.544676989570789, 6.285598365312899 ], [ -75.544671749976033, 6.285607871296961 ], [ -75.544659888605423, 6.285629167442062 ], [ -75.544658554650781, 6.285631521000473 ], [ -75.544657638744241, 6.28563306967583 ], [ -75.544657166277219, 6.285633832330776 ], [ -75.544656679287641, 6.285634581494801 ], [ -75.544656170538417, 6.285635315394945 ], [ -75.544655632761661, 6.285636025929604 ], [ -75.544655128813773, 6.285636632327177 ], [ -75.544654604908899, 6.285637222547969 ], [ -75.544652994170718, 6.285638958140163 ], [ -75.544652471147401, 6.285639543836131 ], [ -75.54465196898019, 6.28564014480038 ], [ -75.544651498551119, 6.285640769116915 ], [ -75.544651024079172, 6.285641491096759 ], [ -75.544650589507953, 6.285642242717907 ], [ -75.544650184854603, 6.285643014987873 ], [ -75.544649801052969, 6.285643801622032 ], [ -75.544649432668635, 6.285644599934527 ], [ -75.544648380101052, 6.285647031684428 ], [ -75.544641283244104, 6.285664249709249 ], [ -75.544639909438771, 6.285667512994116 ], [ -75.544639184455605, 6.285669117698708 ], [ -75.544638802465428, 6.285669905228159 ], [ -75.544638397812065, 6.285670677498131 ], [ -75.544637963240817, 6.285671429119287 ], [ -75.544637488768828, 6.285672151099134 ], [ -75.544637017431782, 6.28567277451599 ], [ -75.544636514356597, 6.285673374580556 ], [ -75.54463598862263, 6.285673960289726 ], [ -75.544634360659927, 6.285675684212378 ], [ -75.544633824074694, 6.285676268166166 ], [ -75.544633302911166, 6.285676864702375 ], [ -75.544632744256276, 6.285677555448319 ], [ -75.544632206479463, 6.285678265983001 ], [ -75.544631685940217, 6.285678990899457 ], [ -75.544630677529781, 6.285680469504802 ], [ -75.544629210271239, 6.285682724260404 ], [ -75.54461959608517, 6.28569789588816 ], [ -75.54461811522954, 6.285700141668872 ], [ -75.544617084138267, 6.285701601398382 ], [ -75.544616541830536, 6.285702309242791 ], [ -75.54461597502177, 6.285702995507903 ], [ -75.544615401646439, 6.285703632079059 ], [ -75.544614803783261, 6.285704249783174 ], [ -75.544614192296663, 6.2857048530879 ], [ -75.544611699124488, 6.285707216810771 ], [ -75.544611093936268, 6.285707814660178 ], [ -75.544610509582185, 6.28570842325744 ], [ -75.544609956040716, 6.285709050690951 ], [ -75.544609444185085, 6.285709703236529 ], [ -75.544608993037954, 6.28571039074673 ], [ -75.544608598279481, 6.285711153927452 ], [ -75.544608268764776, 6.285711955667141 ], [ -75.544607985462406, 6.28571278430509 ], [ -75.544607735687663, 6.285713632670157 ], [ -75.544607509475242, 6.285714495386242 ], [ -75.544607101438061, 6.285716244109095 ], [ -75.544604499863354, 6.285728646668522 ], [ -75.544600532261896, 6.285747212852826 ], [ -75.544598284323015, 6.285757828077693 ], [ -75.544597890812781, 6.285759591195552 ], [ -75.544597465617173, 6.28576134181019 ], [ -75.544597230386955, 6.285762208186614 ], [ -75.544596972528709, 6.285763066536233 ], [ -75.544596681182412, 6.285763913295515 ], [ -75.544596351799584, 6.285764742157811 ], [ -75.544595989832231, 6.285765559425355 ], [ -75.54459560614039, 6.285766368661712 ], [ -75.544595203443478, 6.285767171661839 ], [ -75.544594369982818, 6.285768766045329 ], [ -75.544590489543239, 6.285775898458246 ], [ -75.544588798243936, 6.285779090960365 ], [ -75.544587984757811, 6.285780705136982 ], [ -75.544587596521893, 6.285781508970811 ], [ -75.544585355802553, 6.285786362281622 ], [ -75.544584586435903, 6.285787944599665 ], [ -75.544584179948956, 6.285788711453932 ], [ -75.544583750746071, 6.285789452199664 ], [ -75.544583289734675, 6.285790155127749 ], [ -75.544582781484323, 6.28579080584758 ], [ -75.544582210538138, 6.285791384544024 ], [ -75.544581574970309, 6.285791866815551 ], [ -75.544580877623375, 6.285792279771564 ], [ -75.544580134853334, 6.285792642318709 ], [ -75.54457936117835, 6.285792967043775 ], [ -75.544578562984739, 6.285793266573203 ], [ -75.544576924784138, 6.285793814301476 ], [ -75.544571062126764, 6.285795597718266 ], [ -75.544569393126736, 6.285796129322546 ], [ -75.544567737842428, 6.285796694312027 ], [ -75.544566928797536, 6.285796992086062 ], [ -75.544565319892627, 6.285797618329058 ], [ -75.544558141074091, 6.285800583493883 ], [ -75.54455653760796, 6.285801213326823 ], [ -75.544555730378917, 6.285801512900201 ], [ -75.544554918557452, 6.28580179712613 ], [ -75.544554088586082, 6.285802065166461 ], [ -75.544552416686315, 6.28580255790818 ], [ -75.544549888212515, 6.285803236545935 ], [ -75.544543969194834, 6.285804764374396 ], [ -75.544541445317819, 6.285805459263668 ], [ -75.54453975365449, 6.285805975608392 ], [ -75.544538053193179, 6.285806540817755 ], [ -75.544533825453783, 6.285808030576319 ], [ -75.544504280832982, 6.285818615959096 ], [ -75.54449241670325, 6.285822809109876 ], [ -75.544490729102336, 6.285823417653701 ], [ -75.544489066923589, 6.285824051388764 ], [ -75.544488253532322, 6.285824384444069 ], [ -75.544487459216484, 6.285824738201 ], [ -75.544486693042231, 6.285825118944144 ], [ -75.54448596680389, 6.285825536561268 ], [ -75.544485294124897, 6.285826005451796 ], [ -75.544484694071869, 6.285826544509153 ], [ -75.544484178461147, 6.285827168141543 ], [ -75.544483732726192, 6.285827853817177 ], [ -75.544483326922787, 6.285828575462724 ], [ -75.54448255243139, 6.28583003303882 ], [ -75.544482139228222, 6.285830719460178 ], [ -75.544481678737711, 6.28583134372832 ], [ -75.544481143677885, 6.285831869811747 ], [ -75.544480511345967, 6.285832274314174 ], [ -75.544479798093562, 6.28583257523817 ], [ -75.544479026649839, 6.285832801404529 ], [ -75.544478212480414, 6.285832974436524 ], [ -75.544477368305209, 6.285833108737962 ], [ -75.544476501414039, 6.285833216930858 ], [ -75.544475621776627, 6.285833305295454 ], [ -75.544472933809516, 6.285833516381557 ], [ -75.544463904823772, 6.28583413263974 ], [ -75.544461208751159, 6.285834349189886 ], [ -75.544459418760397, 6.285834526972657 ], [ -75.54445852837722, 6.285834635279914 ], [ -75.544457640801355, 6.28583476346386 ], [ -75.544456759690959, 6.285834920547797 ], [ -75.544455889585677, 6.285835111030122 ], [ -75.544455025029109, 6.285835327704584 ], [ -75.544453307031006, 6.285835817054053 ], [ -75.54445074392541, 6.285836620626942 ], [ -75.544437108291973, 6.285841077359792 ], [ -75.54439192581647, 6.285855763054524 ], [ -75.544378289238367, 6.285860211653856 ], [ -75.54437572983889, 6.285861034194693 ], [ -75.544374018354318, 6.285861562388896 ], [ -75.544372297662932, 6.285862055367716 ], [ -75.544371431329935, 6.285862278379465 ], [ -75.54437058565523, 6.285862475975626 ], [ -75.54436888323913, 6.285862825112296 ], [ -75.54436717161623, 6.285863139033582 ], [ -75.544365454484137, 6.285863434899521 ], [ -75.544356844949263, 6.285864835687982 ], [ -75.544354273755616, 6.285865276752589 ], [ -75.544352585730181, 6.285865612257542 ], [ -75.544351757200687, 6.285865805249676 ], [ -75.544350944167633, 6.285866026193685 ], [ -75.544350153903281, 6.285866284095294 ], [ -75.544349395513336, 6.285866593375879 ], [ -75.544348677217599, 6.285866972077583 ], [ -75.544348000924202, 6.2858674409856 ], [ -75.544347366518892, 6.285867976593668 ], [ -75.544346758549196, 6.285868559990782 ], [ -75.544344989353519, 6.285870412984038 ], [ -75.54434438690177, 6.285871016244661 ], [ -75.544343759891788, 6.285871586172837 ], [ -75.544343096494131, 6.285872105648115 ], [ -75.544342369571808, 6.285872568473845 ], [ -75.544341602616839, 6.285872974535677 ], [ -75.544340806542039, 6.285873338246186 ], [ -75.544339987729302, 6.285873671327721 ], [ -75.544338310970318, 6.285874279818406 ], [ -75.544335745325, 6.28587511866344 ], [ -75.544324543788889, 6.28587862779243 ], [ -75.544306486849308, 6.285884347387176 ], [ -75.544296172422705, 6.285887632498775 ], [ -75.544287579485612, 6.285890402929142 ], [ -75.544285859013726, 6.285890941112085 ], [ -75.544284137440485, 6.285891438615511 ], [ -75.544283273817953, 6.285891661613952 ], [ -75.544282408243291, 6.285891854786331 ], [ -75.544281539764583, 6.285892008192094 ], [ -75.544280667394787, 6.28589210465799 ], [ -75.544279791989055, 6.285892134234684 ], [ -75.544278911793086, 6.285892107779994 ], [ -75.544278029592206, 6.285892040650205 ], [ -75.544277144544466, 6.285891945506922 ], [ -75.544276258492076, 6.285891829574046 ], [ -75.544273595500684, 6.285891416703156 ], [ -75.54426470260789, 6.28588991849129 ], [ -75.544255801816263, 6.285888468235434 ], [ -75.544254030280896, 6.285888167654615 ], [ -75.544252275798499, 6.285887843483971 ], [ -75.544251411127689, 6.285887665063493 ], [ -75.544250559922062, 6.285887468495316 ], [ -75.544249726668511, 6.285887247428818 ], [ -75.544248917643458, 6.285886991888272 ], [ -75.544248144535743, 6.28588669006336 ], [ -75.544247418113116, 6.285886326531833 ], [ -75.544246786368618, 6.285885922758645 ], [ -75.54424557588068, 6.285885051666693 ], [ -75.544244943281015, 6.285884657842852 ], [ -75.544244215134825, 6.285884311497749 ], [ -75.544243440334355, 6.285884033187886 ], [ -75.544242629634098, 6.28588380477873 ], [ -75.54424179381499, 6.285883613560269 ], [ -75.544240939149063, 6.285883448652696 ], [ -75.544240071031155, 6.28588330460509 ], [ -75.544238310562463, 6.285883050079832 ], [ -75.544235638010193, 6.285882715008555 ], [ -75.544227586243082, 6.285881756070206 ], [ -75.544225805076508, 6.285881518823718 ], [ -75.544224035466925, 6.285881242644316 ], [ -75.5442231573046, 6.285881076946986 ], [ -75.544222288949314, 6.285880884078666 ], [ -75.54422143125187, 6.28588065318592 ], [ -75.544220598642511, 6.285880378773861 ], [ -75.544219777603317, 6.285880068141149 ], [ -75.544218963660555, 6.28587973035066 ], [ -75.544217351783757, 6.285879002253465 ], [ -75.544215750556035, 6.285878234323652 ], [ -75.54421336390314, 6.2858770470948 ], [ -75.54421179138204, 6.285876236532151 ], [ -75.54421025394069, 6.28587539325084 ], [ -75.544209510871966, 6.285874951142874 ], [ -75.544208792996812, 6.285874487213675 ], [ -75.544208112021678, 6.285873993269276 ], [ -75.544207481442498, 6.285873457490578 ], [ -75.544206918356167, 6.285872865328614 ], [ -75.544206478129112, 6.285872268048014 ], [ -75.544206089197132, 6.285871628024633 ], [ -75.544205737173968, 6.285870959794239 ], [ -75.544205074580518, 6.285869600528925 ], [ -75.544204736132428, 6.285868936752979 ], [ -75.544204371626762, 6.285868302939447 ], [ -75.544203963984231, 6.285867717253637 ], [ -75.544203495226384, 6.285867198769322 ], [ -75.544202886635432, 6.285866725267025 ], [ -75.544202199845472, 6.285866336227461 ], [ -75.544201456435886, 6.285866009846958 ], [ -75.544200669871842, 6.285865727977851 ], [ -75.544199854552815, 6.285865478796591 ], [ -75.544199017654364, 6.285865251418987 ], [ -75.544198165479273, 6.28586504129379 ], [ -75.544195566698718, 6.285864454521102 ], [ -75.544185949149053, 6.285862398384151 ], [ -75.544181594771587, 6.285861444048683 ], [ -75.544179868802445, 6.285861037465091 ], [ -75.54417901478071, 6.285860819211886 ], [ -75.544178169724049, 6.285860586449301 ], [ -75.544177336307897, 6.285860331931456 ], [ -75.544176521720985, 6.285860047486382 ], [ -75.5441757313274, 6.28585972133455 ], [ -75.544174973193066, 6.285859339875111 ], [ -75.544174270814366, 6.285858903897743 ], [ -75.544173594422915, 6.285858423492581 ], [ -75.544172262170818, 6.285857411048164 ], [ -75.544171578498307, 6.285856919829146 ], [ -75.544170847929706, 6.28585644692058 ], [ -75.544170092207082, 6.285856003970027 ], [ -75.544169320335058, 6.285855584604892 ], [ -75.544168533182003, 6.285855181588094 ], [ -75.544166934643002, 6.285854409124451 ], [ -75.544165316358033, 6.285853663880173 ], [ -75.544162872327192, 6.285852569149331 ], [ -75.544147359102311, 6.285845692075551 ], [ -75.544144260419756, 6.285844313929117 ], [ -75.544129411724327, 6.285837707564498 ], [ -75.544126958741714, 6.285836630055047 ], [ -75.544125317180203, 6.285835929225212 ], [ -75.544123664026543, 6.285835260095563 ], [ -75.54412282851321, 6.285834945916678 ], [ -75.544122024768797, 6.285834661418711 ], [ -75.544120403898333, 6.285834127748123 ], [ -75.544114683169539, 6.285832395297314 ], [ -75.544113067781836, 6.285831874257533 ], [ -75.544112272200039, 6.28583159604856 ], [ -75.544111490070222, 6.285831296979635 ], [ -75.544110724975766, 6.285830970704517 ], [ -75.544109984995799, 6.285830606334616 ], [ -75.544109277292634, 6.285830190273438 ], [ -75.544108650762908, 6.285829743981551 ], [ -75.544108052023091, 6.285829252348971 ], [ -75.544107476608232, 6.285828726246731 ], [ -75.544106915535707, 6.285828176567883 ], [ -75.544105822992066, 6.285827032764771 ], [ -75.544103668418501, 6.285824702516917 ], [ -75.544102622696229, 6.285823525033861 ], [ -75.544101558410873, 6.285822246381073 ], [ -75.544101014175936, 6.285821628812123 ], [ -75.544100437580639, 6.285821045756816 ], [ -75.544099787049021, 6.285820494705195 ], [ -75.544099093362959, 6.28581998816495 ], [ -75.544098368224468, 6.285819517038014 ], [ -75.544097617901187, 6.285819069540478 ], [ -75.544096074117746, 6.285818222673133 ], [ -75.544094497074795, 6.285817411227907 ], [ -75.544084112744486, 6.285812265867142 ], [ -75.544071359674419, 6.285805900641241 ], [ -75.544061800226217, 6.285801112907805 ], [ -75.544052248764913, 6.285796295299693 ], [ -75.544050650217386, 6.28579552102738 ], [ -75.544049846958998, 6.285795150636615 ], [ -75.5440490383629, 6.285794797449891 ], [ -75.544048222670355, 6.285794471420957 ], [ -75.544047399920942, 6.285794180686582 ], [ -75.544046562947855, 6.285793937939178 ], [ -75.544045710005591, 6.28579375584475 ], [ -75.544044843751976, 6.285793623541083 ], [ -75.544043968630035, 6.285793525636667 ], [ -75.544043086407228, 6.285793453985975 ], [ -75.544041311360914, 6.285793360462102 ], [ -75.544038633706009, 6.285793276756505 ], [ -75.54403148029742, 6.285793106344368 ], [ -75.544025225940388, 6.285792937884627 ], [ -75.54399843162777, 6.285792164201077 ], [ -75.543995752301981, 6.285792108530726 ], [ -75.543994271327591, 6.285792100369657 ], [ -75.544004307138081, 6.285796926470766 ], [ -75.544025142257752, 6.285806948352398 ], [ -75.544025828201754, 6.285806977561345 ], [ -75.54402847989148, 6.285807110215232 ], [ -75.544030241542998, 6.285807236352221 ], [ -75.544031117507004, 6.285807321595026 ], [ -75.544031989067577, 6.28580743036607 ], [ -75.544032856259918, 6.285807569898068 ], [ -75.544033717312075, 6.285807747432484 ], [ -75.544034572202122, 6.285807958448905 ], [ -75.544035424487035, 6.285808191176582 ], [ -75.544037118434161, 6.285808701889089 ], [ -75.544038807118298, 6.285809245175081 ], [ -75.544052292877254, 6.285813731715064 ], [ -75.544063290338642, 6.285817310888984 ], [ -75.544064964711254, 6.285817884080119 ], [ -75.544065791132013, 6.285818186549979 ], [ -75.544066603170876, 6.285818504459675 ], [ -75.544067396354123, 6.285818846872081 ], [ -75.544068163492994, 6.285819221959154 ], [ -75.544068893819727, 6.285819645143151 ], [ -75.544069574755156, 6.285820130951048 ], [ -75.544070196448232, 6.285820697512926 ], [ -75.54407076785084, 6.285821327607186 ], [ -75.544071302436947, 6.285822004894288 ], [ -75.544071810075138, 6.285822714860436 ], [ -75.544072780464703, 6.285824194682399 ], [ -75.544074198289437, 6.285826453475792 ], [ -75.544074679852486, 6.285827189788004 ], [ -75.54407517486753, 6.285827905240266 ], [ -75.544075689602167, 6.28582858804863 ], [ -75.544076233929403, 6.28582922460342 ], [ -75.544076818603799, 6.285829796770138 ], [ -75.544077458862418, 6.285830279159579 ], [ -75.544078146437172, 6.285830643784631 ], [ -75.544078886008379, 6.285830924074524 ], [ -75.544079665931108, 6.285831140880414 ], [ -75.544080474542909, 6.285831311437144 ], [ -75.5440813028831, 6.285831451158149 ], [ -75.544082147368314, 6.285831566389649 ], [ -75.54408385963734, 6.285831756958473 ], [ -75.544087311079323, 6.285832096376169 ], [ -75.54408901531761, 6.285832307778569 ], [ -75.544089851754478, 6.285832440227275 ], [ -75.544090673875402, 6.285832601677146 ], [ -75.544091474500419, 6.285832802108304 ], [ -75.544092245576778, 6.285833057833885 ], [ -75.544092978152619, 6.285833386075524 ], [ -75.544093668697343, 6.285833804028483 ], [ -75.544094323430173, 6.285834289963862 ], [ -75.544094956702267, 6.285834822113228 ], [ -75.544096209974683, 6.285835944339484 ], [ -75.544096853304382, 6.285836500850798 ], [ -75.544097540876706, 6.285837050818 ], [ -75.544098250028441, 6.285837578981565 ], [ -75.544098975364776, 6.285838090792391 ], [ -75.5441004611084, 6.285839079887201 ], [ -75.544101972014843, 6.285840040832177 ], [ -75.544104260385936, 6.285841456375394 ], [ -75.544113617342376, 6.28584715372195 ], [ -75.544140038489289, 6.285857406076073 ], [ -75.544142456460619, 6.285858344523198 ], [ -75.544176050944742, 6.285871379156445 ], [ -75.544196560693536, 6.285879337629797 ], [ -75.544215561355841, 6.285886709449465 ], [ -75.544226785773176, 6.285891065046953 ], [ -75.544285376132621, 6.285896066138792 ] ] ] } },
{ "type": "Feature", "properties": { "objectid": 700, "codigo": "0107-5", "nombre": "San Pablo", "riesgo": "Alto riesgo no mitigable", "descripcion": "Zona de alto riesgo no mitigable por inundaciones", "tipo_amenaza": "Inundaciones", "categoria_proteccion": "Áreas de Amenaza y Riesgo", "subcategoria_proteccion": "Zona de riesgo no mitigable", "fecha_adopcion": "2014-12-17T00:00:00", "fecha_actualizacion": "2026-04-30T00:00:00", "st_area(shape)": 94.667578160077795, "st_perimeter(shape)": 183.27903543956103 }, "geometry": { "type": "Polygon", "coordinates": [ [ [ -75.544212683936479, 6.285900175680709 ], [ -75.544213320279809, 6.285900781951767 ], [ -75.544213966478551, 6.285901370996774 ], [ -75.544214625177361, 6.285901929241271 ], [ -75.544215301757944, 6.28590244852207 ], [ -75.544216003365051, 6.285902911626331 ], [ -75.544216738025042, 6.28590329681639 ], [ -75.544217521940084, 6.285903591355868 ], [ -75.544218340715062, 6.285903807972345 ], [ -75.544219183613066, 6.285903968416701 ], [ -75.5442200443796, 6.285904087185085 ], [ -75.544220918562971, 6.285904177860817 ], [ -75.544221801685012, 6.285904248602656 ], [ -75.544224477845162, 6.285904396506033 ], [ -75.544229865034225, 6.28590461619793 ], [ -75.54423255553229, 6.285904739620537 ], [ -75.544234345105707, 6.285904847538594 ], [ -75.544235236355192, 6.285904917336738 ], [ -75.544236124973196, 6.285905003421624 ], [ -75.54423700737631, 6.28590511213946 ], [ -75.544237883612908, 6.285905253435215 ], [ -75.544238754630484, 6.285905436345342 ], [ -75.544239617692057, 6.285905655458508 ], [ -75.544240470056224, 6.28590590445933 ], [ -75.544241312622148, 6.285906182439293 ], [ -75.54424213996856, 6.285906489424819 ], [ -75.544242950314811, 6.285906830849183 ], [ -75.544243736458924, 6.285907212172137 ], [ -75.544244492133302, 6.285907645177573 ], [ -75.544245131259999, 6.285908080558611 ], [ -75.544245747982856, 6.285908554021237 ], [ -75.544248141329248, 6.285910560339147 ], [ -75.544248758056511, 6.285911034705852 ], [ -75.54424939719199, 6.285911471895052 ], [ -75.544250132058622, 6.285911899577115 ], [ -75.544250895614283, 6.285912281010017 ], [ -75.544251682494917, 6.28591262797327 ], [ -75.544252483709073, 6.285912949551693 ], [ -75.544253298388384, 6.285913252982418 ], [ -75.54425494655429, 6.285913825396208 ], [ -75.544257448873864, 6.285914643185623 ], [ -75.544260799842377, 6.285915689199388 ], [ -75.544262480126861, 6.285916177374735 ], [ -75.544263323332558, 6.285916401105062 ], [ -75.544264169160968, 6.285916606740457 ], [ -75.544265017559326, 6.285916783431881 ], [ -75.544265872084637, 6.285916919408617 ], [ -75.544266743561778, 6.285917011001541 ], [ -75.544267621170263, 6.285917062783863 ], [ -75.544268503155777, 6.285917085613401 ], [ -75.544270273174618, 6.285917074284255 ], [ -75.54427293735813, 6.285916988985796 ], [ -75.544280948562061, 6.285916666999625 ], [ -75.544288079176312, 6.285916423437128 ], [ -75.544289847005601, 6.285916333461178 ], [ -75.544290721340786, 6.285916269533567 ], [ -75.544291587442999, 6.285916184851552 ], [ -75.544292438039975, 6.285916070409455 ], [ -75.544293269442861, 6.285915910855391 ], [ -75.544294073453855, 6.285915692667657 ], [ -75.544294839120582, 6.285915393296891 ], [ -75.544295535696364, 6.28591500746809 ], [ -75.544296195761348, 6.285914545871972 ], [ -75.544296831149424, 6.285914026533073 ], [ -75.544297447374177, 6.28591346841082 ], [ -75.54429805080872, 6.285912881419375 ], [ -75.544300425224321, 6.28591043690547 ], [ -75.544301028610505, 6.28590983996909 ], [ -75.544301642935849, 6.285909262869813 ], [ -75.544302274577888, 6.285908716425904 ], [ -75.544302929936137, 6.285908215976051 ], [ -75.544303620826909, 6.285907775928449 ], [ -75.544304386992721, 6.285907393377285 ], [ -75.544305188717445, 6.285907076652916 ], [ -75.544306018693632, 6.285906809516932 ], [ -75.544306867811187, 6.285906576643874 ], [ -75.544307729692562, 6.285906367215478 ], [ -75.544309478987401, 6.285905996152129 ], [ -75.544311245594528, 6.28590565484004 ], [ -75.544325420506482, 6.285903025398572 ], [ -75.544328954641784, 6.285902346386257 ], [ -75.544330715726502, 6.285901984306532 ], [ -75.544332467600015, 6.285901586107304 ], [ -75.544333336643746, 6.285901363082392 ], [ -75.544335059089647, 6.285900859245799 ], [ -75.544336767727529, 6.285900303038166 ], [ -75.544340168445032, 6.28589913012825 ], [ -75.544355444090371, 6.285893754072045 ], [ -75.54440298606508, 6.28587708593643 ], [ -75.544407245618643, 6.285875634900299 ], [ -75.544414961769931, 6.28587316799662 ], [ -75.544416656753341, 6.28587259106079 ], [ -75.544417493773025, 6.285872285917863 ], [ -75.544418318046468, 6.285871960946599 ], [ -75.544419126836658, 6.285871610735702 ], [ -75.544419911967765, 6.285871226283894 ], [ -75.544420667040342, 6.285870792252473 ], [ -75.54442130826709, 6.285870358775323 ], [ -75.544421924931243, 6.285869891061646 ], [ -75.544423723030718, 6.285868407707648 ], [ -75.544424329689988, 6.285867926481066 ], [ -75.544424950942158, 6.285867473210786 ], [ -75.544425596800878, 6.285867063217882 ], [ -75.544426356584552, 6.285866668944268 ], [ -75.54442714826466, 6.285866330570081 ], [ -75.544427965450438, 6.285866034564767 ], [ -75.544428798137034, 6.28586576741546 ], [ -75.544429644486641, 6.285865522802309 ], [ -75.544431360871243, 6.285865073241474 ], [ -75.544433093664608, 6.285864653436292 ], [ -75.54444092488761, 6.285862809806565 ], [ -75.544443524864661, 6.285862156136067 ], [ -75.544445247481661, 6.285861687558585 ], [ -75.544448681653407, 6.285860705252063 ], [ -75.544463251596113, 6.285856440161444 ], [ -75.544474409271629, 6.285853202475922 ], [ -75.544476966188725, 6.285852426960375 ], [ -75.544478644079447, 6.285851865477456 ], [ -75.544479466629227, 6.28585155769257 ], [ -75.544480272796619, 6.285851225576536 ], [ -75.544481057094444, 6.285850855594441 ], [ -75.544481809531021, 6.285850436945638 ], [ -75.544482530049208, 6.285849957877005 ], [ -75.544483223250239, 6.285849435544197 ], [ -75.544485254675621, 6.28584780910919 ], [ -75.544485953412163, 6.285847310256228 ], [ -75.544486682242436, 6.285846868215553 ], [ -75.544487451193291, 6.28584650102049 ], [ -75.544488253887181, 6.285846197852812 ], [ -75.54448908119204, 6.285845938866592 ], [ -75.544489926730307, 6.2858457132436 ], [ -75.544491652444663, 6.285845324212398 ], [ -75.544495161235886, 6.285844636281523 ], [ -75.544496917815607, 6.285844276935594 ], [ -75.544498653380941, 6.285843869774268 ], [ -75.544500367927469, 6.285843413893445 ], [ -75.544502926858129, 6.285842680861066 ], [ -75.544506328357045, 6.285841668877768 ], [ -75.544530114921585, 6.285834495603976 ], [ -75.544532672983763, 6.285833769808581 ], [ -75.544533529382008, 6.285833547749085 ], [ -75.544534387679661, 6.285833344666608 ], [ -75.544535251517246, 6.28583316596806 ], [ -75.54453612003519, 6.285833020698724 ], [ -75.544536968895102, 6.285832920730479 ], [ -75.544537823334522, 6.28583285328296 ], [ -75.544538682405914, 6.285832809319686 ], [ -75.544540408922387, 6.285832771078297 ], [ -75.544542144658863, 6.285832770764543 ], [ -75.544546484673859, 6.285832815634282 ], [ -75.544548191457551, 6.285832807324497 ], [ -75.544549025326603, 6.285832783374281 ], [ -75.544549838313159, 6.285832738731255 ], [ -75.544550620421134, 6.28583266169069 ], [ -75.544551358948254, 6.285832541465119 ], [ -75.544552038455237, 6.285832361855783 ], [ -75.544552635340168, 6.285832100374899 ], [ -75.54455312235622, 6.285831728223675 ], [ -75.544553464282998, 6.285831249190013 ], [ -75.544553707240482, 6.285830671186342 ], [ -75.544553881186161, 6.285830022998243 ], [ -75.544554006112179, 6.285829328035211 ], [ -75.544554298232967, 6.285827154041878 ], [ -75.544554426781914, 6.28582646086942 ], [ -75.544554602552267, 6.28582581628888 ], [ -75.544554850049437, 6.285825242783656 ], [ -75.544555197419413, 6.285824768244025 ], [ -75.544555719629486, 6.285824386880373 ], [ -75.544556361700103, 6.285824126987708 ], [ -75.544557092743901, 6.285823954360319 ], [ -75.544557886439605, 6.285823844715439 ], [ -75.544558722817015, 6.285823779164044 ], [ -75.544559587336011, 6.285823740598858 ], [ -75.544562234478676, 6.285823681601227 ], [ -75.544563100809128, 6.285823643931321 ], [ -75.544563937195335, 6.285823580188088 ], [ -75.544564730899808, 6.285823472351384 ], [ -75.544565461956807, 6.28582330243624 ], [ -75.544566105843288, 6.285823044342936 ], [ -75.544566628974465, 6.285822666591236 ], [ -75.544567005011444, 6.285822141281994 ], [ -75.544567264824011, 6.285821499004598 ], [ -75.544567444725146, 6.285820774842462 ], [ -75.544567573773151, 6.285819998489667 ], [ -75.544567782783531, 6.285818385447824 ], [ -75.544567909037383, 6.28581759193058 ], [ -75.544568084266956, 6.285816836147419 ], [ -75.544568336609416, 6.285816144180465 ], [ -75.544568703263693, 6.285815547492393 ], [ -75.54456919344544, 6.28581508310676 ], [ -75.544569792504589, 6.285814711314132 ], [ -75.544570475023392, 6.28581440782734 ], [ -75.544571216509553, 6.285814152875294 ], [ -75.544571999725534, 6.285813932076164 ], [ -75.544572811969061, 6.28581373464252 ], [ -75.54457616325837, 6.285812988711031 ], [ -75.544576992576765, 6.285812772207985 ], [ -75.544577804565293, 6.285812522337311 ], [ -75.544578590126974, 6.285812226485798 ], [ -75.544579340142946, 6.285811867519806 ], [ -75.54458004731012, 6.28581143010507 ], [ -75.54458071712007, 6.285810928680537 ], [ -75.544581359590879, 6.28581037947141 ], [ -75.544581982920334, 6.285809795999389 ], [ -75.54458259076651, 6.285809187287724 ], [ -75.544583781843542, 6.285807924778845 ], [ -75.544585536119683, 6.285805976926508 ], [ -75.544591929956255, 6.285798781646429 ], [ -75.544593641616558, 6.285796803261911 ], [ -75.544594732877897, 6.285795453540545 ], [ -75.54459525086051, 6.285794760280279 ], [ -75.544595740745521, 6.285794049074636 ], [ -75.544596206037156, 6.285793297303885 ], [ -75.544596641428512, 6.285792528500674 ], [ -75.544597055963749, 6.285791744429166 ], [ -75.544597454186928, 6.285790950491892 ], [ -75.544598224342764, 6.285789344663204 ], [ -75.544599343772447, 6.285786912587674 ], [ -75.544607476477239, 6.285769026807986 ], [ -75.544608621307049, 6.285766615403279 ], [ -75.544609431372393, 6.285765041024062 ], [ -75.544609862250411, 6.285764273146921 ], [ -75.544610320331316, 6.285763525027722 ], [ -75.544610814690003, 6.285762804759242 ], [ -75.544611294180953, 6.285762185823216 ], [ -75.544611802681843, 6.285761586636302 ], [ -75.544613918320366, 6.285759254587007 ], [ -75.544614425922092, 6.285758656308594 ], [ -75.544614906316582, 6.285758037368169 ], [ -75.544615378240692, 6.285757348852685 ], [ -75.544615816619583, 6.285756636993712 ], [ -75.544616230506236, 6.285755905363616 ], [ -75.544616626256186, 6.285755160260229 ], [ -75.544617382394961, 6.28575364491056 ], [ -75.544619590887649, 6.285749039482233 ], [ -75.544620402650111, 6.285747442492052 ], [ -75.544621235255491, 6.285745858057896 ], [ -75.544623355713384, 6.2857419157692 ], [ -75.544632330854753, 6.285725396515471 ], [ -75.544641186205368, 6.285709141844511 ], [ -75.544641325018333, 6.285708887114376 ], [ -75.544642584803896, 6.285706517643089 ], [ -75.544643388443205, 6.285704922500686 ], [ -75.54464376762607, 6.285704115094522 ], [ -75.544644125987972, 6.285703299652758 ], [ -75.544644457199766, 6.285702475302101 ], [ -75.544645059862361, 6.285700800672621 ], [ -75.544645615448673, 6.285699107286097 ], [ -75.544646147485835, 6.285697402260816 ], [ -75.544648723457939, 6.285688839571922 ], [ -75.544649519726391, 6.285686286111201 ], [ -75.544650094379293, 6.285684611618102 ], [ -75.544650408445847, 6.285683791871473 ], [ -75.544650749706463, 6.285682990074585 ], [ -75.544651130841459, 6.285682212494478 ], [ -75.544651565456633, 6.28568146991418 ], [ -75.544652068021819, 6.285680764975579 ], [ -75.544652624966318, 6.285680094128321 ], [ -75.544653220886062, 6.28567944840631 ], [ -75.544653843096327, 6.285678820638455 ], [ -75.544654485237174, 6.285678203622854 ], [ -75.544657112706403, 6.285675771437962 ], [ -75.544657760264073, 6.28567515349188 ], [ -75.544658393312389, 6.285674524767148 ], [ -75.544659006399328, 6.285673878961552 ], [ -75.544659590454344, 6.285673208886405 ], [ -75.544660131950778, 6.285672520032201 ], [ -75.544660644415274, 6.28567180690843 ], [ -75.544661135115746, 6.285671077616693 ], [ -75.544661611298039, 6.285670335738122 ], [ -75.544662533727177, 6.285668827715828 ], [ -75.544663879726798, 6.285666535578074 ], [ -75.544668322246991, 6.28565885977224 ], [ -75.544674118025696, 6.285648898122075 ], [ -75.544675442269963, 6.285646591624522 ], [ -75.544676306683584, 6.285645045008065 ], [ -75.544677139394238, 6.285643482272034 ], [ -75.544677927708435, 6.285641894437139 ], [ -75.544679055383781, 6.285639485828365 ], [ -75.544680897107369, 6.285635453581968 ], [ -75.544681651937879, 6.285633855060808 ], [ -75.544682042954577, 6.2856330656792 ], [ -75.544682449384155, 6.285632287071824 ], [ -75.544682875766313, 6.285631523737141 ], [ -75.544683329355721, 6.285630781064486 ], [ -75.544683822841478, 6.285630067129017 ], [ -75.544684355381591, 6.285629394592353 ], [ -75.544684927818054, 6.285628750792907 ], [ -75.54468552655824, 6.285628127659854 ], [ -75.544686147058059, 6.285627519790697 ], [ -75.544686781159299, 6.285626921800501 ], [ -75.544688078376126, 6.285625746473321 ], [ -75.544692028081556, 6.285622267222727 ], [ -75.544693315341846, 6.285621088327595 ], [ -75.544693940394509, 6.285620487669133 ], [ -75.544694545503404, 6.285619873546148 ], [ -75.544695122514682, 6.285619241477825 ], [ -75.544695662362216, 6.285618585179526 ], [ -75.54469615054542, 6.285617895680773 ], [ -75.544696587813974, 6.285617141334168 ], [ -75.544696969799645, 6.285616352900638 ], [ -75.544697311902169, 6.285615538442161 ], [ -75.544697625907091, 6.285614706038329 ], [ -75.54469791997262, 6.285613861074074 ], [ -75.544698471839084, 6.285612146007107 ], [ -75.544700036790132, 6.28560694067236 ], [ -75.544700572322569, 6.285605211219207 ], [ -75.544701134224653, 6.285603515993752 ], [ -75.544701735189904, 6.285601863975288 ], [ -75.544702057423379, 6.285601051421765 ], [ -75.544702399605029, 6.285600253236852 ], [ -75.544702768072796, 6.285599472101992 ], [ -75.54470317189724, 6.285598715205905 ], [ -75.544703622863921, 6.285597990628164 ], [ -75.544704082437249, 6.285597363652156 ], [ -75.544704578262014, 6.285596759102337 ], [ -75.54470619924443, 6.285594900501597 ], [ -75.5447067741936, 6.285594216005055 ], [ -75.544708477175973, 6.285592125553485 ], [ -75.544710706004295, 6.285589286652809 ], [ -75.544716218186551, 6.285582137254435 ], [ -75.544717339872946, 6.28558072680976 ], [ -75.544717909352528, 6.285580032394681 ], [ -75.544718491534354, 6.285579348767032 ], [ -75.544719090054627, 6.285578680429671 ], [ -75.544719708562624, 6.285578034597684 ], [ -75.544720344404908, 6.285577423037399 ], [ -75.544721002941145, 6.285576833065188 ], [ -75.544721676008734, 6.28557625839208 ], [ -75.544723052105695, 6.285575138735507 ], [ -75.544724449093962, 6.285574041579921 ], [ -75.544731497524566, 6.285568605218793 ], [ -75.544738529546237, 6.285563139101949 ], [ -75.544739949294325, 6.285562077095724 ], [ -75.544740667837701, 6.285561563680513 ], [ -75.544741394605254, 6.285561069211506 ], [ -75.54474213325507, 6.285560602712005 ], [ -75.544742889256753, 6.285560174100528 ], [ -75.544743669001022, 6.285559796907586 ], [ -75.544744472558207, 6.285559485598571 ], [ -75.544745298963235, 6.28555922752066 ], [ -75.544746142715738, 6.285559006426721 ], [ -75.544746998350504, 6.285558813302237 ], [ -75.544748736994364, 6.285558482070593 ], [ -75.544750494810359, 6.285558191430426 ], [ -75.54475226086808, 6.285557923352829 ], [ -75.544756621096653, 6.28555729456309 ], [ -75.544758146958458, 6.285557057490513 ], [ -75.544758809557123, 6.285556931305747 ], [ -75.544759432263845, 6.285556777287886 ], [ -75.54476000596847, 6.285556580111445 ], [ -75.544760511604451, 6.285556320882982 ], [ -75.544760930999857, 6.285555978896495 ], [ -75.544761271084056, 6.285555492638944 ], [ -75.544761513115759, 6.285554910119291 ], [ -75.544761685236537, 6.285554258323717 ], [ -75.544761810149154, 6.285553560648514 ], [ -75.544762095909405, 6.285551379453554 ], [ -75.544762220817603, 6.285550680874265 ], [ -75.544762394745462, 6.285550029069893 ], [ -75.544762638597419, 6.285549449253696 ], [ -75.544762982308967, 6.285548965690805 ], [ -75.544763499948161, 6.285548573500076 ], [ -75.54476413833379, 6.285548299159538 ], [ -75.544764502015369, 6.285548206073945 ], [ -75.544761139099336, 6.285547303874155 ], [ -75.544717201131562, 6.285577280122564 ], [ -75.544695886939692, 6.285596018461299 ], [ -75.544687376820463, 6.285610986713868 ], [ -75.544626000716391, 6.285718934033341 ], [ -75.544578705401506, 6.285802114382883 ], [ -75.544517847036303, 6.285833142211291 ], [ -75.544517447749257, 6.28583334577133 ], [ -75.544352009251782, 6.285878061014188 ], [ -75.54434190897598, 6.285880789961679 ], [ -75.544285376132621, 6.285896066138792 ], [ -75.544226785773176, 6.285891065046953 ], [ -75.544215561355841, 6.285886709449465 ], [ -75.544196560693536, 6.285879337629797 ], [ -75.544176050944742, 6.285871379156445 ], [ -75.544142456460619, 6.285858344523198 ], [ -75.544140038489289, 6.285857406076073 ], [ -75.544113617342376, 6.28584715372195 ], [ -75.544118814648144, 6.28585031901972 ], [ -75.54412189385684, 6.285852152027497 ], [ -75.544123454040374, 6.285853026842229 ], [ -75.54412424577265, 6.285853442494346 ], [ -75.544125847039837, 6.28585421856129 ], [ -75.54412828830732, 6.285855302456488 ], [ -75.544132394395405, 6.285857039150537 ], [ -75.544139233800578, 6.285859900811074 ], [ -75.544148034301131, 6.28586358199212 ], [ -75.544150474616757, 6.285864655946639 ], [ -75.544151273388366, 6.285865032687765 ], [ -75.544152060488685, 6.285865424855549 ], [ -75.544152829632523, 6.285865840617547 ], [ -75.544153575442593, 6.285866289041034 ], [ -75.544154288918705, 6.285866777402677 ], [ -75.544154899373851, 6.285867262649375 ], [ -75.54415548467496, 6.285867777854088 ], [ -75.544157183976267, 6.285869389743671 ], [ -75.544157758461282, 6.285869910425673 ], [ -75.544158349981686, 6.285870403901514 ], [ -75.544158968401632, 6.285870854753332 ], [ -75.544159628155768, 6.285871258390312 ], [ -75.544160314809474, 6.285871619403268 ], [ -75.544161018485354, 6.285871950497794 ], [ -75.544163153675555, 6.285872895745987 ], [ -75.54416384653095, 6.285873231413714 ], [ -75.544164513328781, 6.28587359704387 ], [ -75.544165145104017, 6.285874007145786 ], [ -75.544165756440719, 6.28587448786764 ], [ -75.544166918095513, 6.285875536402748 ], [ -75.544167515160225, 6.285876055166616 ], [ -75.544168182670177, 6.285876567258796 ], [ -75.54416888617223, 6.28587704843609 ], [ -75.544169615758193, 6.28587750507548 ], [ -75.544170364226176, 6.285877942636698 ], [ -75.54417112799716, 6.285878368369999 ], [ -75.544173467863843, 6.285879596511713 ], [ -75.54419091020867, 6.285888335696834 ], [ -75.544192500642339, 6.285889113624443 ], [ -75.544194101786587, 6.285889864376676 ], [ -75.544194907689842, 6.285890221192613 ], [ -75.544195718926403, 6.285890559900436 ], [ -75.544196538171732, 6.285890873254238 ], [ -75.544197368996024, 6.285891152195573 ], [ -75.544198210473738, 6.285891392208379 ], [ -75.544199060828618, 6.285891599630083 ], [ -75.544201620629693, 6.285892160373329 ], [ -75.544202461927185, 6.285892363318587 ], [ -75.544203287097275, 6.285892594369706 ], [ -75.544204090797834, 6.285892869826625 ], [ -75.54420486137515, 6.285893208732361 ], [ -75.544205594390704, 6.285893627382443 ], [ -75.544206294291811, 6.285894111289513 ], [ -75.544206970030373, 6.285894643231937 ], [ -75.544207627869582, 6.285895210521718 ], [ -75.544208274085889, 6.285895803183092 ], [ -75.544208911350339, 6.285896413066104 ], [ -75.544212683936479, 6.285900175680709 ] ] ] } },
{ "type": "Feature", "properties": { "objectid": 701, "codigo": "0108-7", "nombre": "El Compromiso", "riesgo": "Alto riesgo no mitigable", "descripcion": "Zona de alto riesgo no mitigable por inundaciones", "tipo_amenaza": "Inundaciones", "categoria_proteccion": "Áreas de Amenaza y Riesgo", "subcategoria_proteccion": "Zona de riesgo no mitigable", "fecha_adopcion": "2014-12-17T00:00:00", "fecha_actualizacion": "2026-04-30T00:00:00", "st_area(shape)": 209.30045318001021, "st_perimeter(shape)": 162.33652797773055 }, "geometry": { "type": "Polygon", "coordinates": [ [ [ -75.543679645507353, 6.285923163358073 ], [ -75.543681364473599, 6.285923244498444 ], [ -75.543682219599432, 6.285923318089795 ], [ -75.543683094761363, 6.285923424131525 ], [ -75.543683966423387, 6.285923553697118 ], [ -75.543684836379427, 6.285923704065488 ], [ -75.543687436616239, 6.285924218505095 ], [ -75.54369003075243, 6.28592477908388 ], [ -75.543704713990607, 6.285928017559628 ], [ -75.543739419447121, 6.285924611030107 ], [ -75.543744776888758, 6.285924101256342 ], [ -75.543752795145224, 6.285923370586816 ], [ -75.543754502884696, 6.285923186877827 ], [ -75.543755330016523, 6.285923077975424 ], [ -75.543756119054677, 6.285922939422838 ], [ -75.543756853651956, 6.285922754121605 ], [ -75.543757513816217, 6.285922498662203 ], [ -75.543758073199811, 6.285922143337282 ], [ -75.543758514534417, 6.285921667436415 ], [ -75.543758878672634, 6.285921110541531 ], [ -75.543759218248297, 6.28592051941009 ], [ -75.543759580465178, 6.285919939017729 ], [ -75.543760017961475, 6.285919417026029 ], [ -75.543760559856977, 6.285918995786326 ], [ -75.543761197006432, 6.28591865274041 ], [ -75.543761906724711, 6.285918368108345 ], [ -75.543762667252096, 6.285918126626174 ], [ -75.543763466785492, 6.285917916597942 ], [ -75.54376429353934, 6.285917729944047 ], [ -75.543765139337822, 6.285917557663182 ], [ -75.543767739345526, 6.285917095666447 ], [ -75.543778299071562, 6.285915385230664 ], [ -75.543781828438355, 6.285914840052999 ], [ -75.54378359823626, 6.285914597274831 ], [ -75.54378448501042, 6.285914489890308 ], [ -75.543786260581157, 6.285914319412714 ], [ -75.543787163865133, 6.285914262577877 ], [ -75.543789836926877, 6.285914144690755 ], [ -75.543790695950619, 6.285914090783677 ], [ -75.543791524130981, 6.28591401171168 ], [ -75.543792307831367, 6.285913890363092 ], [ -75.543793029796632, 6.285913708739729 ], [ -75.543793662793163, 6.285913440755015 ], [ -75.543794177749476, 6.28591305400252 ], [ -75.54379451878242, 6.285912576781622 ], [ -75.543794760850545, 6.285912001494606 ], [ -75.543794933003369, 6.285911356027441 ], [ -75.54379505703568, 6.285910662876748 ], [ -75.543795343778044, 6.285908497045725 ], [ -75.543795469630609, 6.285907806598492 ], [ -75.543795641787838, 6.285907162035413 ], [ -75.543795884768286, 6.285906588552171 ], [ -75.543796226717944, 6.285906114039149 ], [ -75.54379669032636, 6.28590575918037 ], [ -75.543797253816308, 6.285905505095584 ], [ -75.543797893555123, 6.285905322968333 ], [ -75.543798588669148, 6.28590519391394 ], [ -75.543799322797938, 6.285905098121669 ], [ -75.543801648355682, 6.285904869816466 ], [ -75.543802435775689, 6.285904770148361 ], [ -75.543803215787165, 6.285904633447887 ], [ -75.543803982889813, 6.28590444346784 ], [ -75.543804792935987, 6.285904165580261 ], [ -75.543805583691395, 6.285903822690786 ], [ -75.543806359761618, 6.285903432859148 ], [ -75.543807125725905, 6.285903008720591 ], [ -75.543808635648702, 6.285902094550652 ], [ -75.543810870300746, 6.285900638004678 ], [ -75.543814560960243, 6.285898142784221 ], [ -75.543816023428704, 6.285897132105652 ], [ -75.543817467747274, 6.285896105241501 ], [ -75.543818878481062, 6.285895046897011 ], [ -75.543819562515893, 6.285894497486142 ], [ -75.543820226580578, 6.285893929186215 ], [ -75.543821973390052, 6.285892303234121 ], [ -75.543822570812608, 6.285891780463986 ], [ -75.543823250404472, 6.28589124644459 ], [ -75.543823957247525, 6.285890742128144 ], [ -75.543824684073911, 6.285890259413012 ], [ -75.543825425444822, 6.285889794709274 ], [ -75.543826939060807, 6.285888896795289 ], [ -75.543829250374756, 6.285887597190972 ], [ -75.543834689749616, 6.285884611569118 ], [ -75.543836222471725, 6.285883740685375 ], [ -75.543836976571285, 6.285883292193613 ], [ -75.543837714345599, 6.285882831123796 ], [ -75.543838431246229, 6.285882351169287 ], [ -75.543839117294667, 6.285881844241726 ], [ -75.543839760687788, 6.285881298645108 ], [ -75.54384034691185, 6.285880702696688 ], [ -75.54384085159765, 6.285880061939738 ], [ -75.543841300026713, 6.285879372634744 ], [ -75.543841706712783, 6.2858786464645 ], [ -75.543842084353756, 6.285877893312393 ], [ -75.543842441121029, 6.285877121275592 ], [ -75.543843112009057, 6.28587554034114 ], [ -75.543845019409929, 6.285870704926976 ], [ -75.54384567579298, 6.285869114117935 ], [ -75.543846018967614, 6.28586833401032 ], [ -75.543846378485071, 6.285867570097113 ], [ -75.543846762512317, 6.285866829571434 ], [ -75.543847179229601, 6.285866122338644 ], [ -75.54384764134798, 6.285865460994382 ], [ -75.543848164297913, 6.285864859929301 ], [ -75.543848775198782, 6.285864321723706 ], [ -75.543849447856743, 6.285863848313306 ], [ -75.543850167718475, 6.285863419878585 ], [ -75.543850921178148, 6.285863025636422 ], [ -75.543851698244126, 6.285862654786184 ], [ -75.543852491652885, 6.285862300130354 ], [ -75.543854925447292, 6.285861289244489 ], [ -75.543862308570866, 6.285858342983389 ], [ -75.543862340133188, 6.285858330172251 ], [ -75.543868845629788, 6.28585570010021 ], [ -75.543871283919827, 6.285854684671879 ], [ -75.543872896067143, 6.285853981565634 ], [ -75.543873693927651, 6.28585361332648 ], [ -75.543874484493898, 6.285853231561211 ], [ -75.543875260511243, 6.28585283088048 ], [ -75.543876028322003, 6.285852414869845 ], [ -75.543877551148952, 6.285851553075294 ], [ -75.543879814416783, 6.285850221156835 ], [ -75.543882066732252, 6.28584886668896 ], [ -75.543883560399792, 6.285847954406268 ], [ -75.54388503861928, 6.285847024116598 ], [ -75.543886485951418, 6.285846059621145 ], [ -75.543887190083723, 6.285845555317855 ], [ -75.543887872412412, 6.285845026709761 ], [ -75.543888527489912, 6.285844468398736 ], [ -75.543889139951645, 6.28584387955546 ], [ -75.54388972697366, 6.285843261904545 ], [ -75.543890851967248, 6.285841973499063 ], [ -75.543892505888252, 6.285840012574841 ], [ -75.543893070238269, 6.285839377856217 ], [ -75.543893650961863, 6.285838765660614 ], [ -75.543894257142782, 6.285838185888994 ], [ -75.543894897886702, 6.285837652962758 ], [ -75.543895583158957, 6.285837172258073 ], [ -75.543896305709225, 6.285836739289682 ], [ -75.543897053729992, 6.285836341457526 ], [ -75.54389782175609, 6.285835969747143 ], [ -75.543898603418768, 6.285835615148445 ], [ -75.543900192218999, 6.285834941991367 ], [ -75.543905023162097, 6.285833002671577 ], [ -75.543906614681731, 6.285832331309464 ], [ -75.543907398160258, 6.285831978510132 ], [ -75.543908167997799, 6.285831607695027 ], [ -75.543908919650292, 6.285831213461629 ], [ -75.543909647648135, 6.28583078589135 ], [ -75.543910341999705, 6.285830314183547 ], [ -75.543910950444754, 6.285829828428148 ], [ -75.543911531603456, 6.285829305737138 ], [ -75.543912092748045, 6.285828755116171 ], [ -75.543914276275046, 6.285826447148856 ], [ -75.543914835520241, 6.285825877550858 ], [ -75.543915482149359, 6.285825254185156 ], [ -75.543916821703462, 6.285824051529691 ], [ -75.54391819757052, 6.2858228839577 ], [ -75.543920293604927, 6.285821164990717 ], [ -75.543932259393856, 6.285811488843893 ], [ -75.54393368167095, 6.28581038885411 ], [ -75.543934401057811, 6.285809862777931 ], [ -75.543935129598736, 6.285809361068126 ], [ -75.543935871877338, 6.285808897264002 ], [ -75.543936633376376, 6.285808483996381 ], [ -75.543937421429675, 6.285808142928146 ], [ -75.543938239717292, 6.285807887603049 ], [ -75.543939083655616, 6.285807704481751 ], [ -75.543939947713525, 6.285807570988474 ], [ -75.543940824605585, 6.285807475405274 ], [ -75.543942604022817, 6.285807352826312 ], [ -75.543945303356608, 6.28580724927647 ], [ -75.543951624708484, 6.285807072945787 ], [ -75.543957936893094, 6.285806869536383 ], [ -75.543987661592269, 6.285805813508546 ], [ -75.543991263552172, 6.285805703756644 ], [ -75.543993965948104, 6.285805672520302 ], [ -75.54399573616034, 6.285805700972054 ], [ -75.54399750560529, 6.285805757454877 ], [ -75.544015204701878, 6.285806534725659 ], [ -75.544025142257752, 6.285806948352398 ], [ -75.544004307138081, 6.285796926470766 ], [ -75.543994271327591, 6.285792100369657 ], [ -75.543993965913998, 6.285792098239859 ], [ -75.543992168837377, 6.285792119644798 ], [ -75.543990370971514, 6.285792164560395 ], [ -75.543953521886692, 6.285793444224785 ], [ -75.543939121279564, 6.285793884099996 ], [ -75.543937333567882, 6.285793973267286 ], [ -75.543936445692736, 6.285794039972465 ], [ -75.543935566967264, 6.285794130139933 ], [ -75.54393469833893, 6.285794252806144 ], [ -75.543933846202847, 6.285794422405711 ], [ -75.543933015164612, 6.28579465699837 ], [ -75.543932208000768, 6.285794970132236 ], [ -75.543931421035623, 6.285795349167693 ], [ -75.543930649659202, 6.285795775140905 ], [ -75.543929891094919, 6.285796234503754 ], [ -75.54392913806177, 6.28579671644238 ], [ -75.543927649373657, 6.28579772363225 ], [ -75.543919524465863, 6.285803465390685 ], [ -75.543913607356046, 6.285807616925596 ], [ -75.54390323987127, 6.285814857761736 ], [ -75.543894324717513, 6.285821047283625 ], [ -75.543892853381095, 6.285822092361541 ], [ -75.543891414686314, 6.285823160787385 ], [ -75.543890716195037, 6.28582371026863 ], [ -75.54389004128366, 6.28582427771727 ], [ -75.543889399018354, 6.285824869417925 ], [ -75.543888800272342, 6.285825491646449 ], [ -75.543888262274379, 6.285826156976461 ], [ -75.543887839832678, 6.285826801853648 ], [ -75.543887465427957, 6.285827477236699 ], [ -75.543887120033162, 6.285828172368929 ], [ -75.543886460920191, 6.285829573328504 ], [ -75.543886121788631, 6.285830255772738 ], [ -75.54388575540149, 6.285830907609938 ], [ -75.543885347223011, 6.285831512636937 ], [ -75.543884875484764, 6.285832053781627 ], [ -75.543884262627458, 6.285832561257077 ], [ -75.543883571674641, 6.285832988646998 ], [ -75.543882823513215, 6.285833357548355 ], [ -75.543882034485961, 6.285833684155536 ], [ -75.543881216404813, 6.285833981972651 ], [ -75.543880377432401, 6.285834257288765 ], [ -75.54387866317461, 6.285834772837492 ], [ -75.543869937554405, 6.285837201250298 ], [ -75.543859490430307, 6.285840141630493 ], [ -75.543857853577919, 6.285840595323048 ], [ -75.543852508086388, 6.285842076051746 ], [ -75.543849909490149, 6.285842828260616 ], [ -75.543849057832972, 6.285843096405563 ], [ -75.543848218009714, 6.285843382575059 ], [ -75.543847398182962, 6.28584369305816 ], [ -75.543846605646991, 6.285844041380977 ], [ -75.543845852204896, 6.285844439239466 ], [ -75.543845151506488, 6.285844906457572 ], [ -75.543844534267677, 6.285845441981668 ], [ -75.543843968855825, 6.285846044157539 ], [ -75.543843439818431, 6.28584669407409 ], [ -75.543842937155105, 6.2858473791225 ], [ -75.543842453589136, 6.28584808939298 ], [ -75.543841983664151, 6.285848817679252 ], [ -75.543841068359171, 6.285850304871973 ], [ -75.543837933435199, 6.285855597410938 ], [ -75.543836571877421, 6.285857849843142 ], [ -75.543835636641816, 6.285859326283592 ], [ -75.543835154049688, 6.285860051015059 ], [ -75.543834656027087, 6.285860761355923 ], [ -75.543834135323706, 6.285861452820889 ], [ -75.543833587391106, 6.285862119103365 ], [ -75.543833053519563, 6.285862703947656 ], [ -75.543832496059309, 6.285863269016379 ], [ -75.543831922265056, 6.285863819698863 ], [ -75.543829583573057, 6.285865992805039 ], [ -75.543829014344823, 6.285866553410488 ], [ -75.543828412019664, 6.285867182889265 ], [ -75.543827248235203, 6.285868484141014 ], [ -75.54382442186315, 6.285871822304196 ], [ -75.543823257175134, 6.285873123560324 ], [ -75.543822652130572, 6.285873751244123 ], [ -75.543822078367043, 6.285874308255218 ], [ -75.543821490063394, 6.285874848159023 ], [ -75.543820278967772, 6.28587589649071 ], [ -75.543819039717405, 6.285876915123874 ], [ -75.543817065746126, 6.2858784653324 ], [ -75.543814906076562, 6.285880105047391 ], [ -75.543804062292281, 6.285888250501094 ], [ -75.543802604587626, 6.285889311786491 ], [ -75.543801867085762, 6.28588982890967 ], [ -75.543801121381691, 6.285890331607027 ], [ -75.543800365637622, 6.285890813558762 ], [ -75.543799592585671, 6.285891266663288 ], [ -75.54379883014326, 6.285891671798412 ], [ -75.543798052213191, 6.285892050789787 ], [ -75.543797264247544, 6.285892409939624 ], [ -75.543795666446655, 6.285893090373188 ], [ -75.543792432557851, 6.285894381810301 ], [ -75.543784313204569, 6.285897549544307 ], [ -75.54378186722424, 6.285898470078441 ], [ -75.543780225548019, 6.285899046753057 ], [ -75.543778550229874, 6.285899580194219 ], [ -75.543776016657134, 6.285900325757642 ], [ -75.543766690222839, 6.285902951476942 ], [ -75.543764145605408, 6.285903655505097 ], [ -75.543762444557416, 6.285904100468831 ], [ -75.5437615926012, 6.285904307135781 ], [ -75.543760737850846, 6.285904496638251 ], [ -75.543759880280007, 6.285904663551758 ], [ -75.543759019844728, 6.285904798835401 ], [ -75.543758129408076, 6.28590489629251 ], [ -75.543757235190242, 6.285904959411913 ], [ -75.543756339042275, 6.285904997225683 ], [ -75.543754538311234, 6.285905010510769 ], [ -75.543753640987219, 6.285904992275533 ], [ -75.543751843479171, 6.28590492507928 ], [ -75.543736558486927, 6.285904106215269 ], [ -75.54372127550819, 6.285903329834079 ], [ -75.543718585609469, 6.285903144022372 ], [ -75.543717692477912, 6.285903058862643 ], [ -75.543716803771744, 6.285902954695095 ], [ -75.543715918552294, 6.285902824291443 ], [ -75.543715056688612, 6.285902665746733 ], [ -75.543714199210754, 6.285902480057436 ], [ -75.543713343447706, 6.285902275373513 ], [ -75.543711639886425, 6.285901831610769 ], [ -75.543709091101292, 6.285901120729316 ], [ -75.54369889567954, 6.285898219341798 ], [ -75.543696375587913, 6.285897463115186 ], [ -75.543695550228747, 6.285897193187436 ], [ -75.543694737440021, 6.285896906924562 ], [ -75.54369394261218, 6.285896597971564 ], [ -75.543693172934013, 6.285896258156458 ], [ -75.543692436480228, 6.285895875686554 ], [ -75.543691744930911, 6.285895436943366 ], [ -75.543691133585597, 6.28589495441262 ], [ -75.543689379322942, 6.285893374432288 ], [ -75.543688704523348, 6.285892849717285 ], [ -75.54368799464396, 6.285892357720912 ], [ -75.543687255974362, 6.285891891179707 ], [ -75.543686498418367, 6.285891442812576 ], [ -75.543685725576907, 6.285891009889689 ], [ -75.5436841493363, 6.285890177644642 ], [ -75.543682547972409, 6.285889381686209 ], [ -75.54368174104259, 6.285888999559293 ], [ -75.543681181429349, 6.285888750036725 ], [ -75.543680117441824, 6.285888276037745 ], [ -75.543679299915667, 6.285887944592484 ], [ -75.543678478915993, 6.285887642095582 ], [ -75.543677652679662, 6.285887377596722 ], [ -75.543676956922113, 6.285887188407909 ], [ -75.543675576429678, 6.285886847045098 ], [ -75.543674903269405, 6.28588665955453 ], [ -75.543674250723498, 6.2858864376075 ], [ -75.543673627739508, 6.285886163078306 ], [ -75.543673048716855, 6.285885824143461 ], [ -75.543672494733997, 6.285885431744336 ], [ -75.543670208714076, 6.285883570461936 ], [ -75.543669523089619, 6.285883049416007 ], [ -75.54366811039219, 6.285882031032704 ], [ -75.543666663470148, 6.285881035418659 ], [ -75.543664456171626, 6.285879568848466 ], [ -75.543662968766142, 6.285878609595797 ], [ -75.543661467908649, 6.285877671203085 ], [ -75.543659949169381, 6.285876771774045 ], [ -75.543659180880809, 6.285876346061815 ], [ -75.543658402767591, 6.285875943904212 ], [ -75.54365761486487, 6.285875572533938 ], [ -75.543656866990332, 6.285875257023575 ], [ -75.543654635565417, 6.285874403556267 ], [ -75.543653925758179, 6.285874112271544 ], [ -75.543653253785322, 6.285873797295867 ], [ -75.543652634041919, 6.285873445901645 ], [ -75.543652087221474, 6.285873039906007 ], [ -75.543651638535195, 6.285872561104062 ], [ -75.543651281289129, 6.28587193358331 ], [ -75.543651035664368, 6.285871219628991 ], [ -75.543650866576726, 6.285870451055649 ], [ -75.543650745205255, 6.285869646989853 ], [ -75.543650546647811, 6.28586802056104 ], [ -75.543650421767666, 6.285867238210919 ], [ -75.543650248360095, 6.28586651034348 ], [ -75.543649994016391, 6.285865861527406 ], [ -75.543649624586635, 6.285865329901432 ], [ -75.543649110399087, 6.285864945445564 ], [ -75.54364847570865, 6.285864679110277 ], [ -75.543647753796847, 6.285864499993894 ], [ -75.54364696984851, 6.285864384467042 ], [ -75.543646140030617, 6.285864312560633 ], [ -75.543645278742702, 6.285864272451196 ], [ -75.543644397673603, 6.285864252328417 ], [ -75.543641687912086, 6.285864255571558 ], [ -75.543632662769554, 6.285864362784159 ], [ -75.543632548932436, 6.285864365146413 ], [ -75.543627089803039, 6.285864402565005 ], [ -75.543625301563281, 6.285864383240895 ], [ -75.543624424077564, 6.285864356771877 ], [ -75.543623568180095, 6.285864310307403 ], [ -75.543622738349015, 6.2858642356887 ], [ -75.543621948089083, 6.285864122904846 ], [ -75.543621212676925, 6.285863954703444 ], [ -75.54362055099898, 6.285863712910385 ], [ -75.543619990933124, 6.285863370266767 ], [ -75.543619615022195, 6.285862992370732 ], [ -75.543619299362717, 6.285862555414423 ], [ -75.543618724689836, 6.285861624267273 ], [ -75.543618408126818, 6.285861187315359 ], [ -75.543618032220294, 6.285860810323409 ], [ -75.543617471250897, 6.285860467684183 ], [ -75.543616810480898, 6.285860226790806 ], [ -75.543616074169606, 6.285860059497877 ], [ -75.5436152848132, 6.285859946709612 ], [ -75.543614454990916, 6.285859873899063 ], [ -75.543613599097853, 6.285859828338655 ], [ -75.543612722520066, 6.285859802769302 ], [ -75.543610029855415, 6.285859791463332 ], [ -75.543602758301603, 6.285859853072381 ], [ -75.543600951091904, 6.28585983474463 ], [ -75.543600051912463, 6.285859806572918 ], [ -75.543599157158425, 6.285859759393404 ], [ -75.543598270399997, 6.285859684147608 ], [ -75.543597390689683, 6.285859571799056 ], [ -75.543596524277575, 6.285859406947496 ], [ -75.543595730827974, 6.285859195631313 ], [ -75.543594945303695, 6.285858941783446 ], [ -75.543594167761825, 6.285858657157024 ], [ -75.543591065286748, 6.285857428203108 ], [ -75.543590281428891, 6.285857145415648 ], [ -75.54358947959696, 6.285856882606052 ], [ -75.54358867154572, 6.285856641525322 ], [ -75.543586248453749, 6.285855950825892 ], [ -75.543585453938022, 6.285855706062853 ], [ -75.543584673764656, 6.28585543772318 ], [ -75.543583913306534, 6.285855135835546 ], [ -75.54358318152434, 6.28585478498649 ], [ -75.543582494681786, 6.285854385096874 ], [ -75.543580490422258, 6.285853050441967 ], [ -75.543579740077078, 6.2858525984231 ], [ -75.54357896727528, 6.285852173636782 ], [ -75.54357817739853, 6.285851767919844 ], [ -75.543577375846098, 6.285851376725456 ], [ -75.543576565315391, 6.285850997328169 ], [ -75.543574926288684, 6.285850260319642 ], [ -75.543572445296405, 6.285849182943467 ], [ -75.543563312111999, 6.285845280055285 ], [ -75.54355585024004, 6.285842064292407 ], [ -75.543553354953787, 6.285841020437685 ], [ -75.543551682018929, 6.28584037129261 ], [ -75.543550839365153, 6.285840075229598 ], [ -75.543549988720159, 6.285839808136933 ], [ -75.543549129241939, 6.285839582676259 ], [ -75.543548261873568, 6.285839406979953 ], [ -75.543547382952553, 6.285839271120643 ], [ -75.54354649876413, 6.285839166930761 ], [ -75.543545609246735, 6.285839081753092 ], [ -75.543543821374357, 6.285838952125643 ], [ -75.543542027313421, 6.285838850555672 ], [ -75.543532142697657, 6.285838361621163 ], [ -75.543515978443111, 6.285837522617966 ], [ -75.543513286842767, 6.285837358511917 ], [ -75.54351149531665, 6.28583722076517 ], [ -75.543510602180689, 6.285837134700924 ], [ -75.543508922394565, 6.285836934930968 ], [ -75.543506409653645, 6.285836575571102 ], [ -75.543503065707867, 6.28583604485937 ], [ -75.543500564348193, 6.285835610403066 ], [ -75.543498902943128, 6.285835288488955 ], [ -75.543498059957102, 6.285835109961573 ], [ -75.543496380182432, 6.285834726657489 ], [ -75.543492190032893, 6.285833727215094 ], [ -75.543490511227674, 6.285833357467892 ], [ -75.543489669211112, 6.285833192497382 ], [ -75.543488825470973, 6.285833044713341 ], [ -75.543487978252926, 6.285832924973593 ], [ -75.543487085998535, 6.285832834384478 ], [ -75.543486189358291, 6.285832770939966 ], [ -75.543485291919978, 6.285832729197956 ], [ -75.543484391845766, 6.285832702838592 ], [ -75.543482587311473, 6.285832677264498 ], [ -75.543464513487436, 6.285832696510739 ], [ -75.54345818670096, 6.28583268480758 ], [ -75.543450950813607, 6.285832648597079 ], [ -75.543448241964157, 6.285832653642925 ], [ -75.543446444084168, 6.285832695844451 ], [ -75.543445549778326, 6.285832740881538 ], [ -75.543444661924681, 6.285832812106378 ], [ -75.543443783286605, 6.285832920354825 ], [ -75.543442914837954, 6.285833080087853 ], [ -75.543442071066082, 6.285833297563757 ], [ -75.543441238378378, 6.285833564711673 ], [ -75.543440413993906, 6.285833867079424 ], [ -75.543439595162496, 6.285834196543409 ], [ -75.543438780024346, 6.285834542263382 ], [ -75.543437157152141, 6.285835269831608 ], [ -75.543426653648098, 6.285840182339322 ], [ -75.543412906258993, 6.285846560823513 ], [ -75.543410489368242, 6.285847703625215 ], [ -75.543408887536586, 6.285848484433409 ], [ -75.54340739762074, 6.285849239381929 ], [ -75.543402950703282, 6.285851553842312 ], [ -75.543401462616458, 6.285852313302455 ], [ -75.543399963568504, 6.285853048404998 ], [ -75.543398339880497, 6.285853794059309 ], [ -75.543395057818415, 6.285855213208004 ], [ -75.543385983807369, 6.28585902297893 ], [ -75.543379352416821, 6.285861778425583 ], [ -75.543372654935979, 6.285864507070539 ], [ -75.543371003886833, 6.285865200419635 ], [ -75.543370199643761, 6.285865556935818 ], [ -75.543369420752512, 6.285865924177913 ], [ -75.543368678989836, 6.285866308417408 ], [ -75.543367991562576, 6.285866717707515 ], [ -75.543367382002259, 6.285867160070699 ], [ -75.543366878393314, 6.285867650740145 ], [ -75.543366524197893, 6.285868208490627 ], [ -75.543366352811802, 6.285868825926757 ], [ -75.543366321777484, 6.285869505063378 ], [ -75.543366393979511, 6.285870231615349 ], [ -75.543366540434349, 6.285870991258003 ], [ -75.543366739417493, 6.285871775960064 ], [ -75.543366974630104, 6.28587257856799 ], [ -75.543367234290997, 6.285873391906241 ], [ -75.543368653196822, 6.285877546613256 ], [ -75.543369203467449, 6.285879220152794 ], [ -75.543369711223406, 6.285880883954033 ], [ -75.543369942015005, 6.285881706473859 ], [ -75.543370548386591, 6.285884140095746 ], [ -75.543370776076472, 6.285884882164997 ], [ -75.543371065750222, 6.285885549795707 ], [ -75.543371454299134, 6.285886111164528 ], [ -75.543371969623053, 6.285886543532958 ], [ -75.543372584769628, 6.285886878675992 ], [ -75.543373265610896, 6.285887159252814 ], [ -75.543374700321891, 6.28588768750314 ], [ -75.543376024029413, 6.285888243416919 ], [ -75.54337668836969, 6.28588847525217 ], [ -75.543377369455328, 6.285888620211495 ], [ -75.54337811408584, 6.285888640094583 ], [ -75.543378883466133, 6.285888546843652 ], [ -75.543379669600611, 6.285888368524968 ], [ -75.543380467199839, 6.285888132287552 ], [ -75.543381273619147, 6.285887851705882 ], [ -75.54338290324705, 6.285887212707487 ], [ -75.543384540743148, 6.28588651942429 ], [ -75.543391100226998, 6.285883655834359 ], [ -75.543396008925242, 6.285881539838798 ], [ -75.54340991941298, 6.285875627080926 ], [ -75.543411547807665, 6.285874920280325 ], [ -75.543413158920856, 6.285874190057003 ], [ -75.543413953101918, 6.285873808274696 ], [ -75.543414734554332, 6.285873410280386 ], [ -75.543415498725238, 6.285872988863327 ], [ -75.54341624015386, 6.285872535913163 ], [ -75.543416948852922, 6.285872041533286 ], [ -75.543417611256174, 6.285871503077377 ], [ -75.543418245465148, 6.285870926786113 ], [ -75.5434200681851, 6.285869116931423 ], [ -75.543420678858112, 6.28586853171361 ], [ -75.543421305062651, 6.285867981680454 ], [ -75.543421958623867, 6.285867483048354 ], [ -75.543422649599307, 6.285867060179302 ], [ -75.543423407862889, 6.285866724681307 ], [ -75.543424207181246, 6.285866470353305 ], [ -75.543425037505543, 6.285866274641468 ], [ -75.543425889725739, 6.285866122220281 ], [ -75.543426757451101, 6.285865999559217 ], [ -75.543427637023541, 6.285865897634995 ], [ -75.54342941532731, 6.285865731665871 ], [ -75.543431206394899, 6.285865589141459 ], [ -75.543444660854462, 6.285864565309151 ], [ -75.543447349109925, 6.28586441299378 ], [ -75.543450057669489, 6.285864348278118 ], [ -75.543453670022956, 6.285864331602325 ], [ -75.543463643537336, 6.285864334599217 ], [ -75.543464724196383, 6.285864334764709 ], [ -75.543483487558007, 6.285864340189627 ], [ -75.543495636714979, 6.285864316323831 ], [ -75.543499033276319, 6.285864332341713 ], [ -75.543500731276609, 6.285864375612243 ], [ -75.543501579007142, 6.285864414883814 ], [ -75.543503311750612, 6.285864542067352 ], [ -75.543505899958276, 6.285864812457268 ], [ -75.543507608776423, 6.285865036496831 ], [ -75.543508452428696, 6.285865166199088 ], [ -75.543509285326422, 6.28586531403584 ], [ -75.543510101162354, 6.285865483654246 ], [ -75.543510894572421, 6.285865686833798 ], [ -75.543511655670429, 6.285865934471914 ], [ -75.543512375504463, 6.285866243790243 ], [ -75.543513036100464, 6.285866634766614 ], [ -75.543513613062828, 6.285867107519787 ], [ -75.543514138870648, 6.285867651946501 ], [ -75.543514632375192, 6.285868242639934 ], [ -75.543515588905663, 6.285869473901129 ], [ -75.543516081550607, 6.285870073639847 ], [ -75.543516604722527, 6.285870633449203 ], [ -75.543517177281473, 6.285871129730633 ], [ -75.543517860712043, 6.285871571225956 ], [ -75.543518605196539, 6.285871932862594 ], [ -75.543519395475869, 6.285872235509286 ], [ -75.543520216273365, 6.285872496418481 ], [ -75.543521060417859, 6.285872727378469 ], [ -75.543522791799873, 6.285873132129874 ], [ -75.543527209206445, 6.285874040959109 ], [ -75.543528971251661, 6.285874433807852 ], [ -75.543529844239089, 6.285874650161706 ], [ -75.543530709213329, 6.285874890965495 ], [ -75.54353156439366, 6.285875161652528 ], [ -75.543532402573732, 6.285875466778412 ], [ -75.543533230968706, 6.285875803595711 ], [ -75.543534865460231, 6.285876537010004 ], [ -75.54353648389899, 6.285877313899618 ], [ -75.543539710074697, 6.285878896662381 ], [ -75.543541333855586, 6.285879657252034 ], [ -75.5435421524259, 6.285880017623959 ], [ -75.543542979013807, 6.285880354450032 ], [ -75.543543814500865, 6.285880663205442 ], [ -75.543544666974981, 6.285880934809708 ], [ -75.543545530150936, 6.285881177430432 ], [ -75.543547276086272, 6.285881602001298 ], [ -75.543549037157632, 6.28588198038895 ], [ -75.543553459011633, 6.28588287473054 ], [ -75.543555220990925, 6.285883254017875 ], [ -75.543556967829787, 6.285883678584287 ], [ -75.543557830102216, 6.285883921209384 ], [ -75.543558683484278, 6.285884193713327 ], [ -75.543559467368524, 6.285884481925337 ], [ -75.543560243252784, 6.285884797299556 ], [ -75.543561776306262, 6.285885481481436 ], [ -75.543563295105272, 6.285886207321688 ], [ -75.543566325615615, 6.285887687968142 ], [ -75.543567850682294, 6.285888402024464 ], [ -75.54356861854896, 6.285888740944503 ], [ -75.543569394450799, 6.285889059935029 ], [ -75.543570176554354, 6.285889353580343 ], [ -75.543570969333388, 6.285889612817585 ], [ -75.543571798981731, 6.285889835711042 ], [ -75.543572638401997, 6.285890024200806 ], [ -75.543574334970543, 6.285890330573607 ], [ -75.543577702426148, 6.285890864786722 ], [ -75.543578512752987, 6.285891016349634 ], [ -75.543579296991453, 6.285891191546328 ], [ -75.543580043426331, 6.285891396762585 ], [ -75.543580739473938, 6.285891645621287 ], [ -75.543581364436434, 6.285891955401201 ], [ -75.543581898523826, 6.285892344280849 ], [ -75.543582273698235, 6.285892756536596 ], [ -75.543582589471981, 6.285893216999207 ], [ -75.54358316607501, 6.285894173452058 ], [ -75.543583483563538, 6.285894614920027 ], [ -75.543583862185102, 6.285894992802897 ], [ -75.543584386911888, 6.285895314824046 ], [ -75.543585001539938, 6.285895543284506 ], [ -75.543585685410861, 6.285895703599812 ], [ -75.543586419629492, 6.285895812135917 ], [ -75.543587189809472, 6.285895883428531 ], [ -75.543588803030914, 6.28589595875515 ], [ -75.543591295347454, 6.285896019858089 ], [ -75.543592125897547, 6.285896056500765 ], [ -75.54359294750455, 6.285896112173246 ], [ -75.543593756620211, 6.28589620045442 ], [ -75.543594546064583, 6.285896331324442 ], [ -75.543595307789289, 6.28589652200053 ], [ -75.543596032864428, 6.285896794224729 ], [ -75.543596746764891, 6.285897184037434 ], [ -75.54359742402896, 6.285897658110525 ], [ -75.543598073555813, 6.285898188373341 ], [ -75.543599973034986, 6.285899901455389 ], [ -75.543600620833857, 6.285900448000551 ], [ -75.543601293694508, 6.285900945601895 ], [ -75.543602003248665, 6.285901370695964 ], [ -75.54360275842626, 6.285901701540713 ], [ -75.543603552990419, 6.285901956248651 ], [ -75.543604377098887, 6.285902154758067 ], [ -75.543605221777781, 6.285902309770166 ], [ -75.543606080781473, 6.285902437589304 ], [ -75.543606951425701, 6.28590254365317 ], [ -75.543608709692407, 6.285902716821599 ], [ -75.543611370831883, 6.285902934417653 ], [ -75.543620266066171, 6.285903612603553 ], [ -75.543628291674011, 6.285904208227327 ], [ -75.543630942909687, 6.285904433104348 ], [ -75.543631810790544, 6.285904528332319 ], [ -75.543632661587679, 6.285904640821498 ], [ -75.543633489936951, 6.285904782351402 ], [ -75.543634285035466, 6.285904961111569 ], [ -75.543635035225137, 6.285905195240929 ], [ -75.543635719821225, 6.285905504730539 ], [ -75.543636319077734, 6.285905916799727 ], [ -75.543636797765416, 6.285906433428219 ], [ -75.543637197389955, 6.285907042660551 ], [ -75.543637542219429, 6.285907718159508 ], [ -75.543637852912198, 6.285908434509468 ], [ -75.543638440222566, 6.285909920717643 ], [ -75.543638749187366, 6.285910653349971 ], [ -75.543639089631, 6.285911355993512 ], [ -75.543639483137326, 6.285912007748725 ], [ -75.54363995127261, 6.285912584099727 ], [ -75.54364052924852, 6.285913079450466 ], [ -75.543641189954485, 6.2859134930288 ], [ -75.543641910903105, 6.285913845738666 ], [ -75.543642675909766, 6.285914153932779 ], [ -75.543643472386506, 6.285914430329948 ], [ -75.543644292254143, 6.285914685818764 ], [ -75.543645973336908, 6.285915152293844 ], [ -75.543649406547985, 6.285916016185962 ], [ -75.543654584623923, 6.285917270297555 ], [ -75.543657998491526, 6.285918058338637 ], [ -75.543660471351316, 6.285918577918867 ], [ -75.543661252888, 6.28591875493679 ], [ -75.543661983984691, 6.285918964748087 ], [ -75.543662642180408, 6.285919233681263 ], [ -75.543663201421921, 6.28591959260277 ], [ -75.543663642831618, 6.285920061494905 ], [ -75.543664008691223, 6.285920602179293 ], [ -75.543664350260784, 6.285921164680517 ], [ -75.543664716098419, 6.285921700844493 ], [ -75.543665159258069, 6.285922157974687 ], [ -75.543665691235205, 6.285922484480987 ], [ -75.543666315824183, 6.285922717413378 ], [ -75.543667008743711, 6.28592288039685 ], [ -75.543667753817985, 6.285922991592288 ], [ -75.543668537568649, 6.285923066435156 ], [ -75.543669346482162, 6.28592311312819 ], [ -75.543670176983923, 6.285923139825766 ], [ -75.543671872154903, 6.285923158698506 ], [ -75.543677054854541, 6.285923133473908 ], [ -75.543679645507353, 6.285923163358073 ] ] ] } },
{ "type": "Feature", "properties": { "objectid": 702, "codigo": "0107-6", "nombre": "San Pablo", "riesgo": "Alto riesgo no mitigable", "descripcion": "Zona de alto riesgo no mitigable por inundaciones", "tipo_amenaza": "Inundaciones", "categoria_proteccion": "Áreas de Amenaza y Riesgo", "subcategoria_proteccion": "Zona de riesgo no mitigable", "fecha_adopcion": "2014-12-17T00:00:00", "fecha_actualizacion": "2026-04-30T00:00:00", "st_area(shape)": 192.85039612444777, "st_perimeter(shape)": 353.96890563897784 }, "geometry": { "type": "Polygon", "coordinates": [ [ [ -75.544217185622074, 6.287495386381546 ], [ -75.544228230137648, 6.287496742106573 ], [ -75.544237882139925, 6.287497886721962 ], [ -75.54423954310171, 6.287498116414546 ], [ -75.544240330807298, 6.287498260852634 ], [ -75.544241065415008, 6.287498448946468 ], [ -75.544241726253304, 6.287498703399383 ], [ -75.544242285453123, 6.287499053278542 ], [ -75.544242661379172, 6.287499433885706 ], [ -75.54424297704935, 6.287499872649176 ], [ -75.544243550831283, 6.287500805606997 ], [ -75.544243867400624, 6.28750124346198 ], [ -75.544244243322268, 6.287501623165041 ], [ -75.544244701969589, 6.287501920191475 ], [ -75.544245234373108, 6.287502148146535 ], [ -75.54424582344032, 6.287502322483314 ], [ -75.544246455688437, 6.287502457733183 ], [ -75.544247122139225, 6.287502565693261 ], [ -75.544247813810003, 6.287502657256583 ], [ -75.544249526080193, 6.287502846918536 ], [ -75.544259348752789, 6.287503784565799 ], [ -75.544264707720146, 6.287504328962926 ], [ -75.544267378359692, 6.287504640533241 ], [ -75.544269145136951, 6.287504890504938 ], [ -75.544271773000105, 6.287505324338093 ], [ -75.544274397402987, 6.287505789831875 ], [ -75.544312846400274, 6.287512786647345 ], [ -75.544315470759187, 6.287513243100024 ], [ -75.544317225009976, 6.287513518447549 ], [ -75.544318102968546, 6.287513641651533 ], [ -75.544318979054083, 6.287513751303023 ], [ -75.544320736488118, 6.287513938032455 ], [ -75.544323376963391, 6.28751417832481 ], [ -75.544328667628619, 6.287514612752644 ], [ -75.544337495209547, 6.287515309326571 ], [ -75.544340137403935, 6.287515531528287 ], [ -75.544341882144394, 6.28751570927839 ], [ -75.544342744668015, 6.287515817187664 ], [ -75.544343596432682, 6.287515942327366 ], [ -75.544344434784946, 6.287516096463834 ], [ -75.544345251628101, 6.287516286869348 ], [ -75.544346041615668, 6.2875165289398 ], [ -75.544346794892235, 6.287516839901219 ], [ -75.544347481623333, 6.287517216282446 ], [ -75.544348142402384, 6.287517644324213 ], [ -75.544349451460434, 6.287518531208263 ], [ -75.544350135590832, 6.287518930204842 ], [ -75.544350896315592, 6.287519286335386 ], [ -75.544351692887389, 6.287519581716125 ], [ -75.544352517257892, 6.287519833564319 ], [ -75.544353360448852, 6.287520053677072 ], [ -75.54435421888131, 6.2875202493047 ], [ -75.544355961737836, 6.287520597036207 ], [ -75.544358611431065, 6.28752106059812 ], [ -75.544372804313326, 6.287523418109793 ], [ -75.544417098886143, 6.287530874668906 ], [ -75.544421530813523, 6.287531608016683 ], [ -75.544424193791627, 6.287532016362952 ], [ -75.544425975898264, 6.287532259930641 ], [ -75.544434901202379, 6.287533356546632 ], [ -75.544436677852573, 6.287533592908001 ], [ -75.544438440217618, 6.287533864599124 ], [ -75.544439312022888, 6.287534023093057 ], [ -75.544440174907081, 6.287534205137213 ], [ -75.544441025300003, 6.287534419790092 ], [ -75.544441856920827, 6.287534676123359 ], [ -75.544442586516269, 6.287534948323273 ], [ -75.544444026075482, 6.287535543448771 ], [ -75.544444753004271, 6.287535824702763 ], [ -75.544445582002425, 6.287536099130938 ], [ -75.544446427088431, 6.287536337316447 ], [ -75.544447285600029, 6.287536549217458 ], [ -75.544449024934721, 6.287536915952023 ], [ -75.54445078303273, 6.287537239198038 ], [ -75.544453436274154, 6.287537689180495 ], [ -75.544489779392663, 6.287543638430088 ], [ -75.544493322426618, 6.287544229640517 ], [ -75.544495091301144, 6.287544539272253 ], [ -75.54449685577228, 6.287544872432224 ], [ -75.544498586944314, 6.28754523287759 ], [ -75.544501175759606, 6.287545812460951 ], [ -75.544506349929918, 6.287547003288251 ], [ -75.544508940512728, 6.287547574725986 ], [ -75.544510691531883, 6.287547928745889 ], [ -75.544513355809272, 6.287548418455014 ], [ -75.544645080398979, 6.287571003476891 ], [ -75.544647752566348, 6.28757144342088 ], [ -75.544650403789547, 6.287571850014862 ], [ -75.544654807174922, 6.287572474102358 ], [ -75.544665385020622, 6.287573927021106 ], [ -75.544667142797536, 6.287574184267985 ], [ -75.544668892574521, 6.287574468677036 ], [ -75.544669763480641, 6.287574628079013 ], [ -75.544670626347241, 6.287574806506389 ], [ -75.544671482108654, 6.28757501028339 ], [ -75.54467232809823, 6.287575248464083 ], [ -75.544673116388708, 6.287575513144895 ], [ -75.544673896688039, 6.287575806796071 ], [ -75.544676984986509, 6.287577090958017 ], [ -75.544677761742065, 6.287577399092161 ], [ -75.544678546515144, 6.287577683680461 ], [ -75.544679351942108, 6.287577941949059 ], [ -75.544680164474286, 6.287578174868028 ], [ -75.544680985041566, 6.287578387857476 ], [ -75.544682638614617, 6.287578770378659 ], [ -75.544684305547293, 6.287579113054019 ], [ -75.544685979536766, 6.287579420434812 ], [ -75.544687745581896, 6.287579705668682 ], [ -75.544690399418954, 6.287580092359331 ], [ -75.544705459293255, 6.287582176214117 ], [ -75.544710770502348, 6.287582933304056 ], [ -75.544713429896987, 6.287583347994848 ], [ -75.544717880965734, 6.287584115602618 ], [ -75.544885109845239, 6.287613884359893 ], [ -75.545390339744714, 6.28770327335797 ], [ -75.54547149297953, 6.287717714393795 ], [ -75.545775903135464, 6.287771572541945 ], [ -75.545783251980197, 6.28775954013983 ], [ -75.545591686641856, 6.287726443824874 ], [ -75.545459880361435, 6.287703594569029 ], [ -75.54522577116218, 6.287663147030745 ], [ -75.545093963974097, 6.287640297673931 ], [ -75.544860745529391, 6.287600004732895 ], [ -75.544710797527458, 6.28757400058872 ], [ -75.544707246313394, 6.287573399474606 ], [ -75.544705467645116, 6.287573119726931 ], [ -75.544703691828204, 6.287572868896808 ], [ -75.544701916160804, 6.28757264880561 ], [ -75.544698358694717, 6.287572248433792 ], [ -75.544691236732135, 6.28757148840916 ], [ -75.544686781741873, 6.287571029120904 ], [ -75.544680732170619, 6.287570426612652 ], [ -75.544679290090215, 6.287570241965134 ], [ -75.544678585593985, 6.287570114300601 ], [ -75.544677898084743, 6.287569949484916 ], [ -75.54467723111506, 6.287569734843275 ], [ -75.544676559275842, 6.287569447896721 ], [ -75.544675903480496, 6.28756911566667 ], [ -75.544674601630831, 6.287568410474249 ], [ -75.544673932313131, 6.287568084638795 ], [ -75.544673139227896, 6.287567763022542 ], [ -75.544672319273914, 6.287567490358962 ], [ -75.544671479609136, 6.287567252147462 ], [ -75.544670624720496, 6.287567042037463 ], [ -75.544669759077323, 6.287566850061977 ], [ -75.544668007198624, 6.287566505087924 ], [ -75.544665352948201, 6.287566033413025 ], [ -75.544648487613429, 6.287563177200714 ], [ -75.544597932841967, 6.287554540551202 ], [ -75.544513320983839, 6.287539401053403 ], [ -75.544510672304156, 6.287538960090139 ], [ -75.544508089026849, 6.287538590232853 ], [ -75.54450553673378, 6.287538274471141 ], [ -75.544497019401916, 6.287537273513322 ], [ -75.544494470613074, 6.287536935131778 ], [ -75.544492740766771, 6.287536661474284 ], [ -75.544490978181884, 6.287536344579031 ], [ -75.544488339102543, 6.287535833952571 ], [ -75.544471646657854, 6.287532484153049 ], [ -75.544469004991015, 6.287531998854102 ], [ -75.544467236288028, 6.287531724481615 ], [ -75.544465446207866, 6.287531513500782 ], [ -75.544462748800839, 6.287531271678242 ], [ -75.544459144080136, 6.287531001726252 ], [ -75.544451027311823, 6.287530430980488 ], [ -75.544448330953429, 6.287530218988321 ], [ -75.544446550979302, 6.287530042314311 ], [ -75.544445670371701, 6.287529931780973 ], [ -75.544444800496649, 6.287529798592676 ], [ -75.544443945827879, 6.287529633686555 ], [ -75.544443109018871, 6.287529425296288 ], [ -75.544442299034671, 6.287529158912468 ], [ -75.544441608190368, 6.287528865729346 ], [ -75.544440255063321, 6.287528206895386 ], [ -75.544439566819733, 6.287527891096903 ], [ -75.544438769278415, 6.287527582159434 ], [ -75.544437949355256, 6.287527315824006 ], [ -75.544437109699317, 6.287527079420244 ], [ -75.544436257512515, 6.287526867488409 ], [ -75.544435396373856, 6.287526672778219 ], [ -75.544433654381336, 6.287526316905825 ], [ -75.544430136365122, 6.287525667710197 ], [ -75.544415143231248, 6.287523001275899 ], [ -75.544353445778, 6.287511960591645 ], [ -75.544349907165042, 6.287511349468211 ], [ -75.544345465245968, 6.287510605319077 ], [ -75.544261956331383, 6.287496703552296 ], [ -75.544257509969299, 6.287495974793774 ], [ -75.544254837061033, 6.287495568303108 ], [ -75.54425215172742, 6.287495207982428 ], [ -75.544247660186144, 6.287494664785947 ], [ -75.544239628424847, 6.28749373740409 ], [ -75.54423795119493, 6.28749350688661 ], [ -75.544237163489356, 6.287493362448514 ], [ -75.544236429780796, 6.287493173446187 ], [ -75.544235768933703, 6.287492917185091 ], [ -75.544235208825953, 6.28749256640622 ], [ -75.544234832899932, 6.287492185799063 ], [ -75.544234518133308, 6.287491747031167 ], [ -75.544233943452241, 6.287490814981825 ], [ -75.544233626891724, 6.287490378935 ], [ -75.544233250987674, 6.287490002848266 ], [ -75.544232791458811, 6.287489710346658 ], [ -75.544232259099275, 6.287489491432444 ], [ -75.544231669185692, 6.287489328853165 ], [ -75.544231035218459, 6.287489211693804 ], [ -75.544230367074931, 6.28748912724874 ], [ -75.54422967466769, 6.287489070045069 ], [ -75.544228816965173, 6.287489024495568 ], [ -75.544227050317687, 6.287488986988445 ], [ -75.544224340557761, 6.287488992046193 ], [ -75.544216150166903, 6.28748907532497 ], [ -75.544215343291313, 6.287489076541577 ], [ -75.544217185622074, 6.287495386381546 ] ] ] } },
{ "type": "Feature", "properties": { "objectid": 703, "codigo": "0101-4", "nombre": "Santo Domingo Savio No.1", "riesgo": "Alto riesgo no mitigable", "descripcion": "Zona de alto riesgo no mitigable por inundaciones", "tipo_amenaza": "Inundaciones", "categoria_proteccion": "Áreas de Amenaza y Riesgo", "subcategoria_proteccion": "Zona de riesgo no mitigable", "fecha_adopcion": "2014-12-17T00:00:00", "fecha_actualizacion": "2026-04-30T00:00:00", "st_area(shape)": 8.6114472589318698, "st_perimeter(shape)": 29.714901866090635 }, "geometry": { "type": "Polygon", "coordinates": [ [ [ -75.545933127771676, 6.294278759225455 ], [ -75.545956860197194, 6.294290643670642 ], [ -75.54595887010322, 6.29429164465786 ], [ -75.545960079234447, 6.29429223185386 ], [ -75.545961291922609, 6.294292807279124 ], [ -75.545967368758184, 6.294295651792163 ], [ -75.545971821856156, 6.294297751104692 ], [ -75.545973038978403, 6.294298309330259 ], [ -75.545973858419501, 6.294298659742928 ], [ -75.545974271231998, 6.294298820468465 ], [ -75.545974687588227, 6.294298966711018 ], [ -75.545975109268852, 6.294299093037254 ], [ -75.545975538063388, 6.294299195822022 ], [ -75.545975973081454, 6.294299277781966 ], [ -75.545976411647658, 6.294299346163027 ], [ -75.54597729587195, 6.29429945486321 ], [ -75.545978631977874, 6.294299583057742 ], [ -75.545985328458627, 6.294300159760924 ], [ -75.546006294116395, 6.294302023924126 ], [ -75.546012987031332, 6.294302610589511 ], [ -75.546014769698843, 6.294302779098643 ], [ -75.54601565930038, 6.294302878731459 ], [ -75.546016101441154, 6.294302938958084 ], [ -75.546016542713602, 6.294303006421783 ], [ -75.546016982236225, 6.294303085647401 ], [ -75.546017420894927, 6.294303173014195 ], [ -75.54601829469064, 6.294303366751199 ], [ -75.546020037023737, 6.294303787702789 ], [ -75.546024386687989, 6.294304872207626 ], [ -75.546025257852335, 6.294305082231359 ], [ -75.546026130770926, 6.294305281397273 ], [ -75.546027006294452, 6.294305458851906 ], [ -75.546027446694197, 6.294305532648605 ], [ -75.546027888843781, 6.294305594683368 ], [ -75.546028331844056, 6.294305645864721 ], [ -75.546029222261026, 6.294305727411399 ], [ -75.546030560918993, 6.294305823045505 ], [ -75.546037713081006, 6.294306271854335 ], [ -75.546059166979518, 6.294307643607854 ], [ -75.546060954861261, 6.294307769598378 ], [ -75.546062296335592, 6.294307886917196 ], [ -75.546063111757775, 6.294307968829657 ], [ -75.546038712716339, 6.294302250032665 ], [ -75.546028326929161, 6.294299815305416 ], [ -75.546025908008147, 6.294299247572538 ], [ -75.545971778192524, 6.294288418225164 ], [ -75.545962592545152, 6.294286579777269 ], [ -75.545941179081495, 6.294280896137569 ], [ -75.545933127771676, 6.294278759225455 ] ] ] } },
{ "type": "Feature", "properties": { "objectid": 704, "codigo": "0101-5", "nombre": "Santo Domingo Savio No.1", "riesgo": "Alto riesgo no mitigable", "descripcion": "Zona de alto riesgo no mitigable por inundaciones", "tipo_amenaza": "Inundaciones", "categoria_proteccion": "Áreas de Amenaza y Riesgo", "subcategoria_proteccion": "Zona de riesgo no mitigable", "fecha_adopcion": "2014-12-17T00:00:00", "fecha_actualizacion": "2026-04-30T00:00:00", "st_area(shape)": 18.742862526076813, "st_perimeter(shape)": 30.34833474281394 }, "geometry": { "type": "Polygon", "coordinates": [ [ [ -75.546250708247683, 6.294300414838204 ], [ -75.546241486427377, 6.294314517776612 ], [ -75.546241555965622, 6.294314510204538 ], [ -75.546243350591496, 6.29431435136798 ], [ -75.546250988160892, 6.294313726439649 ], [ -75.546266260478717, 6.294312453993792 ], [ -75.546267608996743, 6.294312347963423 ], [ -75.546268507753084, 6.2943122866202 ], [ -75.546269856460526, 6.294312219465478 ], [ -75.546272107851294, 6.294312155139897 ], [ -75.546355415833403, 6.294310187327754 ], [ -75.546357670075622, 6.294310151919301 ], [ -75.54635993169606, 6.294310147214476 ], [ -75.546363107825215, 6.294310161554858 ], [ -75.54636722111357, 6.294310207487425 ], [ -75.546368116502336, 6.294310196790401 ], [ -75.546368551939295, 6.294310179296249 ], [ -75.546368971936573, 6.294310145603517 ], [ -75.546369370142898, 6.294310090318547 ], [ -75.546369738382225, 6.294310004440144 ], [ -75.546370062127252, 6.294309873573505 ], [ -75.546370326850663, 6.294309683323792 ], [ -75.546370518919886, 6.294309417483596 ], [ -75.546370651059533, 6.294309091360669 ], [ -75.546370739617259, 6.294308722053231 ], [ -75.546370797291203, 6.294308319444552 ], [ -75.546370834077749, 6.29430789523921 ], [ -75.546370856336978, 6.294307456639047 ], [ -75.546370876309737, 6.294306548818843 ], [ -75.546370880394335, 6.294305161899797 ], [ -75.546370869593474, 6.294304243380469 ], [ -75.546370856556919, 6.294303793199105 ], [ -75.546370834537726, 6.294303353910856 ], [ -75.546370797233038, 6.294302930066978 ], [ -75.546370739247976, 6.294302527118436 ], [ -75.546370650705185, 6.294302157770918 ], [ -75.546370519003375, 6.294301832031056 ], [ -75.546370327957945, 6.294301566251725 ], [ -75.546370063186913, 6.294301375872909 ], [ -75.546369738168707, 6.294301245459033 ], [ -75.546369370895036, 6.294301158648403 ], [ -75.546368972151257, 6.294301103635021 ], [ -75.546368551823576, 6.294301069521384 ], [ -75.546368116214794, 6.294301051756218 ], [ -75.546367221632664, 6.29430104255896 ], [ -75.546362653408181, 6.294301091968785 ], [ -75.546360384594635, 6.294301103941555 ], [ -75.546359026516981, 6.294301102430126 ], [ -75.546357670149533, 6.294301081020011 ], [ -75.546357219193595, 6.294301066042022 ], [ -75.546356318101573, 6.294301018904035 ], [ -75.546355416031119, 6.294300956401021 ], [ -75.546353615420685, 6.294300814199707 ], [ -75.54631715255158, 6.294297830426138 ], [ -75.546309049661332, 6.294297161136844 ], [ -75.546307699257468, 6.294297065560786 ], [ -75.546306798187445, 6.294297022943126 ], [ -75.54630634816148, 6.2942970133852 ], [ -75.546305448254941, 6.29429702410413 ], [ -75.546304548471738, 6.294297060137445 ], [ -75.546302749059535, 6.294297163847054 ], [ -75.546294200283398, 6.294297705522992 ], [ -75.546278175762581, 6.294298704078393 ], [ -75.546277164071114, 6.294298767780797 ], [ -75.546253257365549, 6.294300257745565 ], [ -75.546250708247683, 6.294300414838204 ] ] ] } },
{ "type": "Feature", "properties": { "objectid": 710, "codigo": "0101-6", "nombre": "Santo Domingo Savio No.1", "riesgo": "Alto riesgo no mitigable", "descripcion": "Zona de alto riesgo no mitigable por inundaciones", "tipo_amenaza": "Inundaciones", "categoria_proteccion": "Áreas de Amenaza y Riesgo", "subcategoria_proteccion": "Zona de riesgo no mitigable", "fecha_adopcion": "2014-12-17T00:00:00", "fecha_actualizacion": "2026-04-30T00:00:00", "st_area(shape)": 49.165712148969696, "st_perimeter(shape)": 67.30721201897569 }, "geometry": { "type": "Polygon", "coordinates": [ [ [ -75.544913827786758, 6.293969969638311 ], [ -75.544915450084275, 6.293970233864965 ], [ -75.544937269576423, 6.293973759280815 ], [ -75.544943950530865, 6.293974858649285 ], [ -75.54494484029965, 6.29397499263951 ], [ -75.544945729958371, 6.293975104027574 ], [ -75.544946173800511, 6.293975142548382 ], [ -75.544946618466966, 6.293975164791251 ], [ -75.544947061220668, 6.293975165344856 ], [ -75.544947499320102, 6.29397513789384 ], [ -75.544947937309459, 6.293975087840664 ], [ -75.54494837431163, 6.29397502061426 ], [ -75.544948811260952, 6.293974942538825 ], [ -75.54494968414599, 6.293974763790236 ], [ -75.54495099198833, 6.293974469003411 ], [ -75.544956225927407, 6.293973260912118 ], [ -75.544962770538291, 6.293971782431028 ], [ -75.544964073779184, 6.293971470488568 ], [ -75.544964934662644, 6.293971239360237 ], [ -75.544965360522795, 6.29397111070885 ], [ -75.544965780895566, 6.293970968522615 ], [ -75.544966197570488, 6.293970809176365 ], [ -75.5449666096616, 6.293970636290861 ], [ -75.544967018998022, 6.293970454377712 ], [ -75.544967829442058, 6.29397007070116 ], [ -75.544969441162507, 6.293969276269559 ], [ -75.544970248869461, 6.293968887181715 ], [ -75.54497106481405, 6.293968519752294 ], [ -75.544971477826323, 6.293968350478718 ], [ -75.544971896334758, 6.293968196548161 ], [ -75.544972323063206, 6.29396806065969 ], [ -75.54497275347633, 6.293967939218963 ], [ -75.544973626202804, 6.29396772792324 ], [ -75.544974507166941, 6.293967538285922 ], [ -75.54497671874266, 6.293967090819116 ], [ -75.544977599702392, 6.293966900277709 ], [ -75.544978036537231, 6.293966798696029 ], [ -75.54497847242007, 6.29396668717381 ], [ -75.544978902837585, 6.293966566637163 ], [ -75.544979329557236, 6.29396642894052 ], [ -75.544979747157697, 6.293966274110279 ], [ -75.544980160165565, 6.293966103932615 ], [ -75.544980569510798, 6.293965923827628 ], [ -75.544981380862751, 6.293965541050756 ], [ -75.544983396445417, 6.293964553883376 ], [ -75.544984208775773, 6.293964186471545 ], [ -75.544984619989748, 6.293964019014942 ], [ -75.544985034901572, 6.293963868718353 ], [ -75.544985456257137, 6.293963742801251 ], [ -75.544985886793512, 6.293963646674911 ], [ -75.544986321962114, 6.293963574032784 ], [ -75.544986762640107, 6.293963519445944 ], [ -75.544987206090397, 6.293963477503085 ], [ -75.544988100333825, 6.293963417088344 ], [ -75.544988998270753, 6.293963372929533 ], [ -75.544993049115192, 6.293963213042095 ], [ -75.544996648210088, 6.293963060781873 ], [ -75.545017781888433, 6.293962133193347 ], [ -75.545019131601279, 6.293962086831727 ], [ -75.545020030564984, 6.293962067982869 ], [ -75.545020931432674, 6.293962069015068 ], [ -75.545021830554901, 6.29396208271329 ], [ -75.54508654156102, 6.293963710118767 ], [ -75.545112339029529, 6.293964359151864 ], [ -75.545114590129444, 6.293964420504174 ], [ -75.545116016233692, 6.293964475029825 ], [ -75.545116393094062, 6.293964489466184 ], [ -75.545119099949574, 6.293964623637113 ], [ -75.545211591958349, 6.293969352270166 ], [ -75.545208078091264, 6.29396715253359 ], [ -75.545155648476509, 6.293955324792952 ], [ -75.545130692030426, 6.293944058346647 ], [ -75.545116017123277, 6.293943321629142 ], [ -75.545059219967612, 6.29394046764282 ], [ -75.545050116050533, 6.293940011156575 ], [ -75.545044031150141, 6.293942374326259 ], [ -75.545034815886495, 6.293944101801698 ], [ -75.545020567784348, 6.293945286036607 ], [ -75.545005758617407, 6.293947038073827 ], [ -75.544995142371775, 6.293947932463795 ], [ -75.54498649547854, 6.29395189121639 ], [ -75.544977290223827, 6.293956972880241 ], [ -75.544968652378984, 6.293962604187061 ], [ -75.544954141024405, 6.293967991994766 ], [ -75.544942404789225, 6.293968606146631 ], [ -75.544926196454838, 6.293969526896276 ], [ -75.544915851705596, 6.293969580949531 ], [ -75.544913827786758, 6.293969969638311 ] ] ] } },
{ "type": "Feature", "properties": { "objectid": 705, "codigo": "0104-9", "nombre": "Granizal", "riesgo": "Alto riesgo no mitigable", "descripcion": "Zona de alto riesgo no mitigable por inundaciones", "tipo_amenaza": "Inundaciones", "categoria_proteccion": "Áreas de Amenaza y Riesgo", "subcategoria_proteccion": "Zona de riesgo no mitigable", "fecha_adopcion": "2014-12-17T00:00:00", "fecha_actualizacion": "2026-04-30T00:00:00", "st_area(shape)": 65.178381242571163, "st_perimeter(shape)": 121.24657030620705 }, "geometry": { "type": "Polygon", "coordinates": [ [ [ -75.546063111757775, 6.294307968829657 ], [ -75.546064979464845, 6.294308158622331 ], [ -75.546146374057685, 6.294316650744094 ], [ -75.546154562510353, 6.29431837561487 ], [ -75.546156287367566, 6.294318733363743 ], [ -75.546157151096452, 6.294318900930496 ], [ -75.546158016557541, 6.294319053118998 ], [ -75.54615845149192, 6.294319117901169 ], [ -75.546159338409183, 6.294319222971459 ], [ -75.546160228826125, 6.294319304517895 ], [ -75.546161566615709, 6.294319407388715 ], [ -75.546178978111257, 6.294320631597067 ], [ -75.54618969281762, 6.29432140116041 ], [ -75.54619058579982, 6.294321452858781 ], [ -75.546191476882427, 6.294321485580181 ], [ -75.546191922359867, 6.294321488831636 ], [ -75.546192366867658, 6.29432147852623 ], [ -75.546192806782813, 6.294321452873429 ], [ -75.546193245732724, 6.294321414567833 ], [ -75.546193684638595, 6.294321367221402 ], [ -75.546194999381711, 6.294321190835668 ], [ -75.546205508203371, 6.29431957637023 ], [ -75.546206822862771, 6.294319382806851 ], [ -75.546208140320914, 6.29431920731195 ], [ -75.546209460652719, 6.294319065254957 ], [ -75.546211225435016, 6.294318901139458 ], [ -75.546226231853851, 6.294317577553654 ], [ -75.546227554032384, 6.294317443624572 ], [ -75.546228430865639, 6.294317333566598 ], [ -75.546228867863078, 6.294317265434987 ], [ -75.546229307522694, 6.294317187345235 ], [ -75.546229745326769, 6.294317099319347 ], [ -75.546230619044081, 6.294316906098784 ], [ -75.546232362697125, 6.294316485320052 ], [ -75.546236711736441, 6.294315401778731 ], [ -75.546237582659401, 6.294315191393765 ], [ -75.54623845543351, 6.294314990040849 ], [ -75.546239331019592, 6.294314809468644 ], [ -75.546239771582762, 6.29431473137446 ], [ -75.546240215813015, 6.294314664111678 ], [ -75.546240660995267, 6.294314606789405 ], [ -75.546241486427377, 6.294314517776612 ], [ -75.546250708247683, 6.294300414838204 ], [ -75.546248307268243, 6.294300562167106 ], [ -75.54624335349061, 6.294300853044967 ], [ -75.546242453826309, 6.294300913488479 ], [ -75.546241560566145, 6.294300990174655 ], [ -75.546241116252233, 6.294301040259831 ], [ -75.546240675609766, 6.294301102080477 ], [ -75.54624023866522, 6.294301181061092 ], [ -75.546239809063636, 6.29430128351268 ], [ -75.546239387726146, 6.294301413047116 ], [ -75.546238972828078, 6.294301566056932 ], [ -75.546238562531457, 6.29430173622231 ], [ -75.546238155002754, 6.294301918127564 ], [ -75.546237346371555, 6.29430230270117 ], [ -75.546235734636156, 6.294303093519985 ], [ -75.546234922324658, 6.294303464549952 ], [ -75.546234511124496, 6.294303634719735 ], [ -75.546234096226414, 6.294303787729532 ], [ -75.546233675788073, 6.294303916355489 ], [ -75.546233246182069, 6.294304017902973 ], [ -75.546232811040198, 6.294304095970701 ], [ -75.54623237129249, 6.294304155978767 ], [ -75.546231927877713, 6.294304205155429 ], [ -75.546231482607354, 6.29430424439599 ], [ -75.546230588386365, 6.294304309333455 ], [ -75.546224297629706, 6.294304663692131 ], [ -75.546211277219214, 6.294305421563875 ], [ -75.546210380256724, 6.29430548018593 ], [ -75.546209485145383, 6.294305547840036 ], [ -75.546208591938054, 6.294305635375177 ], [ -75.546208147654951, 6.29430569178893 ], [ -75.546207709758377, 6.294305760828994 ], [ -75.546207272809397, 6.294305838905519 ], [ -75.546206838597513, 6.29430592239332 ], [ -75.546205969349487, 6.294306105646865 ], [ -75.54620380225667, 6.29430659539506 ], [ -75.546195573641896, 6.29430849618784 ], [ -75.546194707152964, 6.294308689373081 ], [ -75.546193839689991, 6.294308868097377 ], [ -75.546193404556931, 6.294308947973244 ], [ -75.546192970278952, 6.294309017899767 ], [ -75.546192535018122, 6.294309071557163 ], [ -75.546192098756848, 6.294309105329097 ], [ -75.546191660573911, 6.294309115603643 ], [ -75.546191220478178, 6.294309104188969 ], [ -75.546190780311932, 6.294309078308925 ], [ -75.546190340092835, 6.294309041579864 ], [ -75.546189898035792, 6.294308998531016 ], [ -75.546189015653937, 6.294308897055084 ], [ -75.546181948925735, 6.294307993970167 ], [ -75.546165611381184, 6.294305946306391 ], [ -75.546163401761646, 6.294305682237089 ], [ -75.546161614514858, 6.294305501093341 ], [ -75.54605396854906, 6.294296109963708 ], [ -75.546048585497587, 6.29429564348425 ], [ -75.546043649047363, 6.294295225456161 ], [ -75.546042753209093, 6.29429514393593 ], [ -75.546041858230311, 6.294295053370454 ], [ -75.546040969470695, 6.294294941076068 ], [ -75.546040527272666, 6.294294869096378 ], [ -75.546040089526343, 6.294294783533362 ], [ -75.546039673403584, 6.29429468520738 ], [ -75.546039261728112, 6.294294572393987 ], [ -75.546038851811261, 6.294294449626846 ], [ -75.546038036402862, 6.294294185084751 ], [ -75.546037224529371, 6.294293904251504 ], [ -75.546034386930231, 6.294292899165161 ], [ -75.546033573298075, 6.294292628285641 ], [ -75.546033165166335, 6.29429250098926 ], [ -75.546032754367985, 6.294292382746953 ], [ -75.546032341819782, 6.294292276266565 ], [ -75.54603192663582, 6.294292185168851 ], [ -75.546031490753833, 6.294292111350115 ], [ -75.546031050437819, 6.294292054731036 ], [ -75.546030608376341, 6.294292010777959 ], [ -75.546029720758128, 6.29429194729974 ], [ -75.546028382245566, 6.294291881500442 ], [ -75.546021678227248, 6.294291612230793 ], [ -75.545999342690266, 6.294290662473222 ], [ -75.545991746632737, 6.294290349636809 ], [ -75.545990409010471, 6.294290281120735 ], [ -75.545989518668378, 6.294290214943415 ], [ -75.545989075703346, 6.294290170994708 ], [ -75.545988634483749, 6.29429011438 ], [ -75.545988196812303, 6.294290044186389 ], [ -75.545987761794223, 6.294289962226453 ], [ -75.545986893450674, 6.294289774791526 ], [ -75.545985596215715, 6.294289464681976 ], [ -75.545976523235964, 6.294287198042353 ], [ -75.545962262074582, 6.294283661124875 ], [ -75.545961399888526, 6.294283439303835 ], [ -75.545960542154134, 6.294283203899452 ], [ -75.545959692437208, 6.29428294494921 ], [ -75.545959267949016, 6.294282798746305 ], [ -75.545958426099773, 6.294282485511276 ], [ -75.545957172205021, 6.29428198351964 ], [ -75.545949684520622, 6.29427887736856 ], [ -75.545942607052623, 6.294275955462341 ], [ -75.545940948287978, 6.294275253829751 ], [ -75.545940127855289, 6.294274885339706 ], [ -75.545939722112664, 6.29427469203181 ], [ -75.545939323572014, 6.294274493264121 ], [ -75.545938537232033, 6.29427407488193 ], [ -75.545937368456791, 6.294273425105652 ], [ -75.54592418852036, 6.294265921117587 ], [ -75.545917585084865, 6.294262186819147 ], [ -75.545916811275731, 6.294261743964897 ], [ -75.545916047348371, 6.294261289309061 ], [ -75.545915671220357, 6.294261054267768 ], [ -75.545915301377548, 6.294260811058853 ], [ -75.545914942324501, 6.294260556948048 ], [ -75.545914594034798, 6.294260286510799 ], [ -75.545914264636011, 6.294259998803391 ], [ -75.545913946912918, 6.294259696573317 ], [ -75.545913638163654, 6.294259381641981 ], [ -75.545913335704043, 6.294259059447125 ], [ -75.54591274516234, 6.294258398713341 ], [ -75.545912162704155, 6.294257727994952 ], [ -75.545906389320919, 6.294250958177916 ], [ -75.545905223505457, 6.294249617649601 ], [ -75.545904624880251, 6.294248966900401 ], [ -75.545904316131029, 6.294248651969055 ], [ -75.545903999307072, 6.294248348830496 ], [ -75.545903669899488, 6.294248059314892 ], [ -75.545903318881528, 6.294247785274533 ], [ -75.545902956192279, 6.294247526660891 ], [ -75.545902582713254, 6.294247278949171 ], [ -75.545902202949009, 6.294247039405072 ], [ -75.545901043006737, 6.294246347996666 ], [ -75.545895949800638, 6.294243429068421 ], [ -75.545886173701788, 6.294237795346667 ], [ -75.545881474642002, 6.294235100522376 ], [ -75.545880694459584, 6.294234647753957 ], [ -75.545879922360697, 6.294234185000934 ], [ -75.545879164617332, 6.294233701383438 ], [ -75.545878797432366, 6.294233447312241 ], [ -75.545878439212444, 6.294233178731615 ], [ -75.545878114423914, 6.294232909987924 ], [ -75.545877797710119, 6.294232629451446 ], [ -75.545877489088639, 6.29423234073855 ], [ -75.545876883494941, 6.294231743365573 ], [ -75.545875100872678, 6.294229914915781 ], [ -75.545874494384265, 6.294229319355391 ], [ -75.545874183047729, 6.294229029751611 ], [ -75.545873866329515, 6.294228748311063 ], [ -75.545873520680047, 6.294228463395193 ], [ -75.545873168745345, 6.294228186646941 ], [ -75.545872448713325, 6.294227654023724 ], [ -75.545870978091472, 6.294226622378278 ], [ -75.545862463162578, 6.294220758285881 ], [ -75.545817701450346, 6.294189867205427 ], [ -75.545815486533002, 6.294188330177946 ], [ -75.545814383991001, 6.294187550790943 ], [ -75.545812555096632, 6.294186239715519 ], [ -75.545800349293643, 6.294177453468591 ], [ -75.545784799388443, 6.294166260525725 ], [ -75.545783335016878, 6.294165213479582 ], [ -75.545782230672273, 6.294164435005367 ], [ -75.545779626889384, 6.294162644916194 ], [ -75.545756110766149, 6.294146564348607 ], [ -75.545767634146188, 6.294169586374082 ], [ -75.545786493860632, 6.294182638291629 ], [ -75.545788351496853, 6.294183913966834 ], [ -75.545789479166487, 6.294184657971202 ], [ -75.545790235045388, 6.294185129844601 ], [ -75.545790998099832, 6.294185590833703 ], [ -75.545792532270227, 6.29418649830692 ], [ -75.545798387921479, 6.294189938803859 ], [ -75.545801757955445, 6.294191918634332 ], [ -75.545807917098244, 6.294195522198278 ], [ -75.545809057166593, 6.294196214608011 ], [ -75.545809431509468, 6.294196454178652 ], [ -75.545809797755609, 6.294196701021644 ], [ -75.545810156821773, 6.294196957844845 ], [ -75.545810504212241, 6.294197229190678 ], [ -75.545810838141918, 6.294197519588423 ], [ -75.545811160387117, 6.294197822700633 ], [ -75.54581147545673, 6.294198136697135 ], [ -75.54581178242961, 6.294198457965988 ], [ -75.545812386506796, 6.294199115017509 ], [ -75.545814169996461, 6.294201121572458 ], [ -75.545814772288551, 6.294201783153224 ], [ -75.545815387151109, 6.29420242839875 ], [ -75.54581570402344, 6.29420274148235 ], [ -75.545816029878424, 6.294203043672841 ], [ -75.545816368330279, 6.29420333495263 ], [ -75.545816716668355, 6.294203615334901 ], [ -75.545817071296057, 6.294203888453653 ], [ -75.545817794034278, 6.294204420159678 ], [ -75.545818893865658, 6.29420519955988 ], [ -75.545825529710243, 6.294209836904676 ], [ -75.545851669912324, 6.294228163126506 ], [ -75.545855350100922, 6.294230746291023 ], [ -75.545859393935217, 6.294233598913797 ], [ -75.545860133744071, 6.294234110646117 ], [ -75.545860878017848, 6.29423461150738 ], [ -75.545861253273117, 6.294234852881725 ], [ -75.545861634813619, 6.294235086088464 ], [ -75.545862021713759, 6.294235306611555 ], [ -75.545862417565715, 6.294235509912969 ], [ -75.545862804250035, 6.294235686135893 ], [ -75.54586319898705, 6.294235846045612 ], [ -75.545863599083688, 6.294235993271699 ], [ -75.545864003658465, 6.294236132338997 ], [ -75.545864821768632, 6.294236395060048 ], [ -75.545866870567977, 6.294237033311282 ], [ -75.545867272418874, 6.294237169679531 ], [ -75.545867670690811, 6.294237313298094 ], [ -75.545868059080917, 6.294237468718223 ], [ -75.545868435799733, 6.294237639565119 ], [ -75.545868797268298, 6.294237833089061 ], [ -75.545869136288999, 6.294238055653893 ], [ -75.54586945744569, 6.294238320798884 ], [ -75.545869755255382, 6.294238615893274 ], [ -75.545870037819213, 6.294238934568794 ], [ -75.545870306900241, 6.294239267775795 ], [ -75.545870825342732, 6.294239966833814 ], [ -75.545872090957218, 6.294241761641128 ], [ -75.545872352893525, 6.29424211206099 ], [ -75.545872622018607, 6.294242454308841 ], [ -75.54587290284141, 6.294242786554444 ], [ -75.545873199848856, 6.294243102447195 ], [ -75.545873519374624, 6.29424340376441 ], [ -75.545873855089454, 6.29424368963284 ], [ -75.545874202493195, 6.294243963690871 ], [ -75.545874918875811, 6.294244489099017 ], [ -75.545876021321106, 6.294245248595934 ], [ -75.545883077789441, 6.294249980627351 ], [ -75.545893825849419, 6.294257225246773 ], [ -75.54589937947209, 6.294260988173045 ], [ -75.545900496272964, 6.294261726805408 ], [ -75.545901251244075, 6.294262197778883 ], [ -75.545901634534431, 6.294262419223659 ], [ -75.545902024088008, 6.294262627980379 ], [ -75.545902421681049, 6.294262817711645 ], [ -75.545902821861389, 6.294262982115312 ], [ -75.545903229177668, 6.294263127497931 ], [ -75.545903642761559, 6.294263261096595 ], [ -75.545904060810329, 6.294263383824184 ], [ -75.545904905859715, 6.2942636120577 ], [ -75.54590702377017, 6.294264155040421 ], [ -75.545907854402387, 6.2942643914812 ], [ -75.545908258038381, 6.294264523320154 ], [ -75.545908650897829, 6.294264668773284 ], [ -75.545909029392945, 6.294264833282719 ], [ -75.545909386334969, 6.294265025020489 ], [ -75.545909714526289, 6.294265250350418 ], [ -75.545909998606547, 6.294265509347484 ], [ -75.54591025843628, 6.294265798298336 ], [ -75.545910501204219, 6.29426610903097 ], [ -75.545911208016619, 6.294267081114421 ], [ -75.545911458925346, 6.294267393615555 ], [ -75.545911728716163, 6.294267687038362 ], [ -75.545912047259137, 6.294267972086407 ], [ -75.545912389175527, 6.29426823260957 ], [ -75.545912750881968, 6.294268474954049 ], [ -75.545913125172049, 6.294268703675555 ], [ -75.545913508453623, 6.294268923312153 ], [ -75.545914293898846, 6.294269343506985 ], [ -75.545915494999349, 6.294269951536736 ], [ -75.54591911986715, 6.294271751109951 ], [ -75.545923138797491, 6.29427375760961 ], [ -75.545933127771676, 6.294278759225455 ], [ -75.545941179081495, 6.294280896137569 ], [ -75.545962592545152, 6.294286579777269 ], [ -75.545971778192524, 6.294288418225164 ], [ -75.546025908008147, 6.294299247572538 ], [ -75.546028326929161, 6.294299815305416 ], [ -75.546038712716339, 6.294302250032665 ], [ -75.546063111757775, 6.294307968829657 ] ] ] } },
{ "type": "Feature", "properties": { "objectid": 706, "codigo": "0104-6", "nombre": "Granizal", "riesgo": "Alto riesgo no mitigable", "descripcion": "Zona de alto riesgo no mitigable por inundaciones", "tipo_amenaza": "Inundaciones", "categoria_proteccion": "Áreas de Amenaza y Riesgo", "subcategoria_proteccion": "Zona de riesgo no mitigable", "fecha_adopcion": "2014-12-17T00:00:00", "fecha_actualizacion": "2026-04-30T00:00:00", "st_area(shape)": 0.20393324008339142, "st_perimeter(shape)": 5.5333257365171722 }, "geometry": { "type": "Polygon", "coordinates": [ [ [ -75.54561688431987, 6.294050239950884 ], [ -75.545621802772956, 6.294054012308287 ], [ -75.545632089631141, 6.294061365870092 ], [ -75.545633286516377, 6.294062221646671 ], [ -75.545637701747751, 6.294063967642312 ], [ -75.545636542745598, 6.294063098119377 ], [ -75.545635475385325, 6.29406230680681 ], [ -75.545634396362559, 6.294061532729134 ], [ -75.545633280399883, 6.294060780530192 ], [ -75.545631773901022, 6.294059803305081 ], [ -75.545619192941345, 6.294051722276265 ], [ -75.54561688431987, 6.294050239950884 ] ] ] } },
{ "type": "Feature", "properties": { "objectid": 711, "codigo": "0102-2", "nombre": "Santo Domingo Savio No.2", "riesgo": "Alto riesgo no mitigable", "descripcion": "Zona de alto riesgo no mitigable por inundaciones", "tipo_amenaza": "Inundaciones", "categoria_proteccion": "Áreas de Amenaza y Riesgo", "subcategoria_proteccion": "Zona de riesgo no mitigable", "fecha_adopcion": "2014-12-17T00:00:00", "fecha_actualizacion": "2026-04-30T00:00:00", "st_area(shape)": 118.15229064648625, "st_perimeter(shape)": 117.58719542620241 }, "geometry": { "type": "Polygon", "coordinates": [ [ [ -75.53995453677345, 6.295563989965424 ], [ -75.539947870037977, 6.295573443247972 ], [ -75.539957627884064, 6.295585170891686 ], [ -75.539959834672189, 6.295587823660735 ], [ -75.540321617071044, 6.295710470939979 ], [ -75.540397159772482, 6.295736080085466 ], [ -75.540431914522415, 6.295747862324228 ], [ -75.54043308997737, 6.29572851587241 ], [ -75.540401185167269, 6.295717672691374 ], [ -75.540380695165851, 6.295710708626834 ], [ -75.539968057799086, 6.295570466299679 ], [ -75.539959193294877, 6.295557747923207 ], [ -75.53995453677345, 6.295563989965424 ] ] ] } },
{ "type": "Feature", "properties": { "objectid": 716, "codigo": "9003-26", "nombre": "Piedras Blancas - Matasano", "riesgo": "Riesgo medio", "descripcion": "Zona de riesgo medio por inundaciones", "tipo_amenaza": "Inundaciones", "categoria_proteccion": "N/A", "subcategoria_proteccion": "N/A", "fecha_adopcion": "2014-12-17T00:00:00", "fecha_actualizacion": "2026-04-30T00:00:00", "st_area(shape)": 922.04796348159402, "st_perimeter(shape)": 136.87489310873269 }, "geometry": { "type": "Polygon", "coordinates": [ [ [ -75.537887185185255, 6.249301294101475 ], [ -75.537892798945521, 6.249303793994319 ], [ -75.537898440766028, 6.249306304600977 ], [ -75.537907284611293, 6.249309568243954 ], [ -75.537914360025695, 6.24931314872777 ], [ -75.537926083448014, 6.249319622535438 ], [ -75.537938947885166, 6.249326448862513 ], [ -75.537946942281749, 6.249331740915795 ], [ -75.537973127201511, 6.249318364705482 ], [ -75.538036077258852, 6.249305712378395 ], [ -75.538044126372952, 6.249296869258265 ], [ -75.538063448367694, 6.249275638697879 ], [ -75.53807058054656, 6.24923140668206 ], [ -75.538071206190338, 6.249201139372821 ], [ -75.538071418648656, 6.249200980127154 ], [ -75.538078421803135, 6.249195758510836 ], [ -75.538078318392323, 6.24919567311938 ], [ -75.538078196850847, 6.249195575157886 ], [ -75.538075081874808, 6.249149541900216 ], [ -75.538097064798123, 6.249136956281945 ], [ -75.538099356077922, 6.249135645103754 ], [ -75.538131655609007, 6.249117154634013 ], [ -75.538131757418824, 6.249117095375064 ], [ -75.53812965262648, 6.249107802212621 ], [ -75.538126385570024, 6.249093374778201 ], [ -75.538127654039926, 6.249092241224218 ], [ -75.538132125186422, 6.24908824877006 ], [ -75.538120939336267, 6.249074089215778 ], [ -75.538120467759114, 6.249072600609974 ], [ -75.538114434795887, 6.249070104551305 ], [ -75.538113419042972, 6.249069684522539 ], [ -75.53810910490968, 6.24906539182851 ], [ -75.538100476634582, 6.24905680463206 ], [ -75.538095445130068, 6.249052513593342 ], [ -75.538094555218038, 6.249052146299591 ], [ -75.53808683113769, 6.249048949580951 ], [ -75.538085333155621, 6.249048954101385 ], [ -75.538084346547308, 6.249048957056839 ], [ -75.538070617918279, 6.249047658132033 ], [ -75.538069618186071, 6.249047562602477 ], [ -75.538050275821817, 6.249054074293413 ], [ -75.538049153022357, 6.249054313879952 ], [ -75.53804006413371, 6.249056255497372 ], [ -75.538036660538808, 6.249056982563874 ], [ -75.538021351147194, 6.249061568006787 ], [ -75.538017315615591, 6.249062776400269 ], [ -75.538010145527721, 6.249062795649069 ], [ -75.538001672383572, 6.249056775383222 ], [ -75.538001225429355, 6.249056458389193 ], [ -75.538000086731387, 6.249055649280915 ], [ -75.537989335809357, 6.249057113413266 ], [ -75.537977869174256, 6.249059297962891 ], [ -75.537968561261621, 6.249064347170229 ], [ -75.537959964849847, 6.24906724024831 ], [ -75.537954240324609, 6.249071561521384 ], [ -75.537938481344312, 6.249077345274994 ], [ -75.537927024781581, 6.249083118201202 ], [ -75.537918430023197, 6.249086729136881 ], [ -75.537915490464911, 6.249088505446235 ], [ -75.537907692481284, 6.249093217361514 ], [ -75.537894800423814, 6.249098275735399 ], [ -75.537883341297885, 6.249103329903233 ], [ -75.537872586170664, 6.249103360130101 ], [ -75.53786111862965, 6.249105544682139 ], [ -75.537860474955409, 6.24910546551545 ], [ -75.537855380726029, 6.249104842764911 ], [ -75.537846760875709, 6.249099126986543 ], [ -75.537843860202301, 6.249096600431952 ], [ -75.537841009442587, 6.249094119746164 ], [ -75.537835255609338, 6.249087677689203 ], [ -75.537828786966458, 6.249081956045119 ], [ -75.53782642501011, 6.249081726050057 ], [ -75.537814441681817, 6.249080560638348 ], [ -75.537804413086505, 6.249084175782461 ], [ -75.537792948098087, 6.249087077282622 ], [ -75.537784344177567, 6.249087101642497 ], [ -75.537781539572293, 6.249087635047818 ], [ -75.537772877539197, 6.249089286188252 ], [ -75.537772640089656, 6.249089321690928 ], [ -75.537758542321825, 6.249091478253783 ], [ -75.537747801473031, 6.249096531663789 ], [ -75.537728456541046, 6.249102325491409 ], [ -75.537716275082971, 6.249105228640893 ], [ -75.537715224617997, 6.249105479631086 ], [ -75.537738406705003, 6.249184200989458 ], [ -75.537738172790441, 6.249184969711121 ], [ -75.537738102518304, 6.249185198791099 ], [ -75.537734776105822, 6.249196125692298 ], [ -75.537734616897964, 6.249196648134413 ], [ -75.53773876316815, 6.249219907232053 ], [ -75.537739848723859, 6.249225997524533 ], [ -75.537741952028838, 6.249237794188593 ], [ -75.537742812082413, 6.249240963474862 ], [ -75.537749617127233, 6.249266048702784 ], [ -75.537749939059808, 6.249267232441358 ], [ -75.537753222959125, 6.249267539355634 ], [ -75.537758009203614, 6.249268933898208 ], [ -75.537820224600523, 6.24926431367174 ], [ -75.537856762648914, 6.249261599418415 ], [ -75.537858522942969, 6.249261468864271 ], [ -75.537877234977501, 6.249260079309952 ], [ -75.537881087932831, 6.249259793089897 ], [ -75.537886803240511, 6.249259368589938 ], [ -75.53788585576504, 6.249262241012222 ], [ -75.537887185185255, 6.249301294101475 ] ] ] } },
{ "type": "Feature", "properties": { "objectid": 707, "codigo": "0104-8", "nombre": "Granizal", "riesgo": "Alto riesgo no mitigable", "descripcion": "Zona de alto riesgo no mitigable por inundaciones", "tipo_amenaza": "Inundaciones", "categoria_proteccion": "Áreas de Amenaza y Riesgo", "subcategoria_proteccion": "Zona de riesgo no mitigable", "fecha_adopcion": "2014-12-17T00:00:00", "fecha_actualizacion": "2026-04-30T00:00:00", "st_area(shape)": 63.711065909118929, "st_perimeter(shape)": 96.802689892203659 }, "geometry": { "type": "Polygon", "coordinates": [ [ [ -75.545299497182171, 6.293973845582256 ], [ -75.545318521018359, 6.293973846842616 ], [ -75.545320554393683, 6.293973730242498 ], [ -75.545330166656839, 6.293973184302397 ], [ -75.545406485740827, 6.293968852146893 ], [ -75.545450649633821, 6.293984238952661 ], [ -75.545533840017185, 6.294013221253177 ], [ -75.54554198147288, 6.294016057512899 ], [ -75.545549633685155, 6.294018624022233 ], [ -75.545551951844089, 6.294019096414134 ], [ -75.545551721977205, 6.294018837152375 ], [ -75.54555144865617, 6.294018560924498 ], [ -75.545551158282152, 6.294018308286562 ], [ -75.545550814647029, 6.294018065853561 ], [ -75.545550447664894, 6.294017853369932 ], [ -75.545550063616574, 6.294017661763989 ], [ -75.5455496669978, 6.294017486493296 ], [ -75.545549261396346, 6.294017322115675 ], [ -75.545548849509672, 6.29401716590567 ], [ -75.545547592296529, 6.294016724503975 ], [ -75.545542085121639, 6.2940148907095 ], [ -75.545530673302437, 6.294011058703044 ], [ -75.54552940799698, 6.294010625477725 ], [ -75.545528568920517, 6.294010324885692 ], [ -75.545528152511693, 6.294010167793615 ], [ -75.545527327729118, 6.29400983367992 ], [ -75.545526919350962, 6.294009655754202 ], [ -75.545526110656155, 6.294009285397783 ], [ -75.545524097353152, 6.29400832872592 ], [ -75.545515261363207, 6.29400407278861 ], [ -75.545514050540262, 6.29400350910613 ], [ -75.545513235617506, 6.294003158670391 ], [ -75.545512823704414, 6.294002997035845 ], [ -75.545512405528129, 6.294002848089336 ], [ -75.545511978395581, 6.294002715460417 ], [ -75.545511545912191, 6.294002597323313 ], [ -75.545511109863043, 6.294002489148774 ], [ -75.545510231532347, 6.294002291816319 ], [ -75.545507578733464, 6.29400175415224 ], [ -75.545506696823807, 6.294001564070092 ], [ -75.545505822940413, 6.294001352250236 ], [ -75.545505392246511, 6.294001230487977 ], [ -75.545504965096356, 6.294001094242716 ], [ -75.545504545990084, 6.294000939876084 ], [ -75.545504132230278, 6.294000770113571 ], [ -75.545503722036216, 6.294000590388491 ], [ -75.545502908775234, 6.294000210109098 ], [ -75.545501285761787, 6.293999427834634 ], [ -75.5455004680271, 6.293999056618124 ], [ -75.545500056056753, 6.293998883230457 ], [ -75.545499640542673, 6.293998724325759 ], [ -75.545499220607724, 6.293998585332988 ], [ -75.545498794471214, 6.293998471685446 ], [ -75.545498361256037, 6.293998388812075 ], [ -75.545497922738434, 6.293998330375442 ], [ -75.545496623735801, 6.293998213751766 ], [ -75.545496211487247, 6.293998168748639 ], [ -75.545495819923516, 6.293998103754268 ], [ -75.545495460759923, 6.293998012382783 ], [ -75.545495143856286, 6.293997878312203 ], [ -75.54549488629641, 6.293997684281146 ], [ -75.545494701580708, 6.293997419374507 ], [ -75.545494575314038, 6.293997096319999 ], [ -75.545494487706321, 6.29399673329624 ], [ -75.545494425279159, 6.293996345738801 ], [ -75.545494325605347, 6.293995546090231 ], [ -75.54549426316936, 6.293995156724624 ], [ -75.545494176460792, 6.293994792792375 ], [ -75.545494049281757, 6.293994467934087 ], [ -75.545493865460813, 6.293994201214873 ], [ -75.545493617870832, 6.293994013463948 ], [ -75.545493313621307, 6.293993880235761 ], [ -75.5454929662083, 6.293993789711074 ], [ -75.545492589127818, 6.293993730070718 ], [ -75.545492190467783, 6.293993692234163 ], [ -75.545491776522226, 6.293993669841977 ], [ -75.54549091804688, 6.293993653234053 ], [ -75.545490039794686, 6.293993657517032 ], [ -75.54548559637432, 6.293993729816261 ], [ -75.545484712722825, 6.29399373864609 ], [ -75.545483842567364, 6.293993735656714 ], [ -75.545483416924071, 6.293993723266742 ], [ -75.545483002978528, 6.293993700874531 ], [ -75.54548260431848, 6.293993663037968 ], [ -75.545482227237997, 6.293993603397604 ], [ -75.54548187982499, 6.293993512872926 ], [ -75.545481575575465, 6.293993379644713 ], [ -75.545481327985485, 6.293993191893781 ], [ -75.545481157849935, 6.293992952231034 ], [ -75.545481037171925, 6.293992663505321 ], [ -75.545480951556272, 6.293992338444334 ], [ -75.545480889327266, 6.293991991570736 ], [ -75.545480747593274, 6.293990904621255 ], [ -75.545480685364296, 6.293990557747656 ], [ -75.545480598853885, 6.293990234499261 ], [ -75.545480477281131, 6.293989947586122 ], [ -75.545480307149987, 6.29398970882744 ], [ -75.545480049590111, 6.293989514796388 ], [ -75.545479732690893, 6.293989381629863 ], [ -75.545479373522895, 6.293989289354296 ], [ -75.54547898196796, 6.293989226168077 ], [ -75.54547856880707, 6.293989179361155 ], [ -75.545477270707991, 6.29398906273303 ], [ -75.545476832194808, 6.293989005200459 ], [ -75.545476398979631, 6.293988922327047 ], [ -75.545475971939581, 6.293988808683905 ], [ -75.545475552004632, 6.293988669691093 ], [ -75.545475136490552, 6.293988510786385 ], [ -75.545474724524638, 6.293988338302759 ], [ -75.54547390678556, 6.293987966182126 ], [ -75.545472283780981, 6.293987185715706 ], [ -75.545471467813769, 6.293986806353549 ], [ -75.545471056720572, 6.293986627536925 ], [ -75.545470642061616, 6.293986458682865 ], [ -75.545470221157061, 6.293986306133179 ], [ -75.545469793107785, 6.29398617079637 ], [ -75.54546936061999, 6.293986051755138 ], [ -75.545468923662895, 6.293985942680876 ], [ -75.545468041726835, 6.293985747174142 ], [ -75.545465830301566, 6.293985297768049 ], [ -75.54546496280912, 6.293985099478555 ], [ -75.545464540286829, 6.293984985813352 ], [ -75.545464129440234, 6.293984857625508 ], [ -75.54546373475192, 6.293984707660299 ], [ -75.545463361607887, 6.293984528658602 ], [ -75.545463018982062, 6.293984307919144 ], [ -75.545462733147872, 6.293984059779538 ], [ -75.545462473344926, 6.293983776252806 ], [ -75.545462227888734, 6.29398347005344 ], [ -75.545461521099526, 6.293982502489314 ], [ -75.545461271099157, 6.293982190887475 ], [ -75.5454609995016, 6.293981897473082 ], [ -75.545460682766119, 6.293981612415777 ], [ -75.545460339942125, 6.293981350992487 ], [ -75.545459979139565, 6.293981108643105 ], [ -75.54545960574454, 6.293980878108516 ], [ -75.545459222463293, 6.293980658471438 ], [ -75.545458831984448, 6.293980445198198 ], [ -75.545458038434305, 6.293980030466529 ], [ -75.545457238603333, 6.29397962480656 ], [ -75.545451610088278, 6.293976809742399 ], [ -75.545450399177355, 6.29397622797802 ], [ -75.545449990772809, 6.293976044627718 ], [ -75.545449579701653, 6.29397587033149 ], [ -75.545449164174386, 6.293975708714503 ], [ -75.545448742392708, 6.29397556159372 ], [ -75.545448317062878, 6.293975428051835 ], [ -75.545447889066452, 6.293975303564027 ], [ -75.545447025020863, 6.293975070901612 ], [ -75.545445721378002, 6.293974743643505 ], [ -75.545440930364492, 6.293973575394375 ], [ -75.545439622283126, 6.293973264431809 ], [ -75.545438747575488, 6.293973068889746 ], [ -75.545438308000215, 6.293972978814467 ], [ -75.54543744520609, 6.293972817570379 ], [ -75.54543614390758, 6.29397260060186 ], [ -75.545433964665932, 6.293972265860246 ], [ -75.545430900257131, 6.293971814284876 ], [ -75.545429603511593, 6.29397160452698 ], [ -75.545429182959353, 6.293971524304102 ], [ -75.545428772306551, 6.293971435895983 ], [ -75.545428376948053, 6.293971333851665 ], [ -75.545428004090283, 6.293971213615494 ], [ -75.545427660018476, 6.293971067019837 ], [ -75.545427358241824, 6.293970884957761 ], [ -75.54542711315996, 6.293970655605624 ], [ -75.545426944695024, 6.29397038790738 ], [ -75.545426825727276, 6.293970079282945 ], [ -75.545426741848317, 6.293969739747763 ], [ -75.545426680470072, 6.293969382020711 ], [ -75.545426541371995, 6.293968279688488 ], [ -75.54542647912983, 6.293967930102614 ], [ -75.545426393514234, 6.293967605041603 ], [ -75.545426272836238, 6.293967316315863 ], [ -75.545426101801581, 6.293967077561573 ], [ -75.545425845145274, 6.293966883526058 ], [ -75.545425528250476, 6.293966751263589 ], [ -75.545425168192153, 6.293966661704617 ], [ -75.545424774860962, 6.293966604855782 ], [ -75.545424359950189, 6.293966569810728 ], [ -75.545423929758329, 6.293966551114126 ], [ -75.545423040593064, 6.293966540984471 ], [ -75.545420308323358, 6.293966568774256 ], [ -75.545419401968573, 6.293966554207894 ], [ -75.545418952793327, 6.293966533795651 ], [ -75.545418507161813, 6.293966498900403 ], [ -75.545418065946791, 6.293966443189159 ], [ -75.545417632731599, 6.293966360315688 ], [ -75.545417218350096, 6.293966248418966 ], [ -75.545416811064882, 6.293966109364422 ], [ -75.545416408209377, 6.293965952206134 ], [ -75.545416008902009, 6.293965781468928 ], [ -75.545415611348901, 6.2939655998739 ], [ -75.54541442938249, 6.293965024297 ], [ -75.545411290746443, 6.293963432100425 ], [ -75.545409714735456, 6.293962653212804 ], [ -75.545408919594024, 6.29396228279003 ], [ -75.545408518457535, 6.293962107541208 ], [ -75.545407693683856, 6.29396177523543 ], [ -75.545406861783036, 6.293961463758866 ], [ -75.545405606337496, 6.293961014211141 ], [ -75.545398471226207, 6.29395850032794 ], [ -75.545397209535082, 6.293958067084577 ], [ -75.545396366090657, 6.293957797253203 ], [ -75.545395941717246, 6.293957674555902 ], [ -75.545395514686007, 6.293957562720827 ], [ -75.545395085027806, 6.2939574680766 ], [ -75.545394643715895, 6.29395739247545 ], [ -75.545394200676142, 6.293957333156659 ], [ -75.545393305728467, 6.293957248918377 ], [ -75.545392406381936, 6.293957189112444 ], [ -75.545391505289928, 6.293957141972514 ], [ -75.545386541724852, 6.293956907602662 ], [ -75.54537932584411, 6.293956547695942 ], [ -75.545169433173982, 6.293946004041194 ], [ -75.545130692030426, 6.293944058346647 ], [ -75.545155648476509, 6.293955324792952 ], [ -75.545208078091264, 6.29396715253359 ], [ -75.545211591958349, 6.293969352270166 ], [ -75.545299497182171, 6.293973845582256 ] ] ] } },
{ "type": "Feature", "properties": { "objectid": 712, "codigo": "9003-26", "nombre": "Piedras Blancas - Matasano", "riesgo": "Alto riesgo no mitigable", "descripcion": "Zona de alto riesgo no mitigable por inundaciones", "tipo_amenaza": "Inundaciones", "categoria_proteccion": "Áreas de Amenaza y Riesgo", "subcategoria_proteccion": "Zona de riesgo no mitigable", "fecha_adopcion": "2014-12-17T00:00:00", "fecha_actualizacion": "2026-04-30T00:00:00", "st_area(shape)": 307.24243318869196, "st_perimeter(shape)": 277.80549194256037 }, "geometry": { "type": "Polygon", "coordinates": [ [ [ -75.537293708495085, 6.294340272751302 ], [ -75.537298415210344, 6.294344174623471 ], [ -75.537319338179771, 6.294345226558706 ], [ -75.537348831880891, 6.2943467087745 ], [ -75.537395271797166, 6.29435313004658 ], [ -75.537422719948097, 6.294360970880163 ], [ -75.537432970812731, 6.294363898287783 ], [ -75.537429033049705, 6.294354601456285 ], [ -75.537423937721016, 6.29434566014372 ], [ -75.537421051036773, 6.294340315502599 ], [ -75.537414885595851, 6.294328898507479 ], [ -75.537409798879395, 6.294321358527091 ], [ -75.537401993996326, 6.294314521598619 ], [ -75.537397413252322, 6.294310510621701 ], [ -75.537392538577592, 6.294305886277106 ], [ -75.537390655884437, 6.294304100766307 ], [ -75.537381667840705, 6.294297186410796 ], [ -75.537377998252325, 6.294294363528504 ], [ -75.537362856430846, 6.29429052956397 ], [ -75.537356669846943, 6.294291133750495 ], [ -75.537341686577562, 6.294292598018106 ], [ -75.537340649392547, 6.294292251360402 ], [ -75.537319108616174, 6.294302228081222 ], [ -75.537312985896065, 6.294300911621745 ], [ -75.537312611025627, 6.294301121389977 ], [ -75.537301697461629, 6.294304257467343 ], [ -75.537292174855622, 6.294304301950658 ], [ -75.537272848175178, 6.294304111106007 ], [ -75.537270255366934, 6.294304020641277 ], [ -75.537258844840338, 6.29430362224518 ], [ -75.537251169867432, 6.294303070072903 ], [ -75.537247921264097, 6.29430283542561 ], [ -75.537236999048616, 6.294302328874107 ], [ -75.537226914415911, 6.294302373375938 ], [ -75.537212620992619, 6.294300201562134 ], [ -75.537207291800982, 6.294299667821915 ], [ -75.537198125072592, 6.294299499011168 ], [ -75.537196849103836, 6.294299475377975 ], [ -75.537196258264686, 6.294299496332318 ], [ -75.537188814943207, 6.29429975763852 ], [ -75.53717503868674, 6.294299512686048 ], [ -75.537153290342616, 6.294299493636499 ], [ -75.537143350967071, 6.294299493129092 ], [ -75.537142810626193, 6.294299493043298 ], [ -75.537138369533025, 6.294299492932405 ], [ -75.537132843222707, 6.294299489055486 ], [ -75.537132057109631, 6.294299489260263 ], [ -75.537128431060907, 6.29429949242032 ], [ -75.537124489644086, 6.294299491688654 ], [ -75.537114551171882, 6.294299491176305 ], [ -75.537109566739346, 6.294299990064142 ], [ -75.537103108861203, 6.294300176962355 ], [ -75.537095554048335, 6.294299807738507 ], [ -75.537092529127662, 6.294299489728654 ], [ -75.537084075104588, 6.294299462109586 ], [ -75.537071730048396, 6.294298086385449 ], [ -75.537066076938345, 6.294295973829144 ], [ -75.5370621842562, 6.294294658280176 ], [ -75.537052658069754, 6.294292290603648 ], [ -75.537042846755796, 6.29428926159817 ], [ -75.537031046608647, 6.294283429564802 ], [ -75.537025576441337, 6.294280845075955 ], [ -75.53701799064504, 6.294276885769639 ], [ -75.537015039362046, 6.294274612709524 ], [ -75.537010827904538, 6.294270916372357 ], [ -75.537001838332799, 6.294266478380396 ], [ -75.536996787575944, 6.294264296895048 ], [ -75.536992581137426, 6.294262192675864 ], [ -75.536985241098648, 6.294257671624409 ], [ -75.536976205945521, 6.294253150674991 ], [ -75.536973728415632, 6.294251865315323 ], [ -75.53697010869621, 6.294249263694405 ], [ -75.536960851414051, 6.294245146154488 ], [ -75.536946518355776, 6.294235926965516 ], [ -75.536938640522294, 6.294227835473144 ], [ -75.536933608995128, 6.294221611604996 ], [ -75.536925950974094, 6.294211336515492 ], [ -75.536920599857609, 6.29420721716688 ], [ -75.536918647986937, 6.294205513359987 ], [ -75.536909648877483, 6.29419855203306 ], [ -75.53690475010265, 6.294197524359809 ], [ -75.536901670045921, 6.294196644258364 ], [ -75.536891428601123, 6.294196587350314 ], [ -75.53687795473823, 6.294194976612786 ], [ -75.536861577707953, 6.294187602703857 ], [ -75.536855439009955, 6.294185042256337 ], [ -75.536848231035705, 6.294181480728039 ], [ -75.536833350665191, 6.294175105821366 ], [ -75.536830262583536, 6.294174806198892 ], [ -75.536822339885831, 6.294174038236256 ], [ -75.53680769286288, 6.294174037998832 ], [ -75.536800369353557, 6.29417403833202 ], [ -75.5367904299777, 6.294174037816924 ], [ -75.536787409312794, 6.294174038031999 ], [ -75.536783427235775, 6.294174037494987 ], [ -75.536777483490226, 6.294174037450783 ], [ -75.536777409389686, 6.294174036002699 ], [ -75.536773692748042, 6.294173990778147 ], [ -75.536770572080059, 6.294173307065654 ], [ -75.536759935781149, 6.294170646420355 ], [ -75.536749773737711, 6.294163865235346 ], [ -75.53673900389991, 6.294157707225423 ], [ -75.536733255417815, 6.294154002984937 ], [ -75.536725491712389, 6.294145781644696 ], [ -75.536719275407421, 6.294139146735061 ], [ -75.536716936469702, 6.29413644305099 ], [ -75.536709899380099, 6.294128622317477 ], [ -75.536702020265423, 6.294121941241889 ], [ -75.536696520505402, 6.294114004543134 ], [ -75.536692178176182, 6.294107359621394 ], [ -75.536686753692763, 6.294101155741187 ], [ -75.536684548626837, 6.294098481241959 ], [ -75.536678214199227, 6.294090593804833 ], [ -75.536663380657444, 6.294083627373945 ], [ -75.536650394217048, 6.294080235869966 ], [ -75.536634057433119, 6.294079104656102 ], [ -75.536622963591029, 6.294078981363489 ], [ -75.536607418750066, 6.294076444924862 ], [ -75.536592836627094, 6.294073433668385 ], [ -75.536585265653343, 6.294070107160342 ], [ -75.536576565250996, 6.294067348499151 ], [ -75.536562822938095, 6.294062927264609 ], [ -75.536547409083298, 6.294060756353145 ], [ -75.536546108341042, 6.294060655084772 ], [ -75.536538677206167, 6.294060076400153 ], [ -75.536531585002962, 6.294059888453438 ], [ -75.536521646530787, 6.294059887927951 ], [ -75.536520026381382, 6.294060067582655 ], [ -75.536518580530895, 6.294060228308057 ], [ -75.536511278966699, 6.294060654367179 ], [ -75.53649503300106, 6.294060735122962 ], [ -75.536486631278635, 6.294060499292462 ], [ -75.536476509528455, 6.294058481676201 ], [ -75.536473083514892, 6.29405762495148 ], [ -75.536467338822334, 6.294054887185398 ], [ -75.536461099285916, 6.294051656369876 ], [ -75.53645746659366, 6.294048429160546 ], [ -75.536450130371918, 6.294041900948693 ], [ -75.53643942615976, 6.294029343298203 ], [ -75.536429297523725, 6.294019018722271 ], [ -75.536425926843833, 6.294014669138977 ], [ -75.536422829174171, 6.294010160009202 ], [ -75.536415488886576, 6.294001118381543 ], [ -75.536409301741159, 6.293992112739452 ], [ -75.536409280783801, 6.293992076676756 ], [ -75.536403631946328, 6.293981907537357 ], [ -75.536394597389503, 6.293971736767595 ], [ -75.536389516059472, 6.293962696819938 ], [ -75.536379635650192, 6.293950270780901 ], [ -75.536376846089937, 6.29394557300193 ], [ -75.536369687707122, 6.293937892987662 ], [ -75.536366930414374, 6.293934444536262 ], [ -75.536365223457096, 6.293932004492016 ], [ -75.536362217696279, 6.293933958420335 ], [ -75.536383036624002, 6.294059160116229 ], [ -75.536383451089506, 6.294060380883695 ], [ -75.536384047541958, 6.294061523818225 ], [ -75.536384811922034, 6.29406256197908 ], [ -75.536385726212117, 6.294063470895194 ], [ -75.536386768860964, 6.294064229142008 ], [ -75.536387915291741, 6.294064818846465 ], [ -75.536389138481269, 6.294065226108316 ], [ -75.536390409597104, 6.294065441327768 ], [ -75.53647596242152, 6.294073097515668 ], [ -75.536518081382056, 6.294079698097391 ], [ -75.536548767691897, 6.294084507130727 ], [ -75.536568300765694, 6.294087567561641 ], [ -75.536657025646491, 6.294092906430381 ], [ -75.5367148470974, 6.294152576252132 ], [ -75.536802123870785, 6.294193534232805 ], [ -75.53688813762804, 6.294207912893429 ], [ -75.536923010333652, 6.294255739132136 ], [ -75.536976046459884, 6.294267946352032 ], [ -75.537017154747502, 6.294290640483792 ], [ -75.537066847347091, 6.294301672323384 ], [ -75.537125937404582, 6.294304749299471 ], [ -75.53717843137656, 6.29430429974478 ], [ -75.537218907342208, 6.294322564065431 ], [ -75.537267877813406, 6.294318859645568 ], [ -75.537293708495085, 6.294340272751302 ] ] ] } },
{ "type": "Feature", "properties": { "objectid": 717, "codigo": "0806-1", "nombre": "LLanaditas", "riesgo": "Alto riesgo mitigable", "descripcion": "Zona de alto riesgo mitigable por inundaciones", "tipo_amenaza": "Inundaciones", "categoria_proteccion": "N/A", "subcategoria_proteccion": "N/A", "fecha_adopcion": "2014-12-17T00:00:00", "fecha_actualizacion": "2026-04-30T00:00:00", "st_area(shape)": 7.7600155920459937, "st_perimeter(shape)": 18.102304981975166 }, "geometry": { "type": "Polygon", "coordinates": [ [ [ -75.539272007836644, 6.248690567694297 ], [ -75.539239079734529, 6.248720332814807 ], [ -75.539242114093739, 6.248719293798514 ], [ -75.539244800746161, 6.248717909282519 ], [ -75.539258005986255, 6.248711103530291 ], [ -75.539285366813459, 6.248695591510881 ], [ -75.539305472402646, 6.248694472746251 ], [ -75.539296503800912, 6.248682575454733 ], [ -75.539294863390026, 6.248680399042807 ], [ -75.539292150901048, 6.248676802024028 ], [ -75.539272007836644, 6.248690567694297 ] ] ] } },
{ "type": "Feature", "properties": { "objectid": 718, "codigo": "0811-1", "nombre": "Trece de Noviembre", "riesgo": "Alto riesgo mitigable", "descripcion": "Zona de alto riesgo mitigable por inundaciones", "tipo_amenaza": "Inundaciones", "categoria_proteccion": "N/A", "subcategoria_proteccion": "N/A", "fecha_adopcion": "2014-12-17T00:00:00", "fecha_actualizacion": "2026-04-30T00:00:00", "st_area(shape)": 12.622451188702762, "st_perimeter(shape)": 28.644638022333805 }, "geometry": { "type": "Polygon", "coordinates": [ [ [ -75.539256103711296, 6.248662881933878 ], [ -75.539255001523387, 6.248663273313785 ], [ -75.539243267121805, 6.248667444610026 ], [ -75.539239206049785, 6.248669537355996 ], [ -75.539223423658498, 6.248673081764248 ], [ -75.539204605185077, 6.248677308072009 ], [ -75.539196476175519, 6.248679133862977 ], [ -75.539187780192151, 6.248681984039568 ], [ -75.539181816587103, 6.248686186228204 ], [ -75.539174062443053, 6.248690991067314 ], [ -75.539167730290544, 6.248695771859816 ], [ -75.539165063852792, 6.248698724913075 ], [ -75.539162490883967, 6.248701575350168 ], [ -75.539165355720954, 6.248700605865653 ], [ -75.539172254436053, 6.248698274289801 ], [ -75.53922000328609, 6.248682129465328 ], [ -75.539280189722902, 6.248666176807611 ], [ -75.539280052328081, 6.248665227249058 ], [ -75.539279739314011, 6.248663083302117 ], [ -75.539278946845286, 6.248657630811202 ], [ -75.539278330599188, 6.248657618417945 ], [ -75.539269518804787, 6.248657437665835 ], [ -75.539256103711296, 6.248662881933878 ] ] ] } },
{ "type": "Feature", "properties": { "objectid": 708, "codigo": "0101-7", "nombre": "Santo Domingo Savio No.1", "riesgo": "Alto riesgo no mitigable", "descripcion": "Zona de alto riesgo no mitigable por inundaciones", "tipo_amenaza": "Inundaciones", "categoria_proteccion": "Áreas de Amenaza y Riesgo", "subcategoria_proteccion": "Zona de riesgo no mitigable", "fecha_adopcion": "2014-12-17T00:00:00", "fecha_actualizacion": "2026-04-30T00:00:00", "st_area(shape)": 69.532246840883872, "st_perimeter(shape)": 117.22561666729075 }, "geometry": { "type": "Polygon", "coordinates": [ [ [ -75.545299497182171, 6.293973845582256 ], [ -75.545370385693374, 6.293977469835902 ], [ -75.545376702324759, 6.293977789826551 ], [ -75.545381666820035, 6.293978029616533 ], [ -75.54538256971918, 6.293978076747654 ], [ -75.5453834681622, 6.293978136557996 ], [ -75.545384364017877, 6.293978221695974 ], [ -75.545384807956793, 6.293978280106278 ], [ -75.545385249264328, 6.293978354803329 ], [ -75.545385685243019, 6.29397844851263 ], [ -75.545386118599126, 6.293978560316864 ], [ -75.545386548389459, 6.293978682083647 ], [ -75.545387406286338, 6.293978950940442 ], [ -75.545389110527694, 6.293979528491055 ], [ -75.545401037885171, 6.29398364910972 ], [ -75.545402321186742, 6.293984066877853 ], [ -75.545402751007927, 6.293984194973223 ], [ -75.545403182578951, 6.293984311306671 ], [ -75.545403617698113, 6.293984414061218 ], [ -75.545404055435483, 6.293984497816732 ], [ -75.54540447768035, 6.293984554524597 ], [ -75.545404904354911, 6.293984593128716 ], [ -75.545405331866959, 6.293984618167152 ], [ -75.54540619398297, 6.29398464018212 ], [ -75.545407061423418, 6.293984642280749 ], [ -75.545409231697306, 6.293984619943927 ], [ -75.545410084689735, 6.293984623921236 ], [ -75.54541050219666, 6.293984635446842 ], [ -75.545410908913809, 6.293984657874366 ], [ -75.545411299441895, 6.293984695750643 ], [ -75.545411668394834, 6.293984756334805 ], [ -75.545412007675893, 6.293984846899193 ], [ -75.545412305591725, 6.293984978350131 ], [ -75.545412549558677, 6.293985164310564 ], [ -75.545412734283147, 6.293985431025418 ], [ -75.545412859659422, 6.293985756796643 ], [ -75.545412946367932, 6.293986120728914 ], [ -75.545413008803848, 6.293986510094572 ], [ -75.54541310849514, 6.293987313359545 ], [ -75.54541317093107, 6.293987702725185 ], [ -75.545413257644, 6.293988067561557 ], [ -75.545413383915019, 6.293988391520207 ], [ -75.54541356954303, 6.293988658230654 ], [ -75.5454138270985, 6.293988851357666 ], [ -75.545414143993312, 6.293988983620155 ], [ -75.545414506762313, 6.293989073165895 ], [ -75.545414899189979, 6.293989130019153 ], [ -75.545415315903455, 6.293989164151311 ], [ -75.545415746994479, 6.293989181939423 ], [ -75.545416639765207, 6.293989190243265 ], [ -75.54541891844768, 6.293989163761295 ], [ -75.545419816679342, 6.293989180175466 ], [ -75.545420255937572, 6.293989205156607 ], [ -75.545420685353605, 6.293989250076098 ], [ -75.545421101344076, 6.293989321280151 ], [ -75.545421497628155, 6.293989427840484 ], [ -75.545421867052269, 6.293989585161791 ], [ -75.545422192453373, 6.293989794231875 ], [ -75.545422494586717, 6.293990049524887 ], [ -75.545422777899603, 6.29399033655342 ], [ -75.545423051387914, 6.293990647136656 ], [ -75.545423846808816, 6.293991631446675 ], [ -75.54542411674457, 6.293991954704711 ], [ -75.545424398364844, 6.293992265248288 ], [ -75.545424694331857, 6.293992553119217 ], [ -75.545425012737951, 6.293992810141082 ], [ -75.545425367123158, 6.293993033535539 ], [ -75.545425744833381, 6.293993222460176 ], [ -75.54542614050014, 6.29399338779047 ], [ -75.545426547820597, 6.293993534077686 ], [ -75.545426965926424, 6.293993668558916 ], [ -75.545427388497174, 6.293993792169073 ], [ -75.545428246222329, 6.29399402576644 ], [ -75.545433445438064, 6.293995335778003 ], [ -75.54544122852657, 6.293997316693834 ], [ -75.545442951156858, 6.29399777390832 ], [ -75.545443804452333, 6.293998025609383 ], [ -75.545444226181189, 6.29399816188114 ], [ -75.545444644357474, 6.29399831082773 ], [ -75.545445059902377, 6.293998476061049 ], [ -75.545445470982358, 6.293998652165443 ], [ -75.545446285120477, 6.293999027016032 ], [ -75.545448704346299, 6.294000214064218 ], [ -75.545449514905414, 6.294000596165097 ], [ -75.545449924195921, 6.294000775894633 ], [ -75.545450337052188, 6.294000945661604 ], [ -75.545450755254905, 6.294001100032691 ], [ -75.545451181505925, 6.294001237186493 ], [ -75.545451612199827, 6.294001358948819 ], [ -75.545452046455097, 6.294001469844478 ], [ -75.545452484289342, 6.294001573489838 ], [ -75.545453364396323, 6.294001764484967 ], [ -75.545454689451475, 6.294002035583985 ], [ -75.545462658541169, 6.294003617785298 ], [ -75.545463980043763, 6.294003901559106 ], [ -75.545464852142075, 6.294004117908269 ], [ -75.545465282840397, 6.294004240574664 ], [ -75.545465709095808, 6.294004378632536 ], [ -75.545466127307336, 6.294004534811777 ], [ -75.545466539264453, 6.294004705487221 ], [ -75.545467355187654, 6.294005075808518 ], [ -75.545469372250153, 6.294006062297843 ], [ -75.545470182800486, 6.294006442590496 ], [ -75.545470591169817, 6.294006618708082 ], [ -75.545471003087314, 6.294006781246765 ], [ -75.545471419425681, 6.294006923873537 ], [ -75.545471843768325, 6.294007040242167 ], [ -75.545472276983517, 6.294007123115557 ], [ -75.545472717295013, 6.294007178831147 ], [ -75.545473162935352, 6.294007215534499 ], [ -75.545473612110627, 6.294007235946682 ], [ -75.545474517566291, 6.294007251421411 ], [ -75.545476797174317, 6.294007229455188 ], [ -75.545477698032968, 6.294007228678399 ], [ -75.545478139023416, 6.294007238281227 ], [ -75.545478569219711, 6.294007257881854 ], [ -75.545478984130483, 6.29400729292685 ], [ -75.545479375663405, 6.294007351592627 ], [ -75.545479736625296, 6.294007441147125 ], [ -75.545480053528948, 6.29400757521773 ], [ -75.545480311088824, 6.294007769248778 ], [ -75.545480495813337, 6.294008035963591 ], [ -75.545480621189668, 6.29400836173478 ], [ -75.545480707907032, 6.294008727475203 ], [ -75.545480769439465, 6.294009116845221 ], [ -75.54548086913087, 6.294009920110136 ], [ -75.545480930672113, 6.294010311288338 ], [ -75.545481017385086, 6.294010676124677 ], [ -75.545481143664972, 6.29401100189146 ], [ -75.545481327490336, 6.294011269514762 ], [ -75.545481570558152, 6.294011456383639 ], [ -75.545481868478419, 6.294011588738591 ], [ -75.545482207763868, 6.294011680207023 ], [ -75.545482576721227, 6.294011741695206 ], [ -75.545482967258124, 6.294011781379589 ], [ -75.545483373984084, 6.294011805615213 ], [ -75.545484214397234, 6.294011824119431 ], [ -75.545485509200006, 6.294011820517368 ], [ -75.545494634851707, 6.294011730808773 ], [ -75.545495918860283, 6.2940117372045 ], [ -75.545496335472464, 6.29401175054262 ], [ -75.545496742194004, 6.294011773874132 ], [ -75.545497132735306, 6.294011814462604 ], [ -75.545497502596206, 6.294011875946371 ], [ -75.545497840973724, 6.294011966515096 ], [ -75.545498138893976, 6.294012098870053 ], [ -75.545498381961806, 6.29401228573892 ], [ -75.545498552101776, 6.29401252630574 ], [ -75.545498672788625, 6.294012816839611 ], [ -75.545498758404293, 6.294013141900588 ], [ -75.54549881974296, 6.294013491490854 ], [ -75.545498960591075, 6.294014582061052 ], [ -75.545499021929757, 6.294014931651301 ], [ -75.545499107545425, 6.294015256712277 ], [ -75.545499229131408, 6.294015546337658 ], [ -75.545499398367824, 6.294015786908883 ], [ -75.545499655024173, 6.294015980944342 ], [ -75.545499971927825, 6.294016115014929 ], [ -75.545500332894136, 6.294016205473492 ], [ -75.545500724422666, 6.294016263235165 ], [ -75.54550113933783, 6.294016299184224 ], [ -75.545501569534125, 6.29401631878483 ], [ -75.545502457804673, 6.294016330726889 ], [ -75.545505190092086, 6.294016306552923 ], [ -75.545506099135523, 6.294016316585445 ], [ -75.54550655009588, 6.294016332468362 ], [ -75.545506999310788, 6.294016361017285 ], [ -75.545507444087207, 6.294016405861783 ], [ -75.545507884455958, 6.294016473330444 ], [ -75.54550831682046, 6.294016567057231 ], [ -75.545508745676443, 6.294016682499707 ], [ -75.545509171001896, 6.294016815137438 ], [ -75.545509593669536, 6.29401695863741 ], [ -75.545510013666174, 6.294017110287355 ], [ -75.545510852830716, 6.294017428961131 ], [ -75.545516702114739, 6.294019748401213 ], [ -75.545525896447401, 6.294023370620077 ], [ -75.54553132744509, 6.29402551851132 ], [ -75.545532163925429, 6.294025842622773 ], [ -75.54553300486188, 6.294026154054999 ], [ -75.545533852903418, 6.294026440137574 ], [ -75.545534280913117, 6.294026567337538 ], [ -75.545534708847939, 6.294026679168057 ], [ -75.545535140339723, 6.294026779227826 ], [ -75.545535573594563, 6.294026870237927 ], [ -75.545536445450708, 6.294027036862245 ], [ -75.545538197149611, 6.294027340236412 ], [ -75.545543900623741, 6.294028292473428 ], [ -75.545549614874432, 6.294029231096204 ], [ -75.545550485787388, 6.294029389588146 ], [ -75.545550914520064, 6.294029479716179 ], [ -75.545551336063966, 6.294029578016237 ], [ -75.545551750454337, 6.294029691721006 ], [ -75.545552150484738, 6.294029825386141 ], [ -75.545552532580658, 6.294029987166073 ], [ -75.545552890465615, 6.294030187036553 ], [ -75.545553211507553, 6.294030428675643 ], [ -75.545553510136855, 6.294030706588301 ], [ -75.545553791717566, 6.294031008994997 ], [ -75.545554063447298, 6.29403132953186 ], [ -75.545554855315913, 6.294032326516371 ], [ -75.545555125256158, 6.294032650678397 ], [ -75.545555406876531, 6.294032961221848 ], [ -75.545555701935655, 6.294033248192985 ], [ -75.545556020341806, 6.294033505214751 ], [ -75.545556375626219, 6.294033727700578 ], [ -75.545556752428539, 6.294033915725411 ], [ -75.545557148994476, 6.294034080147086 ], [ -75.545557556310555, 6.294034225530086 ], [ -75.545557972604911, 6.294034359115915 ], [ -75.54555839607923, 6.294034482721533 ], [ -75.545559252892076, 6.294034714514873 ], [ -75.545567917947906, 6.294036897263514 ], [ -75.545571389178264, 6.294037763647126 ], [ -75.545572682921829, 6.294038099090069 ], [ -75.54557352804575, 6.294038342693772 ], [ -75.545573939826753, 6.2940384772057 ], [ -75.545574341739155, 6.294038626231459 ], [ -75.545574727480087, 6.294038794322331 ], [ -75.545575090764373, 6.294038989645931 ], [ -75.545575425311142, 6.294039221273963 ], [ -75.54557570939555, 6.294039481175396 ], [ -75.545575967417889, 6.294039770135351 ], [ -75.545576211992639, 6.294040080859469 ], [ -75.545576917010237, 6.294041055664803 ], [ -75.545577167015111, 6.294041368170648 ], [ -75.545577438617144, 6.294041662489025 ], [ -75.54557775716863, 6.294041949345571 ], [ -75.545578102703374, 6.29404221075554 ], [ -75.54557846532191, 6.294042454904141 ], [ -75.54557884233121, 6.294042685420978 ], [ -75.545579228327583, 6.294042905948793 ], [ -75.545580019211258, 6.294043329734275 ], [ -75.545581225754376, 6.294043942259181 ], [ -75.545586489179058, 6.294046562006588 ], [ -75.545601429177452, 6.29405404747844 ], [ -75.545607492433419, 6.294057072885205 ], [ -75.545608296804332, 6.294057483043251 ], [ -75.545609091297834, 6.294057905906959 ], [ -75.545609483619089, 6.294058126403895 ], [ -75.545609869659529, 6.29405835597255 ], [ -75.545610245818139, 6.294058597342767 ], [ -75.545610607581594, 6.294058851440696 ], [ -75.545610961265922, 6.294059116427309 ], [ -75.54561165068688, 6.294059671803045 ], [ -75.545612328454141, 6.294060246221878 ], [ -75.545613334786864, 6.294061122818191 ], [ -75.545619015537511, 6.294066128276034 ], [ -75.5456200209711, 6.294067005780816 ], [ -75.545620697821633, 6.294067577491767 ], [ -75.545621041619754, 6.294067853375864 ], [ -75.545621389891593, 6.294068120197072 ], [ -75.545621745316978, 6.294068371613584 ], [ -75.545622110588951, 6.29406860399583 ], [ -75.545622489277676, 6.294068808285307 ], [ -75.545622890405454, 6.294068981725734 ], [ -75.54562330585351, 6.294069127069005 ], [ -75.545623731143777, 6.294069252473925 ], [ -75.545624162688426, 6.294069363382621 ], [ -75.545624599601553, 6.294069463415873 ], [ -75.5456250410016, 6.294069557098469 ], [ -75.545627255102531, 6.29406999925778 ], [ -75.545627692002441, 6.29407009657876 ], [ -75.545628121717968, 6.294070202975847 ], [ -75.545628542464044, 6.294070322978275 ], [ -75.545628951565234, 6.294070463831969 ], [ -75.545629341823968, 6.294070631900749 ], [ -75.545629706064673, 6.294070838068912 ], [ -75.545630032541169, 6.294071082393723 ], [ -75.545630334797949, 6.294071363000953 ], [ -75.545630619115812, 6.294071670818864 ], [ -75.545630891775573, 6.294071996775772 ], [ -75.545631154566763, 6.294072337246527 ], [ -75.545631663999657, 6.294073041773554 ], [ -75.545632162686843, 6.294073766243338 ], [ -75.545634865947918, 6.294077799841659 ], [ -75.545635360139372, 6.294078528853905 ], [ -75.545635862409938, 6.294079246977467 ], [ -75.545636118924691, 6.294079597423987 ], [ -75.545636382628231, 6.294079939698498 ], [ -75.545636653502925, 6.294080270184648 ], [ -75.545636936934855, 6.294080581623295 ], [ -75.545637236520633, 6.29408087038049 ], [ -75.54563756033933, 6.294081125567554 ], [ -75.545637910162867, 6.294081339942983 ], [ -75.545638283320187, 6.294081521656771 ], [ -75.545638673526071, 6.294081678876518 ], [ -75.545639074486502, 6.294081817961674 ], [ -75.545639485328763, 6.294081945245249 ], [ -75.545639902451839, 6.294082063457123 ], [ -75.545640746562171, 6.294082284462951 ], [ -75.545644163390307, 6.294083112234637 ], [ -75.545645013790278, 6.294083325976924 ], [ -75.545645854321648, 6.294083554233041 ], [ -75.545646269664033, 6.29408367787824 ], [ -75.54564667783086, 6.294083812407717 ], [ -75.54564707703264, 6.294083961446617 ], [ -75.545647463685995, 6.294084131341173 ], [ -75.545647835111069, 6.294084328433207 ], [ -75.545648192268715, 6.29408456447142 ], [ -75.545648532399809, 6.29408482952409 ], [ -75.545648860886018, 6.294085115428011 ], [ -75.545649179508032, 6.294085416749863 ], [ -75.545649491849218, 6.2940857271434 ], [ -75.545650106698247, 6.294086369677009 ], [ -75.545654031886613, 6.294090649561515 ], [ -75.545659786358669, 6.294096877011523 ], [ -75.545663108343007, 6.294100493511063 ], [ -75.545664020305011, 6.294101473635642 ], [ -75.545664636943556, 6.294102112544071 ], [ -75.545664951999839, 6.294102423828454 ], [ -75.545665275139626, 6.294102725128253 ], [ -75.545665606345324, 6.294103012827102 ], [ -75.545665952823313, 6.294103282369327 ], [ -75.545666314560393, 6.29410353104269 ], [ -75.54566669156975, 6.294103761559414 ], [ -75.545667077552991, 6.294103979374878 ], [ -75.545667470720602, 6.294104188114234 ], [ -75.545668268709491, 6.29410458654988 ], [ -75.5456690765714, 6.294104971375758 ], [ -75.545669229623968, 6.294105042957841 ], [ -75.545673544974804, 6.29410705976805 ], [ -75.545681655055276, 6.294110874421293 ], [ -75.545682870453561, 6.294111449834264 ], [ -75.545683676530388, 6.294111839189362 ], [ -75.545684475440467, 6.294112241236901 ], [ -75.545684869520443, 6.294112451780015 ], [ -75.545685260021443, 6.294112669573428 ], [ -75.545685646061941, 6.294112899141979 ], [ -75.545686404704171, 6.294113381851411 ], [ -75.545687152591867, 6.294113882695433 ], [ -75.545688267717239, 6.29411464845988 ], [ -75.54569715909247, 6.294120813596379 ], [ -75.545767634146188, 6.294169586374082 ], [ -75.545756110766149, 6.294146564348607 ], [ -75.545741550881871, 6.294136608817719 ], [ -75.54567867956159, 6.29409361868486 ], [ -75.545666340828774, 6.294085181162465 ], [ -75.545658138020357, 6.29407958135003 ], [ -75.545656652074101, 6.294078557011235 ], [ -75.545655915831361, 6.294078035315889 ], [ -75.545655553102677, 6.294077768565222 ], [ -75.545655193062629, 6.294077497280897 ], [ -75.545654841114896, 6.294077217820157 ], [ -75.545654233216126, 6.294076703635811 ], [ -75.545653043454251, 6.294075640784114 ], [ -75.545652442735459, 6.29407511661957 ], [ -75.545651759612909, 6.294074555788564 ], [ -75.545650711108266, 6.294073739973193 ], [ -75.545649298133895, 6.294072670977231 ], [ -75.545637701747751, 6.294063967642312 ], [ -75.545633286516377, 6.294062221646671 ], [ -75.545632089631141, 6.294061365870092 ], [ -75.545621802772956, 6.294054012308287 ], [ -75.54561688431987, 6.294050239950884 ], [ -75.545604578903479, 6.294042334782656 ], [ -75.545597410019823, 6.294037710882273 ], [ -75.545596273425275, 6.294036989523462 ], [ -75.545595508542021, 6.294036524022292 ], [ -75.545595121633298, 6.294036301690712 ], [ -75.545594729351691, 6.29403608933051 ], [ -75.545594330820109, 6.294035892370613 ], [ -75.545593926950886, 6.294035712614782 ], [ -75.545593515928104, 6.294035548263646 ], [ -75.545592682259681, 6.294035244933056 ], [ -75.545591837858765, 6.294034964257474 ], [ -75.545590563649853, 6.294034558198978 ], [ -75.545583756582531, 6.294032425156431 ], [ -75.545579491594992, 6.294031101549473 ], [ -75.545578642729154, 6.29403083174492 ], [ -75.545577801929227, 6.294030548339431 ], [ -75.54557738915662, 6.294030395750198 ], [ -75.545576984467502, 6.294030233176383 ], [ -75.545576589642607, 6.294030055184638 ], [ -75.545576209173248, 6.294029856328407 ], [ -75.545575849344644, 6.294029628440109 ], [ -75.545575516446434, 6.294029364256191 ], [ -75.545575201487154, 6.294029072861592 ], [ -75.545574903585234, 6.294028758781121 ], [ -75.545574615551928, 6.294028430186821 ], [ -75.545574059222531, 6.294027743970523 ], [ -75.545572975274837, 6.294026329809004 ], [ -75.545572426138605, 6.294025636324779 ], [ -75.545572144399344, 6.294025301371025 ], [ -75.545571854598577, 6.294024980922289 ], [ -75.545571553144129, 6.294024679516649 ], [ -75.545571234649898, 6.294024404413198 ], [ -75.545570893751858, 6.294024167391501 ], [ -75.545570526866598, 6.29402397479777 ], [ -75.545570137568703, 6.294023818477624 ], [ -75.545569732139015, 6.294023689359362 ], [ -75.54556931596359, 6.294023580183856 ], [ -75.545568889915131, 6.294023484618097 ], [ -75.545568023480328, 6.294023317967397 ], [ -75.545566707702918, 6.294023096549345 ], [ -75.545557464966535, 6.294021594698042 ], [ -75.545556153680451, 6.294021367833406 ], [ -75.545555293539664, 6.294021194823233 ], [ -75.54555487289052, 6.294021094710601 ], [ -75.545554463009111, 6.294020979175633 ], [ -75.545554065676143, 6.29402084278501 ], [ -75.545553688089214, 6.294020679174892 ], [ -75.545553335616745, 6.294020477469786 ], [ -75.545553038137626, 6.2940202501815 ], [ -75.545552760378101, 6.294019990249203 ], [ -75.545552496982921, 6.294019711260587 ], [ -75.545551951844089, 6.294019096414134 ], [ -75.545549633685155, 6.294018624022233 ], [ -75.54554198147288, 6.294016057512899 ], [ -75.545533840017185, 6.294013221253177 ], [ -75.545450649633821, 6.293984238952661 ], [ -75.545406485740827, 6.293968852146893 ], [ -75.545330166656839, 6.293973184302397 ], [ -75.545320554393683, 6.293973730242498 ], [ -75.545318521018359, 6.293973846842616 ], [ -75.545299497182171, 6.293973845582256 ] ] ] } },
{ "type": "Feature", "properties": { "objectid": 719, "codigo": "9003-28", "nombre": "Piedras Blancas - Matasano", "riesgo": "Riesgo medio", "descripcion": "Zona de riesgo medio por inundaciones", "tipo_amenaza": "Inundaciones", "categoria_proteccion": "N/A", "subcategoria_proteccion": "N/A", "fecha_adopcion": "2014-12-17T00:00:00", "fecha_actualizacion": "2026-04-30T00:00:00", "st_area(shape)": 43.995643722641468, "st_perimeter(shape)": 40.298598097836631 }, "geometry": { "type": "Polygon", "coordinates": [ [ [ -75.538180287369642, 6.249107398597983 ], [ -75.538185737167183, 6.249114306831616 ], [ -75.538186572591727, 6.249115366034838 ], [ -75.538186231460273, 6.249116196753845 ], [ -75.538184615148239, 6.249120141971396 ], [ -75.538184000769419, 6.249121641245351 ], [ -75.538187005864629, 6.249117717349455 ], [ -75.538188701643904, 6.249119946841429 ], [ -75.538193426191597, 6.249126159697317 ], [ -75.538193696247063, 6.249126515518044 ], [ -75.538196133074948, 6.249129718778141 ], [ -75.538213350971375, 6.249114893169526 ], [ -75.538231490184771, 6.249100015194004 ], [ -75.538277686857114, 6.249062124057756 ], [ -75.538289758665201, 6.249052222686458 ], [ -75.538296328276303, 6.249042908433904 ], [ -75.538288309652998, 6.24902697057022 ], [ -75.538285753550298, 6.249021890947641 ], [ -75.538283419972274, 6.249005249355637 ], [ -75.538283100903868, 6.249002973435282 ], [ -75.538282676497857, 6.249004147215246 ], [ -75.5382770378679, 6.249019722476325 ], [ -75.53827487031397, 6.249025706418371 ], [ -75.538267232606202, 6.249029554135377 ], [ -75.538259126777092, 6.249036752043762 ], [ -75.538256418643911, 6.249039866228589 ], [ -75.538252455281864, 6.249044424014408 ], [ -75.538243879020456, 6.249054492945407 ], [ -75.538243474019851, 6.249054819477648 ], [ -75.538234339855038, 6.2490621733383 ], [ -75.538228145804837, 6.249069365631733 ], [ -75.538225344105157, 6.249072749694063 ], [ -75.53822099917366, 6.249077996448358 ], [ -75.538217263992337, 6.24908209565107 ], [ -75.538216684308523, 6.249082733137603 ], [ -75.538215755901376, 6.249083751131413 ], [ -75.53821558038014, 6.249084075651467 ], [ -75.538212902758161, 6.249089020518171 ], [ -75.538205483546321, 6.249094523515154 ], [ -75.538204674191235, 6.249095123233808 ], [ -75.538203838731164, 6.249095742969001 ], [ -75.538197160216384, 6.249101022689917 ], [ -75.5381943174866, 6.24910245587403 ], [ -75.53818665904916, 6.249106314539968 ], [ -75.538180287369642, 6.249107398597983 ] ] ] } },
{ "type": "Feature", "properties": { "objectid": 713, "codigo": "9003-25", "nombre": "Piedras Blancas - Matasano", "riesgo": "Alto riesgo no mitigable", "descripcion": "Zona de alto riesgo no mitigable por inundaciones", "tipo_amenaza": "Inundaciones", "categoria_proteccion": "Áreas de Amenaza y Riesgo", "subcategoria_proteccion": "Zona de riesgo no mitigable", "fecha_adopcion": "2014-12-17T00:00:00", "fecha_actualizacion": "2026-04-30T00:00:00", "st_area(shape)": 225.3653100586055, "st_perimeter(shape)": 240.3701570384919 }, "geometry": { "type": "Polygon", "coordinates": [ [ [ -75.537198125072592, 6.294299499011168 ], [ -75.537207291800982, 6.294299667821915 ], [ -75.537212620992619, 6.294300201562134 ], [ -75.537226914415911, 6.294302373375938 ], [ -75.537236999048616, 6.294302328874107 ], [ -75.537247921264097, 6.29430283542561 ], [ -75.537251169867432, 6.294303070072903 ], [ -75.537258844840338, 6.29430362224518 ], [ -75.537270255366934, 6.294304020641277 ], [ -75.537272848175178, 6.294304111106007 ], [ -75.537292174855622, 6.294304301950658 ], [ -75.537301697461629, 6.294304257467343 ], [ -75.537312611025627, 6.294301121389977 ], [ -75.537312985896065, 6.294300911621745 ], [ -75.537280438399137, 6.29429390836656 ], [ -75.537236889986801, 6.294277633568059 ], [ -75.537189455880551, 6.294276184306057 ], [ -75.537141118114661, 6.294268949494604 ], [ -75.537080853618477, 6.294273918501826 ], [ -75.537052812957128, 6.294231136568675 ], [ -75.537052461576479, 6.294230601233661 ], [ -75.537051056316869, 6.294229433396671 ], [ -75.537049474130001, 6.29422851945877 ], [ -75.537047760401038, 6.294227885636354 ], [ -75.537045964288481, 6.294227550110682 ], [ -75.537044137313984, 6.294227522506335 ], [ -75.537043815059818, 6.294227589168837 ], [ -75.53704147354793, 6.294228077921708 ], [ -75.537039476852826, 6.294228494477736 ], [ -75.536992943576536, 6.294238204801919 ], [ -75.536940359550499, 6.294223827322708 ], [ -75.536902594980347, 6.294182058230743 ], [ -75.536806191583324, 6.294166503185358 ], [ -75.536737797044495, 6.294134134728742 ], [ -75.536664254391766, 6.294079526591648 ], [ -75.536572368027748, 6.294060626924971 ], [ -75.536523808175502, 6.294052499860296 ], [ -75.536490781720445, 6.294046971673128 ], [ -75.536441813329589, 6.293998421876873 ], [ -75.536381824949615, 6.293921212793224 ], [ -75.536365223457096, 6.293932004492016 ], [ -75.536366930414374, 6.293934444536262 ], [ -75.536369687707122, 6.293937892987662 ], [ -75.536376846089937, 6.29394557300193 ], [ -75.536379635650192, 6.293950270780901 ], [ -75.536389516059472, 6.293962696819938 ], [ -75.536394597389503, 6.293971736767595 ], [ -75.536403631946328, 6.293981907537357 ], [ -75.536409280783801, 6.293992076676756 ], [ -75.536409301741159, 6.293992112739452 ], [ -75.536415488886576, 6.294001118381543 ], [ -75.536422829174171, 6.294010160009202 ], [ -75.536425926843833, 6.294014669138977 ], [ -75.536429297523725, 6.294019018722271 ], [ -75.53643942615976, 6.294029343298203 ], [ -75.536450130371918, 6.294041900948693 ], [ -75.53645746659366, 6.294048429160546 ], [ -75.536461099285916, 6.294051656369876 ], [ -75.536467338822334, 6.294054887185398 ], [ -75.536473083514892, 6.29405762495148 ], [ -75.536476509528455, 6.294058481676201 ], [ -75.536486631278635, 6.294060499292462 ], [ -75.53649503300106, 6.294060735122962 ], [ -75.536511278966699, 6.294060654367179 ], [ -75.536518580530895, 6.294060228308057 ], [ -75.536520026381382, 6.294060067582655 ], [ -75.536521646530787, 6.294059887927951 ], [ -75.536531585002962, 6.294059888453438 ], [ -75.536538677206167, 6.294060076400153 ], [ -75.536546108341042, 6.294060655084772 ], [ -75.536547409083298, 6.294060756353145 ], [ -75.536562822938095, 6.294062927264609 ], [ -75.536576565250996, 6.294067348499151 ], [ -75.536585265653343, 6.294070107160342 ], [ -75.536592836627094, 6.294073433668385 ], [ -75.536607418750066, 6.294076444924862 ], [ -75.536622963591029, 6.294078981363489 ], [ -75.536634057433119, 6.294079104656102 ], [ -75.536650394217048, 6.294080235869966 ], [ -75.536663380657444, 6.294083627373945 ], [ -75.536678214199227, 6.294090593804833 ], [ -75.536684548626837, 6.294098481241959 ], [ -75.536686753692763, 6.294101155741187 ], [ -75.536692178176182, 6.294107359621394 ], [ -75.536696520505402, 6.294114004543134 ], [ -75.536702020265423, 6.294121941241889 ], [ -75.536709899380099, 6.294128622317477 ], [ -75.536716936469702, 6.29413644305099 ], [ -75.536719275407421, 6.294139146735061 ], [ -75.536725491712389, 6.294145781644696 ], [ -75.536733255417815, 6.294154002984937 ], [ -75.53673900389991, 6.294157707225423 ], [ -75.536749773737711, 6.294163865235346 ], [ -75.536759935781149, 6.294170646420355 ], [ -75.536770572080059, 6.294173307065654 ], [ -75.536773692748042, 6.294173990778147 ], [ -75.536777409389686, 6.294174036002699 ], [ -75.536777483490226, 6.294174037450783 ], [ -75.536783427235775, 6.294174037494987 ], [ -75.536787409312794, 6.294174038031999 ], [ -75.5367904299777, 6.294174037816924 ], [ -75.536800369353557, 6.29417403833202 ], [ -75.53680769286288, 6.294174037998832 ], [ -75.536822339885831, 6.294174038236256 ], [ -75.536830262583536, 6.294174806198892 ], [ -75.536833350665191, 6.294175105821366 ], [ -75.536848231035705, 6.294181480728039 ], [ -75.536855439009955, 6.294185042256337 ], [ -75.536861577707953, 6.294187602703857 ], [ -75.53687795473823, 6.294194976612786 ], [ -75.536891428601123, 6.294196587350314 ], [ -75.536901670045921, 6.294196644258364 ], [ -75.53690475010265, 6.294197524359809 ], [ -75.536909648877483, 6.29419855203306 ], [ -75.536918647986937, 6.294205513359987 ], [ -75.536920599857609, 6.29420721716688 ], [ -75.536925950974094, 6.294211336515492 ], [ -75.536933608995128, 6.294221611604996 ], [ -75.536938640522294, 6.294227835473144 ], [ -75.536946518355776, 6.294235926965516 ], [ -75.536960851414051, 6.294245146154488 ], [ -75.53697010869621, 6.294249263694405 ], [ -75.536973728415632, 6.294251865315323 ], [ -75.536976205945521, 6.294253150674991 ], [ -75.536985241098648, 6.294257671624409 ], [ -75.536992581137426, 6.294262192675864 ], [ -75.536996787575944, 6.294264296895048 ], [ -75.537001838332799, 6.294266478380396 ], [ -75.537010827904538, 6.294270916372357 ], [ -75.537015039362046, 6.294274612709524 ], [ -75.53701799064504, 6.294276885769639 ], [ -75.537025576441337, 6.294280845075955 ], [ -75.537031046608647, 6.294283429564802 ], [ -75.537042846755796, 6.29428926159817 ], [ -75.537052658069754, 6.294292290603648 ], [ -75.5370621842562, 6.294294658280176 ], [ -75.537066076938345, 6.294295973829144 ], [ -75.537071730048396, 6.294298086385449 ], [ -75.537084075104588, 6.294299462109586 ], [ -75.537092529127662, 6.294299489728654 ], [ -75.537095554048335, 6.294299807738507 ], [ -75.537103108861203, 6.294300176962355 ], [ -75.537109566739346, 6.294299990064142 ], [ -75.537114551171882, 6.294299491176305 ], [ -75.537124489644086, 6.294299491688654 ], [ -75.537128431060907, 6.29429949242032 ], [ -75.537132057109631, 6.294299489260263 ], [ -75.537132843222707, 6.294299489055486 ], [ -75.537138369533025, 6.294299492932405 ], [ -75.537142810626193, 6.294299493043298 ], [ -75.537143350967071, 6.294299493129092 ], [ -75.537153290342616, 6.294299493636499 ], [ -75.53717503868674, 6.294299512686048 ], [ -75.537188814943207, 6.29429975763852 ], [ -75.537196258264686, 6.294299496332318 ], [ -75.537196849103836, 6.294299475377975 ], [ -75.537198125072592, 6.294299499011168 ] ] ] } },
{ "type": "Feature", "properties": { "objectid": 714, "codigo": "AE1-4", "nombre": "Área de Expansión Pajarito", "riesgo": "Alto riesgo mitigable", "descripcion": "Zona de alto riesgo mitigable por inundaciones", "tipo_amenaza": "Inundaciones", "categoria_proteccion": "Áreas de Amenaza y Riesgo", "subcategoria_proteccion": "Zona de riesgo mitigable", "fecha_adopcion": "2014-12-17T00:00:00", "fecha_actualizacion": "2026-04-30T00:00:00", "st_area(shape)": 871.71837088980692, "st_perimeter(shape)": 158.17332511011887 }, "geometry": { "type": "Polygon", "coordinates": [ [ [ -75.609142487177877, 6.288371592962847 ], [ -75.609166486149761, 6.288393086527235 ], [ -75.6092007443862, 6.288447142004782 ], [ -75.609251680978758, 6.288527516417509 ], [ -75.609257796261403, 6.288537711725115 ], [ -75.609277122301961, 6.288572618690473 ], [ -75.60930266306022, 6.288598170110755 ], [ -75.609320541785181, 6.288618612068253 ], [ -75.609340975959398, 6.288646719463155 ], [ -75.609356300739833, 6.288674827968483 ], [ -75.609369072983228, 6.288700381685373 ], [ -75.609381845720108, 6.288738710706201 ], [ -75.609394617463295, 6.28877448575432 ], [ -75.609404836566924, 6.288805150230428 ], [ -75.609412498107673, 6.2888204819251 ], [ -75.609413409816995, 6.28882230448112 ], [ -75.609413403507773, 6.28882266975388 ], [ -75.609413101145321, 6.288828890310063 ], [ -75.60941310111059, 6.288833410622632 ], [ -75.609414666836273, 6.288837923113734 ], [ -75.609415418780713, 6.28884086388902 ], [ -75.609415931143005, 6.288842869252374 ], [ -75.609418340462668, 6.288846960756595 ], [ -75.609422137970597, 6.288851491029131 ], [ -75.609428543178282, 6.288855506520565 ], [ -75.609435690691555, 6.288860530853724 ], [ -75.609439561481224, 6.288865804803364 ], [ -75.609448071439701, 6.288872808555522 ], [ -75.609449645238115, 6.288874411733035 ], [ -75.609452308808201, 6.288877126887883 ], [ -75.609477524491965, 6.288855810604964 ], [ -75.609483276434489, 6.288850948753626 ], [ -75.60953802196957, 6.288804668440645 ], [ -75.609537400779018, 6.288792622200264 ], [ -75.609535907543133, 6.288786521814218 ], [ -75.609533299247786, 6.288782208905404 ], [ -75.609530551781958, 6.288779157858841 ], [ -75.60950661014283, 6.28875141515905 ], [ -75.609503444649306, 6.288747519093942 ], [ -75.609497362877519, 6.28873806586008 ], [ -75.60949440775596, 6.288733959001486 ], [ -75.60949074570901, 6.288725431192701 ], [ -75.609489889363431, 6.288720398938683 ], [ -75.609488755998868, 6.288712722781796 ], [ -75.609488744941061, 6.288702538573776 ], [ -75.609489887729012, 6.288697797386138 ], [ -75.609490936371287, 6.288686138783111 ], [ -75.609494403656782, 6.288679716180528 ], [ -75.6094969365965, 6.288674358710542 ], [ -75.609498920418773, 6.288670675595042 ], [ -75.609501873080447, 6.288661432176265 ], [ -75.60950343630725, 6.288657113797781 ], [ -75.609503435353858, 6.2886429787866 ], [ -75.609503434677862, 6.288634513149469 ], [ -75.609502297694647, 6.288628103602131 ], [ -75.609498916282561, 6.288620952182401 ], [ -75.609497769041397, 6.288617919359405 ], [ -75.609494397857304, 6.288611912431543 ], [ -75.609490210178905, 6.288604152084867 ], [ -75.609485361871421, 6.288598352333286 ], [ -75.609471807391444, 6.288584793108114 ], [ -75.609468142443902, 6.288581840666165 ], [ -75.609462260484364, 6.288576397757797 ], [ -75.609458253815646, 6.288571233877796 ], [ -75.60945690404148, 6.288565455524518 ], [ -75.609453735422576, 6.288557672909597 ], [ -75.609451752279426, 6.288551894103809 ], [ -75.609449216998925, 6.288548633157762 ], [ -75.609435663420314, 6.288535073022172 ], [ -75.609423162285921, 6.288523654777253 ], [ -75.609413728727247, 6.288512624420976 ], [ -75.609404037811458, 6.288503434212977 ], [ -75.609385966680762, 6.288485354630333 ], [ -75.609378091599226, 6.288479013997039 ], [ -75.609367895519398, 6.288471796263359 ], [ -75.609358122871626, 6.28846523909219 ], [ -75.609349824354339, 6.288458236991327 ], [ -75.609345523014753, 6.288456126696595 ], [ -75.609340788302035, 6.288453717513637 ], [ -75.609336068935121, 6.288450762200177 ], [ -75.609331753153299, 6.288449198031196 ], [ -75.609324509934083, 6.288443280054016 ], [ -75.60931368198969, 6.288435638757191 ], [ -75.609313216493547, 6.288435239678486 ], [ -75.609300336958285, 6.288424217489852 ], [ -75.60926798599894, 6.288391162006815 ], [ -75.609264863785995, 6.288387971795308 ], [ -75.609256512456355, 6.28837943847367 ], [ -75.609235216389692, 6.288357679181295 ], [ -75.609227842123857, 6.288349761165726 ], [ -75.609214288560409, 6.288336201923807 ], [ -75.609209779571472, 6.288333036719274 ], [ -75.60920525688725, 6.288330205182183 ], [ -75.609204983106835, 6.288330021216739 ], [ -75.609200537374733, 6.288327039220849 ], [ -75.609196441017872, 6.288322731932243 ], [ -75.609191454965455, 6.288317392127264 ], [ -75.609190439316365, 6.288319727873417 ], [ -75.609185141018713, 6.28832569221916 ], [ -75.609145356646792, 6.288370484715634 ], [ -75.609142487177877, 6.288371592962847 ] ] ] } },
{ "type": "Feature", "properties": { "objectid": 715, "codigo": "9003-25", "nombre": "Piedras Blancas - Matasano", "riesgo": "Alto riesgo mitigable", "descripcion": "Zona de alto riesgo mitigable por inundaciones", "tipo_amenaza": "Inundaciones", "categoria_proteccion": "N/A", "subcategoria_proteccion": "N/A", "fecha_adopcion": "2014-12-17T00:00:00", "fecha_actualizacion": "2026-04-30T00:00:00", "st_area(shape)": 1115.8493946106503, "st_perimeter(shape)": 163.42300253056959 }, "geometry": { "type": "Polygon", "coordinates": [ [ [ -75.537342295795995, 6.249306080036344 ], [ -75.537364557135177, 6.249305323424028 ], [ -75.537379118948863, 6.249305152774975 ], [ -75.537386116551119, 6.249304774528849 ], [ -75.537395273851985, 6.249304277363632 ], [ -75.537413969662907, 6.249303643742162 ], [ -75.537432819043417, 6.249303004858157 ], [ -75.537444787586097, 6.249303163165581 ], [ -75.53745351686392, 6.249303277438214 ], [ -75.537472334944823, 6.249304579836026 ], [ -75.537483085828299, 6.24930647901482 ], [ -75.537492998242087, 6.249309123614208 ], [ -75.537493428865332, 6.249309239070196 ], [ -75.53749364580959, 6.249309260625754 ], [ -75.537494475618601, 6.24930934251073 ], [ -75.537510782602325, 6.249310964427779 ], [ -75.537528929644139, 6.249312508748784 ], [ -75.537529474678138, 6.249312554939782 ], [ -75.537530537807342, 6.249312681808152 ], [ -75.537547461817454, 6.249314665103076 ], [ -75.537566968581885, 6.249315824939083 ], [ -75.537588983288487, 6.249317135407462 ], [ -75.537612082462815, 6.249320562594079 ], [ -75.537627532707461, 6.249322701275638 ], [ -75.537627568872821, 6.249322706525732 ], [ -75.537645915873227, 6.249325247114338 ], [ -75.537663441264186, 6.249326595526511 ], [ -75.537678401525937, 6.24932867509221 ], [ -75.537684616952433, 6.249330411723363 ], [ -75.537702198025642, 6.249333377324435 ], [ -75.537707123608499, 6.249334625632299 ], [ -75.537716553216313, 6.249337013077121 ], [ -75.537726989519442, 6.249338691357121 ], [ -75.537727028377802, 6.249338692977741 ], [ -75.537744486487128, 6.249339391654146 ], [ -75.537759754416086, 6.24934082057837 ], [ -75.537772728281425, 6.249341671999889 ], [ -75.537798023423619, 6.249342758674899 ], [ -75.537808709580062, 6.249343038891495 ], [ -75.537814005219701, 6.249342709541815 ], [ -75.537820021631603, 6.24934233421881 ], [ -75.537830312046751, 6.249340364199014 ], [ -75.537838288178705, 6.249336808688268 ], [ -75.537842110800383, 6.249335103156613 ], [ -75.537848869203515, 6.249330650315746 ], [ -75.537853512001206, 6.249327590982784 ], [ -75.53786192981481, 6.249318574302413 ], [ -75.537865371982207, 6.249314978298136 ], [ -75.537865509534612, 6.249314836592324 ], [ -75.537865914073649, 6.249314414226421 ], [ -75.537866448526387, 6.249313952356384 ], [ -75.537875131128615, 6.249306447883439 ], [ -75.537881021338677, 6.249303509103569 ], [ -75.5378862715948, 6.249300888044927 ], [ -75.537887185185255, 6.249301294101475 ], [ -75.53788585576504, 6.249262241012222 ], [ -75.537886803240511, 6.249259368589938 ], [ -75.537881087932831, 6.249259793089897 ], [ -75.537877234977501, 6.249260079309952 ], [ -75.537858522942969, 6.249261468864271 ], [ -75.537856762648914, 6.249261599418415 ], [ -75.537820224600523, 6.24926431367174 ], [ -75.537758009203614, 6.249268933898208 ], [ -75.537753222959125, 6.249267539355634 ], [ -75.537749939059808, 6.249267232441358 ], [ -75.537749617127233, 6.249266048702784 ], [ -75.537742812082413, 6.249240963474862 ], [ -75.537741952028838, 6.249237794188593 ], [ -75.537739848723859, 6.249225997524533 ], [ -75.53773876316815, 6.249219907232053 ], [ -75.537734616897964, 6.249196648134413 ], [ -75.537734776105822, 6.249196125692298 ], [ -75.537738102518304, 6.249185198791099 ], [ -75.537738172790441, 6.249184969711121 ], [ -75.537738406705003, 6.249184200989458 ], [ -75.537715224617997, 6.249105479631086 ], [ -75.537714993588693, 6.249105534993226 ], [ -75.537704093628989, 6.249108132694239 ], [ -75.537694773989656, 6.24910887656596 ], [ -75.53768545104252, 6.249108184721175 ], [ -75.537683182733161, 6.2491060149498 ], [ -75.537681311075161, 6.249104222991221 ], [ -75.53767968541527, 6.249102669435156 ], [ -75.537676435893758, 6.249099560506077 ], [ -75.537674553346108, 6.249097758654776 ], [ -75.537667168588072, 6.249095417390751 ], [ -75.537664618628526, 6.249094609669856 ], [ -75.537651865832132, 6.249089949049512 ], [ -75.537650981550115, 6.249089625125194 ], [ -75.537639690648973, 6.249089656125437 ], [ -75.537635206634818, 6.249089668730957 ], [ -75.537625884433609, 6.249089693843422 ], [ -75.537609402217527, 6.249093327481591 ], [ -75.537591488718178, 6.24909768227854 ], [ -75.537580738545401, 6.249099865170032 ], [ -75.537577245060419, 6.249101625165621 ], [ -75.537570715056347, 6.249104915114144 ], [ -75.537560695624649, 6.249112118637272 ], [ -75.537559894098976, 6.2491126559336 ], [ -75.537555021928057, 6.249115927029654 ], [ -75.537554254630038, 6.249116442462025 ], [ -75.537547894318223, 6.249117823911419 ], [ -75.537544221819545, 6.249118621890001 ], [ -75.537534617663241, 6.249120320972432 ], [ -75.5375277379474, 6.249121537667934 ], [ -75.537521284328747, 6.249121556164071 ], [ -75.537507660618601, 6.249121593902379 ], [ -75.537504585995862, 6.249121217263245 ], [ -75.537502831268995, 6.249121003321855 ], [ -75.537501922713702, 6.249120891981153 ], [ -75.537494025188465, 6.249117326307516 ], [ -75.537483976459953, 6.249113767401637 ], [ -75.537475372532569, 6.24911379085254 ], [ -75.537463190166974, 6.249116694001185 ], [ -75.537448857505566, 6.249119604817135 ], [ -75.537444377989985, 6.249120925651971 ], [ -75.537431662119431, 6.249124674913451 ], [ -75.537429946094335, 6.249124992403856 ], [ -75.537428582121393, 6.249125244906894 ], [ -75.537423778870419, 6.249126132425601 ], [ -75.537414224884444, 6.249127181206066 ], [ -75.537412105493161, 6.249127414752722 ], [ -75.537406509455522, 6.249128028535242 ], [ -75.537406180797959, 6.24912807351916 ], [ -75.537398690164238, 6.249129071654226 ], [ -75.5373843499885, 6.249129111943744 ], [ -75.537379690252294, 6.249134093500597 ], [ -75.537372910983521, 6.249141341052415 ], [ -75.537369038674385, 6.249142860573121 ], [ -75.537360018914612, 6.24914639941572 ], [ -75.537350002030351, 6.249154319886212 ], [ -75.53733999190861, 6.249164393018951 ], [ -75.537337545215109, 6.24916795166757 ], [ -75.537333696174755, 6.249173548629049 ], [ -75.53733356427837, 6.249173739129609 ], [ -75.53733270161564, 6.249175650973813 ], [ -75.537331517138597, 6.249178277717189 ], [ -75.537330000114437, 6.249181642014421 ], [ -75.537328592268125, 6.249190973839855 ], [ -75.53732646119478, 6.249198155557264 ], [ -75.537322176351822, 6.249204624379883 ], [ -75.537323114048363, 6.249204970649768 ], [ -75.537321844711173, 6.249205549985022 ], [ -75.537335574957652, 6.249249541174239 ], [ -75.537337229519764, 6.249254841239665 ], [ -75.537323458086576, 6.249297894710121 ], [ -75.537342295795995, 6.249306080036344 ] ] ] } },
{ "type": "Feature", "properties": { "objectid": 724, "codigo": "0806-4", "nombre": "LLanaditas", "riesgo": "Riesgo medio", "descripcion": "Zona de riesgo medio por inundaciones", "tipo_amenaza": "Inundaciones", "categoria_proteccion": "N/A", "subcategoria_proteccion": "N/A", "fecha_adopcion": "2014-12-17T00:00:00", "fecha_actualizacion": "2026-04-30T00:00:00", "st_area(shape)": 15.391988916880424, "st_perimeter(shape)": 18.207531950428105 }, "geometry": { "type": "Polygon", "coordinates": [ [ [ -75.537887185185255, 6.249301294101475 ], [ -75.537887313574544, 6.249305060922197 ], [ -75.537887463702248, 6.249306965164321 ], [ -75.537889970457911, 6.249338912566373 ], [ -75.5379073463574, 6.249338863932392 ], [ -75.537926034569864, 6.249337030570627 ], [ -75.537927620953212, 6.249338682863349 ], [ -75.537929109277215, 6.249336487722932 ], [ -75.537935226993838, 6.249335011603553 ], [ -75.53794529654644, 6.249332582454411 ], [ -75.537946942281749, 6.249331740915795 ], [ -75.537938947885166, 6.249326448862513 ], [ -75.537926083448014, 6.249319622535438 ], [ -75.537914360025695, 6.24931314872777 ], [ -75.537907284611293, 6.249309568243954 ], [ -75.537898440766028, 6.249306304600977 ], [ -75.537892798945521, 6.249303793994319 ], [ -75.537887185185255, 6.249301294101475 ] ] ] } },
{ "type": "Feature", "properties": { "objectid": 720, "codigo": "0806-2", "nombre": "LLanaditas", "riesgo": "Alto riesgo mitigable", "descripcion": "Zona de alto riesgo mitigable por inundaciones", "tipo_amenaza": "Inundaciones", "categoria_proteccion": "N/A", "subcategoria_proteccion": "N/A", "fecha_adopcion": "2014-12-17T00:00:00", "fecha_actualizacion": "2026-04-30T00:00:00", "st_area(shape)": 157.94182966369809, "st_perimeter(shape)": 136.50098089407695 }, "geometry": { "type": "Polygon", "coordinates": [ [ [ -75.538324690329162, 6.249067134616549 ], [ -75.538324750927998, 6.249067897395405 ], [ -75.538324792359617, 6.249068245278889 ], [ -75.538326050989582, 6.249078748612136 ], [ -75.538330534411017, 6.249079737760945 ], [ -75.538330590487774, 6.249079750147739 ], [ -75.538330563614466, 6.249079798195504 ], [ -75.538329164049841, 6.249082412415995 ], [ -75.538323556083753, 6.249092167753068 ], [ -75.538312796653656, 6.249104982169305 ], [ -75.538306627912135, 6.249112738507831 ], [ -75.538306140265647, 6.249113351138938 ], [ -75.538306077610656, 6.249113473496772 ], [ -75.538303750053416, 6.249117941109731 ], [ -75.538292593018895, 6.24913936098657 ], [ -75.538284856494954, 6.249150446607334 ], [ -75.538282401464713, 6.249153960996504 ], [ -75.538274569159242, 6.24916167202538 ], [ -75.53827289519873, 6.249163405156473 ], [ -75.538272658756384, 6.249163649504649 ], [ -75.538265498091107, 6.2491710562206 ], [ -75.538250533253631, 6.249188635729652 ], [ -75.538245623443629, 6.249194405077147 ], [ -75.538239659794215, 6.249201411819621 ], [ -75.538235537649953, 6.249206018290557 ], [ -75.538232485812529, 6.249209429780321 ], [ -75.538228254193228, 6.249213442777529 ], [ -75.538224336462633, 6.249217158614027 ], [ -75.538206700608541, 6.249231685172679 ], [ -75.538200090894307, 6.249236618286696 ], [ -75.538195325809369, 6.249240173666137 ], [ -75.538188513521519, 6.24924544228015 ], [ -75.538188475719252, 6.249245472298422 ], [ -75.538171672744525, 6.249258469595928 ], [ -75.538158705634601, 6.24926744947838 ], [ -75.538158384160425, 6.249267672538401 ], [ -75.538143673573899, 6.249277460075392 ], [ -75.538136239932669, 6.249282407112763 ], [ -75.538102983963796, 6.249304535836143 ], [ -75.538097461309036, 6.249308563203844 ], [ -75.538093191013431, 6.249311675890605 ], [ -75.538085944415627, 6.249317751261961 ], [ -75.538077434460703, 6.249324521667777 ], [ -75.538074259537652, 6.249326578485795 ], [ -75.538080109152816, 6.24932552678449 ], [ -75.538082215192858, 6.249325147737173 ], [ -75.538093006817903, 6.249322380577065 ], [ -75.538099042138597, 6.249319931123888 ], [ -75.538104737407252, 6.249316475226334 ], [ -75.538109175066808, 6.249313782144021 ], [ -75.538113577024831, 6.249309306322739 ], [ -75.538117248024108, 6.249305574499701 ], [ -75.538119135216618, 6.249303654995908 ], [ -75.538137659623501, 6.249304202044396 ], [ -75.53814602089443, 6.249302385088308 ], [ -75.538154382336543, 6.249301165750125 ], [ -75.538163938919823, 6.249299344830257 ], [ -75.538172896495837, 6.249297526802665 ], [ -75.53818304632685, 6.249294508684326 ], [ -75.538192013491553, 6.249291119261419 ], [ -75.5381903104103, 6.249272761329405 ], [ -75.538189361210271, 6.249262534967736 ], [ -75.538188095823728, 6.249251379800317 ], [ -75.538224195108469, 6.249238995438264 ], [ -75.538228900247063, 6.24923181485424 ], [ -75.538231261232909, 6.249227534231185 ], [ -75.538235741396903, 6.249219416264037 ], [ -75.538236079960683, 6.249218802544569 ], [ -75.538240615824975, 6.249212492534835 ], [ -75.538242762104431, 6.249209216514184 ], [ -75.53824991759636, 6.249202985170309 ], [ -75.538252472810214, 6.249200760466826 ], [ -75.538253363998308, 6.249200080790946 ], [ -75.538273412986726, 6.249184781315845 ], [ -75.538279310118014, 6.249180281096097 ], [ -75.538280350104827, 6.249178044722948 ], [ -75.538275241719788, 6.249169615028241 ], [ -75.538274583246206, 6.249168527847409 ], [ -75.538285698676972, 6.249159464685695 ], [ -75.53829478469585, 6.249152056809471 ], [ -75.53830122701649, 6.249151007669248 ], [ -75.538304744634075, 6.249149194210472 ], [ -75.538310893267749, 6.249147198073656 ], [ -75.53832218612871, 6.249130712190186 ], [ -75.538324621237692, 6.24912568983649 ], [ -75.53832985805505, 6.24911878424782 ], [ -75.538331849173971, 6.249115745854039 ], [ -75.538334577561244, 6.249112147870544 ], [ -75.538334915080867, 6.249111692375921 ], [ -75.538335234648628, 6.249111261379049 ], [ -75.538337323494886, 6.249108441308731 ], [ -75.538337158855967, 6.249100343058487 ], [ -75.538338850500992, 6.249098717431416 ], [ -75.538339475537327, 6.249098116794441 ], [ -75.538341895639206, 6.249095790578531 ], [ -75.538351259764056, 6.249092094551656 ], [ -75.538356407071547, 6.249084239172348 ], [ -75.538363659598929, 6.249078083305048 ], [ -75.538361305818654, 6.249074489972271 ], [ -75.538361137323264, 6.249071774830171 ], [ -75.53836071406856, 6.249064943587234 ], [ -75.538361526202152, 6.249053116578565 ], [ -75.538361633379736, 6.249051547424799 ], [ -75.538363146874303, 6.249034150405039 ], [ -75.538371213231088, 6.249023826263156 ], [ -75.538376285413946, 6.249020065070868 ], [ -75.538385789079229, 6.249013829620633 ], [ -75.538389674360872, 6.249010879724434 ], [ -75.538397823906493, 6.24900637766898 ], [ -75.538407346412896, 6.249001051665338 ], [ -75.5384158569411, 6.248994589557673 ], [ -75.538448410508821, 6.248951592769683 ], [ -75.538454969698378, 6.248942928624328 ], [ -75.538450192404866, 6.248944138794104 ], [ -75.53844636908984, 6.248944387805527 ], [ -75.538441612224673, 6.248944400830916 ], [ -75.538437825708954, 6.248946098053679 ], [ -75.538433048159092, 6.248947067730497 ], [ -75.538412014053606, 6.248947125904746 ], [ -75.538393849427848, 6.248947176550686 ], [ -75.53838538532041, 6.248944154287394 ], [ -75.538369924204446, 6.248938633390339 ], [ -75.538367402235451, 6.248938009072796 ], [ -75.538360786021997, 6.248943092300978 ], [ -75.538356253793737, 6.248945846415898 ], [ -75.538339628418399, 6.248955949693862 ], [ -75.538342503959953, 6.248965817764899 ], [ -75.538344762090318, 6.248977118220042 ], [ -75.538349278154186, 6.248991809045544 ], [ -75.538354924521599, 6.249007629074821 ], [ -75.538358311974577, 6.249016670122434 ], [ -75.538352664421609, 6.249025710497037 ], [ -75.538324690329162, 6.249067134616549 ] ] ] } },
{ "type": "Feature", "properties": { "objectid": 721, "codigo": "9003-27", "nombre": "Piedras Blancas - Matasano", "riesgo": "Alto riesgo mitigable", "descripcion": "Zona de alto riesgo mitigable por inundaciones", "tipo_amenaza": "Inundaciones", "categoria_proteccion": "N/A", "subcategoria_proteccion": "N/A", "fecha_adopcion": "2014-12-17T00:00:00", "fecha_actualizacion": "2026-04-30T00:00:00", "st_area(shape)": 472.24841743759998, "st_perimeter(shape)": 140.9842338976253 }, "geometry": { "type": "Polygon", "coordinates": [ [ [ -75.537946942281749, 6.249331740915795 ], [ -75.537953176470509, 6.249335869736774 ], [ -75.53796680728054, 6.249343675133796 ], [ -75.53797133547684, 6.249346267061836 ], [ -75.537976915365405, 6.249347738235985 ], [ -75.537987668943757, 6.249350571339412 ], [ -75.537997313604393, 6.249351651296437 ], [ -75.538000993742472, 6.249352062981067 ], [ -75.538015748818452, 6.249350751293831 ], [ -75.538016937764397, 6.249350551168709 ], [ -75.538024212265199, 6.249349325326937 ], [ -75.538030301189721, 6.249347499453668 ], [ -75.538037384280997, 6.249344427432464 ], [ -75.538040826648682, 6.249342934394038 ], [ -75.538049867175545, 6.249339768838735 ], [ -75.538051007909118, 6.249332755548497 ], [ -75.538061415653644, 6.249328886320147 ], [ -75.538074259537652, 6.249326578485795 ], [ -75.538077434460703, 6.249324521667777 ], [ -75.538085944415627, 6.249317751261961 ], [ -75.538093191013431, 6.249311675890605 ], [ -75.538097461309036, 6.249308563203844 ], [ -75.538102983963796, 6.249304535836143 ], [ -75.538136239932669, 6.249282407112763 ], [ -75.538143673573899, 6.249277460075392 ], [ -75.538158384160425, 6.249267672538401 ], [ -75.538158705634601, 6.24926744947838 ], [ -75.538171672744525, 6.249258469595928 ], [ -75.538188475719252, 6.249245472298422 ], [ -75.538188513521519, 6.24924544228015 ], [ -75.538195325809369, 6.249240173666137 ], [ -75.538200090894307, 6.249236618286696 ], [ -75.538206700608541, 6.249231685172679 ], [ -75.538224336462633, 6.249217158614027 ], [ -75.538228254193228, 6.249213442777529 ], [ -75.538232485812529, 6.249209429780321 ], [ -75.538235537649953, 6.249206018290557 ], [ -75.538239659794215, 6.249201411819621 ], [ -75.538245623443629, 6.249194405077147 ], [ -75.538250533253631, 6.249188635729652 ], [ -75.538265498091107, 6.2491710562206 ], [ -75.538272658756384, 6.249163649504649 ], [ -75.53827289519873, 6.249163405156473 ], [ -75.538274569159242, 6.24916167202538 ], [ -75.538282401464713, 6.249153960996504 ], [ -75.538284856494954, 6.249150446607334 ], [ -75.538292593018895, 6.24913936098657 ], [ -75.538303750053416, 6.249117941109731 ], [ -75.538306077610656, 6.249113473496772 ], [ -75.538306140265647, 6.249113351138938 ], [ -75.538306627912135, 6.249112738507831 ], [ -75.538312796653656, 6.249104982169305 ], [ -75.538323556083753, 6.249092167753068 ], [ -75.538329164049841, 6.249082412415995 ], [ -75.538330563614466, 6.249079798195504 ], [ -75.538330590487774, 6.249079750147739 ], [ -75.538330534411017, 6.249079737760945 ], [ -75.538326050989582, 6.249078748612136 ], [ -75.538324792359617, 6.249068245278889 ], [ -75.538324750927998, 6.249067897395405 ], [ -75.538324690329162, 6.249067134616549 ], [ -75.538324183450442, 6.249060761258432 ], [ -75.538323421270817, 6.2490520330143 ], [ -75.538323309035491, 6.249051803911531 ], [ -75.538321370866839, 6.249047836076913 ], [ -75.538318904639766, 6.249042845527859 ], [ -75.538318781771963, 6.24904265987387 ], [ -75.538313549530471, 6.249034775957515 ], [ -75.538312521017815, 6.249023465948124 ], [ -75.538312206780262, 6.249020505590875 ], [ -75.538311563082189, 6.24901442582597 ], [ -75.538311446561451, 6.249010872319903 ], [ -75.538311338755207, 6.249007627074313 ], [ -75.538311194705926, 6.249003423643822 ], [ -75.538309758701914, 6.248989862552107 ], [ -75.538308426955766, 6.248979560284764 ], [ -75.538303104818226, 6.248983386875437 ], [ -75.538294536820544, 6.248989548189569 ], [ -75.538293520714134, 6.248990741100711 ], [ -75.538284871677874, 6.249000894465656 ], [ -75.538283100903868, 6.249002973435282 ], [ -75.538283419972274, 6.249005249355637 ], [ -75.538285753550298, 6.249021890947641 ], [ -75.538288309652998, 6.24902697057022 ], [ -75.538296328276303, 6.249042908433904 ], [ -75.538289758665201, 6.249052222686458 ], [ -75.538277686857114, 6.249062124057756 ], [ -75.538231490184771, 6.249100015194004 ], [ -75.538213350971375, 6.249114893169526 ], [ -75.538196133074948, 6.249129718778141 ], [ -75.538193696247063, 6.249126515518044 ], [ -75.538193426191597, 6.249126159697317 ], [ -75.538188701643904, 6.249119946841429 ], [ -75.538187005864629, 6.249117717349455 ], [ -75.538184000769419, 6.249121641245351 ], [ -75.538184615148239, 6.249120141971396 ], [ -75.538186231460273, 6.249116196753845 ], [ -75.538186572591727, 6.249115366034838 ], [ -75.538185737167183, 6.249114306831616 ], [ -75.538180287369642, 6.249107398597983 ], [ -75.538179380096423, 6.249107553061602 ], [ -75.538172984943813, 6.249108640849314 ], [ -75.538171365143342, 6.249108115243811 ], [ -75.538153358184033, 6.24910226668756 ], [ -75.538149356386441, 6.249101289677463 ], [ -75.538143032539892, 6.249102175503269 ], [ -75.538135886517367, 6.249095568391776 ], [ -75.538133371494609, 6.249089826758732 ], [ -75.538132125186422, 6.24908824877006 ], [ -75.538127654039926, 6.249092241224218 ], [ -75.538126385570024, 6.249093374778201 ], [ -75.53812965262648, 6.249107802212621 ], [ -75.538131757418824, 6.249117095375064 ], [ -75.538131655609007, 6.249117154634013 ], [ -75.538099356077922, 6.249135645103754 ], [ -75.538097064798123, 6.249136956281945 ], [ -75.538075081874808, 6.249149541900216 ], [ -75.538078196850847, 6.249195575157886 ], [ -75.538078318392323, 6.24919567311938 ], [ -75.538078421803135, 6.249195758510836 ], [ -75.538071418648656, 6.249200980127154 ], [ -75.538071206190338, 6.249201139372821 ], [ -75.53807058054656, 6.24923140668206 ], [ -75.538063448367694, 6.249275638697879 ], [ -75.538044126372952, 6.249296869258265 ], [ -75.538036077258852, 6.249305712378395 ], [ -75.537973127201511, 6.249318364705482 ], [ -75.537946942281749, 6.249331740915795 ] ] ] } },
{ "type": "Feature", "properties": { "objectid": 722, "codigo": "0806-3", "nombre": "LLanaditas", "riesgo": "Alto riesgo mitigable", "descripcion": "Zona de alto riesgo mitigable por inundaciones", "tipo_amenaza": "Inundaciones", "categoria_proteccion": "N/A", "subcategoria_proteccion": "N/A", "fecha_adopcion": "2014-12-17T00:00:00", "fecha_actualizacion": "2026-04-30T00:00:00", "st_area(shape)": 545.05930673314015, "st_perimeter(shape)": 172.18713038111008 }, "geometry": { "type": "Polygon", "coordinates": [ [ [ -75.537342295795995, 6.249306080036344 ], [ -75.537354936054982, 6.249311572086999 ], [ -75.537360004374477, 6.249327810820098 ], [ -75.537376899624775, 6.2493277636199 ], [ -75.537399845548762, 6.249327700772821 ], [ -75.53741223188652, 6.249329436550671 ], [ -75.537414908957487, 6.249329810588398 ], [ -75.537436448690926, 6.24933979742301 ], [ -75.537443087905885, 6.249343605144288 ], [ -75.537444670701348, 6.249344513370803 ], [ -75.537455121493309, 6.249350508729511 ], [ -75.537486698982704, 6.249360465187568 ], [ -75.537497954102236, 6.249362193766262 ], [ -75.537509654069694, 6.249363989813943 ], [ -75.537515677868782, 6.249365521234312 ], [ -75.537534768778684, 6.249370378190862 ], [ -75.53755167758861, 6.24937632971306 ], [ -75.537555019886497, 6.249377505199645 ], [ -75.537571541783748, 6.249378914513784 ], [ -75.537576511728801, 6.24938093110524 ], [ -75.537580599036971, 6.249382590312254 ], [ -75.537584045625934, 6.249381410079138 ], [ -75.537589303619143, 6.249381517600139 ], [ -75.537594632733061, 6.249385132738553 ], [ -75.537599519196704, 6.249386325181157 ], [ -75.537601307053663, 6.249386289426558 ], [ -75.537602538401558, 6.249386263591511 ], [ -75.537617311005846, 6.2493859626291 ], [ -75.537631669692075, 6.249392009637848 ], [ -75.537649612904858, 6.249397938984191 ], [ -75.537650635073206, 6.249398565120657 ], [ -75.537665174655999, 6.249407463733171 ], [ -75.537667194109417, 6.249408802016951 ], [ -75.537679542888199, 6.249416989723027 ], [ -75.537689381454456, 6.249427179501571 ], [ -75.537692749959618, 6.249429480481854 ], [ -75.537701042484045, 6.249429894311469 ], [ -75.537704675434227, 6.249430075676924 ], [ -75.537726180499547, 6.249427623869265 ], [ -75.537741705928454, 6.249423993034712 ], [ -75.537747270645056, 6.249423628934059 ], [ -75.537752533690735, 6.249423285276182 ], [ -75.537758585243694, 6.249422889893356 ], [ -75.53776082341416, 6.249422743470431 ], [ -75.537767515473618, 6.249422332337537 ], [ -75.537771760667354, 6.249422070443335 ], [ -75.5377735409389, 6.249421960587428 ], [ -75.537781136221412, 6.249421491750874 ], [ -75.537789786229311, 6.249421468070463 ], [ -75.537800257666532, 6.249421438308242 ], [ -75.537825356944367, 6.249422564802901 ], [ -75.537827172259583, 6.249423164506688 ], [ -75.537833344876901, 6.249425204220114 ], [ -75.537839711152884, 6.249427308094625 ], [ -75.53785405925224, 6.249429660035298 ], [ -75.537870803192433, 6.249434397212569 ], [ -75.537873560948839, 6.249434640665711 ], [ -75.53788060673817, 6.249435262129202 ], [ -75.537883951114821, 6.249435556996736 ], [ -75.537884907280315, 6.249435611147502 ], [ -75.537897779399231, 6.249436347329659 ], [ -75.537903490191226, 6.249436672360561 ], [ -75.537903604968093, 6.249436679039296 ], [ -75.537911325062069, 6.249436799080136 ], [ -75.537912737341216, 6.249436821192852 ], [ -75.537913992397364, 6.249436840448221 ], [ -75.537915308103351, 6.249436321463304 ], [ -75.537918981073261, 6.249434871613434 ], [ -75.537932123808872, 6.249428772295047 ], [ -75.537939742956979, 6.249422197863361 ], [ -75.537945363129282, 6.249417407857951 ], [ -75.53794750826377, 6.249415580232593 ], [ -75.53795085739732, 6.249412177253102 ], [ -75.537955971461386, 6.249406981936189 ], [ -75.537971481762398, 6.249390471169864 ], [ -75.537974616429693, 6.249385686836542 ], [ -75.53797579765525, 6.249383885564011 ], [ -75.537980051382405, 6.249381083972685 ], [ -75.537981550052081, 6.249380097581775 ], [ -75.537992806265294, 6.249372684653726 ], [ -75.538002650411045, 6.249370914786176 ], [ -75.538007522382145, 6.249370038683327 ], [ -75.53801563482881, 6.249367958929058 ], [ -75.538015996264434, 6.24936796622502 ], [ -75.538017995006498, 6.249368007204533 ], [ -75.538020586163839, 6.249361431734633 ], [ -75.538022571791927, 6.24935125810514 ], [ -75.538037690906194, 6.249344310225424 ], [ -75.538042757037786, 6.249342665592676 ], [ -75.53804544863651, 6.249341743058344 ], [ -75.53804971537248, 6.249340702616642 ], [ -75.538049867175545, 6.249339768838735 ], [ -75.538040826648682, 6.249342934394038 ], [ -75.538037384280997, 6.249344427432464 ], [ -75.538030301189721, 6.249347499453668 ], [ -75.538024212265199, 6.249349325326937 ], [ -75.538016937764397, 6.249350551168709 ], [ -75.538015748818452, 6.249350751293831 ], [ -75.538000993742472, 6.249352062981067 ], [ -75.537997313604393, 6.249351651296437 ], [ -75.537987668943757, 6.249350571339412 ], [ -75.537976915365405, 6.249347738235985 ], [ -75.53797133547684, 6.249346267061836 ], [ -75.53796680728054, 6.249343675133796 ], [ -75.537953176470509, 6.249335869736774 ], [ -75.537946942281749, 6.249331740915795 ], [ -75.53794529654644, 6.249332582454411 ], [ -75.537935226993838, 6.249335011603553 ], [ -75.537929109277215, 6.249336487722932 ], [ -75.537927620953212, 6.249338682863349 ], [ -75.537926034569864, 6.249337030570627 ], [ -75.5379073463574, 6.249338863932392 ], [ -75.537889970457911, 6.249338912566373 ], [ -75.537887463702248, 6.249306965164321 ], [ -75.537887313574544, 6.249305060922197 ], [ -75.537887185185255, 6.249301294101475 ], [ -75.5378862715948, 6.249300888044927 ], [ -75.537881021338677, 6.249303509103569 ], [ -75.537875131128615, 6.249306447883439 ], [ -75.537866448526387, 6.249313952356384 ], [ -75.537865914073649, 6.249314414226421 ], [ -75.537865509534612, 6.249314836592324 ], [ -75.537865371982207, 6.249314978298136 ], [ -75.53786192981481, 6.249318574302413 ], [ -75.537853512001206, 6.249327590982784 ], [ -75.537848869203515, 6.249330650315746 ], [ -75.537842110800383, 6.249335103156613 ], [ -75.537838288178705, 6.249336808688268 ], [ -75.537830312046751, 6.249340364199014 ], [ -75.537820021631603, 6.24934233421881 ], [ -75.537814005219701, 6.249342709541815 ], [ -75.537808709580062, 6.249343038891495 ], [ -75.537798023423619, 6.249342758674899 ], [ -75.537772728281425, 6.249341671999889 ], [ -75.537759754416086, 6.24934082057837 ], [ -75.537744486487128, 6.249339391654146 ], [ -75.537727028377802, 6.249338692977741 ], [ -75.537726989519442, 6.249338691357121 ], [ -75.537716553216313, 6.249337013077121 ], [ -75.537707123608499, 6.249334625632299 ], [ -75.537702198025642, 6.249333377324435 ], [ -75.537684616952433, 6.249330411723363 ], [ -75.537678401525937, 6.24932867509221 ], [ -75.537663441264186, 6.249326595526511 ], [ -75.537645915873227, 6.249325247114338 ], [ -75.537627568872821, 6.249322706525732 ], [ -75.537627532707461, 6.249322701275638 ], [ -75.537612082462815, 6.249320562594079 ], [ -75.537588983288487, 6.249317135407462 ], [ -75.537566968581885, 6.249315824939083 ], [ -75.537547461817454, 6.249314665103076 ], [ -75.537530537807342, 6.249312681808152 ], [ -75.537529474678138, 6.249312554939782 ], [ -75.537528929644139, 6.249312508748784 ], [ -75.537510782602325, 6.249310964427779 ], [ -75.537494475618601, 6.24930934251073 ], [ -75.53749364580959, 6.249309260625754 ], [ -75.537493428865332, 6.249309239070196 ], [ -75.537492998242087, 6.249309123614208 ], [ -75.537483085828299, 6.24930647901482 ], [ -75.537472334944823, 6.249304579836026 ], [ -75.53745351686392, 6.249303277438214 ], [ -75.537444787586097, 6.249303163165581 ], [ -75.537432819043417, 6.249303004858157 ], [ -75.537413969662907, 6.249303643742162 ], [ -75.537395273851985, 6.249304277363632 ], [ -75.537386116551119, 6.249304774528849 ], [ -75.537379118948863, 6.249305152774975 ], [ -75.537364557135177, 6.249305323424028 ], [ -75.537342295795995, 6.249306080036344 ] ] ] } },
{ "type": "Feature", "properties": { "objectid": 723, "codigo": "0811-2", "nombre": "Trece de Noviembre", "riesgo": "Alto riesgo mitigable", "descripcion": "Zona de alto riesgo mitigable por inundaciones", "tipo_amenaza": "Inundaciones", "categoria_proteccion": "N/A", "subcategoria_proteccion": "N/A", "fecha_adopcion": "2014-12-17T00:00:00", "fecha_actualizacion": "2026-04-30T00:00:00", "st_area(shape)": 39.199247860615557, "st_perimeter(shape)": 28.133803155554315 }, "geometry": { "type": "Polygon", "coordinates": [ [ [ -75.538339628418399, 6.248955949693862 ], [ -75.538338585219549, 6.248956583089837 ], [ -75.538326794130029, 6.248962493254304 ], [ -75.538309632559631, 6.24897869284343 ], [ -75.538308426955766, 6.248979560284764 ], [ -75.538309758701914, 6.248989862552107 ], [ -75.538311194705926, 6.249003423643822 ], [ -75.538311338755207, 6.249007627074313 ], [ -75.538311446561451, 6.249010872319903 ], [ -75.538311563082189, 6.24901442582597 ], [ -75.538312206780262, 6.249020505590875 ], [ -75.538312521017815, 6.249023465948124 ], [ -75.538313549530471, 6.249034775957515 ], [ -75.538318781771963, 6.24904265987387 ], [ -75.538318904639766, 6.249042845527859 ], [ -75.538321370866839, 6.249047836076913 ], [ -75.538323309035491, 6.249051803911531 ], [ -75.538323421270817, 6.2490520330143 ], [ -75.538324183450442, 6.249060761258432 ], [ -75.538324690329162, 6.249067134616549 ], [ -75.538352664421609, 6.249025710497037 ], [ -75.538358311974577, 6.249016670122434 ], [ -75.538354924521599, 6.249007629074821 ], [ -75.538349278154186, 6.248991809045544 ], [ -75.538344762090318, 6.248977118220042 ], [ -75.538342503959953, 6.248965817764899 ], [ -75.538339628418399, 6.248955949693862 ] ] ] } },
{ "type": "Feature", "properties": { "objectid": 725, "codigo": "0716-2", "nombre": "Palenque", "riesgo": "Riesgo bajo", "descripcion": "Zona de riesgo bajo por inundaciones", "tipo_amenaza": "Inundaciones", "categoria_proteccion": "N/A", "subcategoria_proteccion": "N/A", "fecha_adopcion": "2014-12-17T00:00:00", "fecha_actualizacion": "2026-04-30T00:00:00", "st_area(shape)": 14018.230176721518, "st_perimeter(shape)": 1292.5692760642614 }, "geometry": { "type": "Polygon", "coordinates": [ [ [ -75.593865370783831, 6.280239854036624 ], [ -75.59386542971238, 6.28023989442772 ], [ -75.593871152259567, 6.280243843070586 ], [ -75.593979168248822, 6.28028521123564 ], [ -75.594080447883059, 6.280323893325908 ], [ -75.59408072856607, 6.280324013079762 ], [ -75.594101738888327, 6.280332945097284 ], [ -75.594167489111527, 6.280258622410406 ], [ -75.59421816364663, 6.280201341236073 ], [ -75.594127172115066, 6.28010332352666 ], [ -75.594123740565919, 6.280100587640696 ], [ -75.594075877404066, 6.280048163623634 ], [ -75.594048267289025, 6.280008842253947 ], [ -75.594016709055694, 6.279951508712134 ], [ -75.593873471239959, 6.279674208202853 ], [ -75.593809317930862, 6.279546644164826 ], [ -75.593737667969748, 6.279364111616832 ], [ -75.593662137649318, 6.279108986680489 ], [ -75.5935315341398, 6.278830938883265 ], [ -75.593503840959372, 6.278752730919035 ], [ -75.593474458558148, 6.278644478095611 ], [ -75.593375482891503, 6.278427772133303 ], [ -75.593357658818434, 6.27839975100665 ], [ -75.593247634377633, 6.278103674113453 ], [ -75.593199689673369, 6.277974655332963 ], [ -75.593097448456675, 6.277654137892442 ], [ -75.592992627639248, 6.277325531749205 ], [ -75.592991816351955, 6.277322988991575 ], [ -75.592989194764257, 6.277310837660709 ], [ -75.592985769554346, 6.277294953772261 ], [ -75.59298521724827, 6.277293805622194 ], [ -75.592959672240056, 6.277240667747018 ], [ -75.592958399641461, 6.277238019690045 ], [ -75.592933755172709, 6.277209111063781 ], [ -75.5929302420478, 6.277207047290943 ], [ -75.592892086078322, 6.27718463086324 ], [ -75.592870011670342, 6.277174623639442 ], [ -75.592795414012755, 6.277140809270545 ], [ -75.592714309212425, 6.277116842662242 ], [ -75.592653918660417, 6.277102807742931 ], [ -75.592491432573283, 6.277065461637073 ], [ -75.592364821405312, 6.277050234060158 ], [ -75.592181132506113, 6.277061812011823 ], [ -75.592164124810026, 6.277061446927792 ], [ -75.592125047375475, 6.277056217839322 ], [ -75.592062648322667, 6.277054604836347 ], [ -75.592021831395726, 6.277056817660113 ], [ -75.591985684215672, 6.277057285089675 ], [ -75.591930844577959, 6.277057994266821 ], [ -75.591931580467474, 6.276936247867388 ], [ -75.591925786965959, 6.276896024423483 ], [ -75.5919030056005, 6.276848484351794 ], [ -75.591875867103496, 6.276814744864898 ], [ -75.591808916356484, 6.27675544272042 ], [ -75.591755368478786, 6.276713347451326 ], [ -75.591731059008836, 6.27672840767628 ], [ -75.591725382471893, 6.276731923708948 ], [ -75.591724464606756, 6.276732492397177 ], [ -75.591694624519789, 6.276750978427859 ], [ -75.591689649671864, 6.276754060645761 ], [ -75.591634892092344, 6.276787982388027 ], [ -75.591634892748928, 6.276793778411705 ], [ -75.591682705076579, 6.276856868506305 ], [ -75.591739394774351, 6.276933914234689 ], [ -75.591755841262355, 6.276970422521265 ], [ -75.591762602170206, 6.276995252012459 ], [ -75.591771210162392, 6.27705430245211 ], [ -75.591775299338138, 6.277105973605909 ], [ -75.591780434219515, 6.277170865296805 ], [ -75.591777986682345, 6.277283766578033 ], [ -75.591730727081199, 6.277453175711124 ], [ -75.591759421608032, 6.277625395539009 ], [ -75.591749868241763, 6.277785656736856 ], [ -75.591675769688209, 6.277919610798519 ], [ -75.591635907967259, 6.278007177158066 ], [ -75.591658534045663, 6.278042853818384 ], [ -75.591711750451836, 6.278083841385111 ], [ -75.591736017932547, 6.278091697842547 ], [ -75.591741228363972, 6.278078703979882 ], [ -75.59176174702263, 6.278027538373106 ], [ -75.591770321293438, 6.278006155208854 ], [ -75.591825171844505, 6.277869372697269 ], [ -75.591861022738527, 6.277756947866237 ], [ -75.591858579401816, 6.277695896924788 ], [ -75.591851449465011, 6.27751775168375 ], [ -75.591832320553351, 6.27742446721413 ], [ -75.591861112932378, 6.27728495148206 ], [ -75.591911853216743, 6.277285673867085 ], [ -75.591935576487117, 6.27728525983335 ], [ -75.591950259089913, 6.277285002681209 ], [ -75.591974931864584, 6.277284571285873 ], [ -75.592058615118418, 6.27728310807591 ], [ -75.592097505984015, 6.277287695289492 ], [ -75.592119737217132, 6.277290318192916 ], [ -75.592234237336541, 6.277315132941121 ], [ -75.592306165472294, 6.27734116116482 ], [ -75.592489790786431, 6.277400534324819 ], [ -75.592553886849089, 6.277438158995002 ], [ -75.592562889162551, 6.27744869387781 ], [ -75.592569172427048, 6.277456047231183 ], [ -75.59258509232788, 6.277474677281419 ], [ -75.592724030287371, 6.277637270218746 ], [ -75.592734499874808, 6.277651266759919 ], [ -75.592766799995587, 6.277715447897564 ], [ -75.592818208458581, 6.277817594981088 ], [ -75.592880139394481, 6.27800502820769 ], [ -75.59288928852024, 6.278054899532346 ], [ -75.592906407798466, 6.278246852760661 ], [ -75.592912787380314, 6.278318388579701 ], [ -75.592913728662126, 6.278323463909159 ], [ -75.592913738882416, 6.278323520815187 ], [ -75.592989812499951, 6.278378757957901 ], [ -75.593065298345607, 6.278409798639614 ], [ -75.593123445430024, 6.278413935909938 ], [ -75.593236062072336, 6.27838785033263 ], [ -75.593270713635405, 6.278469445768766 ], [ -75.593279381263798, 6.278537754429421 ], [ -75.593314037349955, 6.278702936907901 ], [ -75.593358247451491, 6.278769245873241 ], [ -75.593403153183274, 6.278851962133795 ], [ -75.593431616529287, 6.278925865609384 ], [ -75.593494741875034, 6.279127062643689 ], [ -75.593519017896611, 6.279218934536239 ], [ -75.593524443976563, 6.279239468990585 ], [ -75.59356776477992, 6.279405889515406 ], [ -75.593599941066429, 6.279486608445729 ], [ -75.59364326483643, 6.279542493246163 ], [ -75.593726182151116, 6.279645576897179 ], [ -75.593796413403524, 6.279738109597508 ], [ -75.593837254360167, 6.279826286626469 ], [ -75.593911520730785, 6.280024989062467 ], [ -75.593949887561251, 6.280141734402672 ], [ -75.593958553755968, 6.280176511822515 ], [ -75.593918042042247, 6.280197513643041 ], [ -75.593873565413688, 6.280230133484074 ], [ -75.593865370783831, 6.280239854036624 ] ] ] } },
{ "type": "Feature", "properties": { "objectid": 726, "codigo": "0715-3", "nombre": "Villa Flora", "riesgo": "Riesgo bajo", "descripcion": "Zona de riesgo bajo por inundaciones", "tipo_amenaza": "Inundaciones", "categoria_proteccion": "N/A", "subcategoria_proteccion": "N/A", "fecha_adopcion": "2014-12-17T00:00:00", "fecha_actualizacion": "2026-04-30T00:00:00", "st_area(shape)": 682.76026530096283, "st_perimeter(shape)": 123.4523108535913 }, "geometry": { "type": "Polygon", "coordinates": [ [ [ -75.591635907967259, 6.278007177158066 ], [ -75.591577770700823, 6.278134892708812 ], [ -75.591452284019084, 6.278374095188282 ], [ -75.591601692785474, 6.278463786217324 ], [ -75.591628329327094, 6.27836023801459 ], [ -75.591699653752457, 6.278182374984217 ], [ -75.591719300442676, 6.278133384379502 ], [ -75.591736017932547, 6.278091697842547 ], [ -75.591711750451836, 6.278083841385111 ], [ -75.591658534045663, 6.278042853818384 ], [ -75.591635907967259, 6.278007177158066 ] ] ] } },
{ "type": "Feature", "properties": { "objectid": 727, "codigo": "0715-2", "nombre": "Villa Flora", "riesgo": "Riesgo bajo", "descripcion": "Zona de riesgo bajo por inundaciones", "tipo_amenaza": "Inundaciones", "categoria_proteccion": "N/A", "subcategoria_proteccion": "N/A", "fecha_adopcion": "2014-12-17T00:00:00", "fecha_actualizacion": "2026-04-30T00:00:00", "st_area(shape)": 6188.1624025642332, "st_perimeter(shape)": 516.23165861785594 }, "geometry": { "type": "Polygon", "coordinates": [ [ [ -75.592913738882416, 6.278323520815187 ], [ -75.592941079238585, 6.278471029713607 ], [ -75.59295449320534, 6.278543399483421 ], [ -75.592964054735248, 6.278594987400793 ], [ -75.592975599139891, 6.278657276058882 ], [ -75.59300082354838, 6.278736702355938 ], [ -75.593133837928022, 6.279037496721848 ], [ -75.593294494290234, 6.279316868446854 ], [ -75.593335913322747, 6.279399562201434 ], [ -75.593359526979967, 6.279446705614803 ], [ -75.593398679662869, 6.279538450426783 ], [ -75.593438194685675, 6.279604833254324 ], [ -75.593540499327958, 6.279733039973826 ], [ -75.59355004998136, 6.279746825858155 ], [ -75.593612809185757, 6.279847391264973 ], [ -75.593693263845523, 6.280008363205352 ], [ -75.593745655117417, 6.280121848565527 ], [ -75.593791625837682, 6.280221428547873 ], [ -75.593812148904078, 6.280265883148707 ], [ -75.593823238007928, 6.280289833125268 ], [ -75.593865370783831, 6.280239854036624 ], [ -75.593873565413688, 6.280230133484074 ], [ -75.593918042042247, 6.280197513643041 ], [ -75.593958553755968, 6.280176511822515 ], [ -75.593949887561251, 6.280141734402672 ], [ -75.593911520730785, 6.280024989062467 ], [ -75.593837254360167, 6.279826286626469 ], [ -75.593796413403524, 6.279738109597508 ], [ -75.593726182151116, 6.279645576897179 ], [ -75.59364326483643, 6.279542493246163 ], [ -75.593599941066429, 6.279486608445729 ], [ -75.59356776477992, 6.279405889515406 ], [ -75.593524443976563, 6.279239468990585 ], [ -75.593519017896611, 6.279218934536239 ], [ -75.593494741875034, 6.279127062643689 ], [ -75.593431616529287, 6.278925865609384 ], [ -75.593403153183274, 6.278851962133795 ], [ -75.593358247451491, 6.278769245873241 ], [ -75.593314037349955, 6.278702936907901 ], [ -75.593279381263798, 6.278537754429421 ], [ -75.593270713635405, 6.278469445768766 ], [ -75.593236062072336, 6.27838785033263 ], [ -75.593123445430024, 6.278413935909938 ], [ -75.593065298345607, 6.278409798639614 ], [ -75.592989812499951, 6.278378757957901 ], [ -75.592913738882416, 6.278323520815187 ] ] ] } },
{ "type": "Feature", "properties": { "objectid": 728, "codigo": "0713-2", "nombre": "Aures No.1", "riesgo": "Riesgo bajo", "descripcion": "Zona de riesgo bajo por inundaciones", "tipo_amenaza": "Inundaciones", "categoria_proteccion": "N/A", "subcategoria_proteccion": "N/A", "fecha_adopcion": "2014-12-17T00:00:00", "fecha_actualizacion": "2026-04-30T00:00:00", "st_area(shape)": 258.65168400872125, "st_perimeter(shape)": 73.607814724735277 }, "geometry": { "type": "Polygon", "coordinates": [ [ [ -75.593865370783831, 6.280239854036624 ], [ -75.593823238007928, 6.280289833125268 ], [ -75.593835065052176, 6.280315377844132 ], [ -75.594038308049917, 6.280404182430772 ], [ -75.594038603233656, 6.280404311153458 ], [ -75.594081174361634, 6.280356190461539 ], [ -75.594096040695234, 6.280339385949974 ], [ -75.594101738888327, 6.280332945097284 ], [ -75.59408072856607, 6.280324013079762 ], [ -75.594080447883059, 6.280323893325908 ], [ -75.593979168248822, 6.28028521123564 ], [ -75.593871152259567, 6.280243843070586 ], [ -75.59386542971238, 6.28023989442772 ], [ -75.593865370783831, 6.280239854036624 ] ] ] } },
{ "type": "Feature", "properties": { "objectid": 729, "codigo": "0104-10", "nombre": "Granizal", "riesgo": "Alto riesgo no mitigable", "descripcion": "Zona de alto riesgo no mitigable por inundaciones", "tipo_amenaza": "Inundaciones", "categoria_proteccion": "Áreas de Amenaza y Riesgo", "subcategoria_proteccion": "Zona de riesgo no mitigable", "fecha_adopcion": "2014-12-17T00:00:00", "fecha_actualizacion": "2026-04-30T00:00:00", "st_area(shape)": 344.03017080496329, "st_perimeter(shape)": 342.48259172691087 }, "geometry": { "type": "Polygon", "coordinates": [ [ [ -75.542912679630277, 6.289779233164221 ], [ -75.542918799645349, 6.289783352324023 ], [ -75.542921046807891, 6.289784836779569 ], [ -75.542922559526147, 6.289785795907122 ], [ -75.542923323475307, 6.289786256899718 ], [ -75.542924097271168, 6.289786698858086 ], [ -75.542924880878516, 6.289787114549522 ], [ -75.542925680587047, 6.289787496710546 ], [ -75.542926470101577, 6.289787826482891 ], [ -75.542927272116259, 6.289788125454678 ], [ -75.542929688717152, 6.289788963551525 ], [ -75.542930478064633, 6.289789258968548 ], [ -75.542931245858881, 6.289789581613738 ], [ -75.542931984042752, 6.289789946896233 ], [ -75.542932678243005, 6.289790372064031 ], [ -75.542933294984479, 6.289790848239034 ], [ -75.542933872238123, 6.289791379756934 ], [ -75.542934425280649, 6.289791949365281 ], [ -75.542936574848824, 6.289794361007411 ], [ -75.542937144212345, 6.289794942289703 ], [ -75.542937796798853, 6.289795543057207 ], [ -75.542938477258986, 6.289796115661628 ], [ -75.542939180202268, 6.289796666457976 ], [ -75.542939897531951, 6.289797202718531 ], [ -75.542941364569501, 6.289798244342316 ], [ -75.542943603780486, 6.289799765904893 ], [ -75.542948732795153, 6.289803185588179 ], [ -75.542963894104659, 6.289813291134023 ], [ -75.543061400220907, 6.289878390501634 ], [ -75.543074550974566, 6.289887170463138 ], [ -75.54308301687901, 6.289892822415645 ], [ -75.543085817091736, 6.289894692039956 ], [ -75.543090867262009, 6.289898063283128 ], [ -75.543090911685255, 6.289898093806526 ], [ -75.543116651158059, 6.289915278545873 ], [ -75.543154609491197, 6.289940620327733 ], [ -75.543204930830768, 6.289974216993957 ], [ -75.543207194262891, 6.289975702272478 ], [ -75.54320871876773, 6.289976669478371 ], [ -75.54320948818696, 6.289977140388892 ], [ -75.54321022399472, 6.289977574394618 ], [ -75.543211709057871, 6.289978420641979 ], [ -75.543213328065747, 6.289979311442559 ], [ -75.543217694056963, 6.289981716810833 ], [ -75.543219161093177, 6.289982572187029 ], [ -75.54321988068547, 6.289983016216905 ], [ -75.543220584996618, 6.289983476595114 ], [ -75.54322126953528, 6.289983958768221 ], [ -75.543221929823289, 6.289984470894994 ], [ -75.543222528696532, 6.289984988745473 ], [ -75.543224278635265, 6.289986604907678 ], [ -75.543224953683406, 6.289987179346063 ], [ -75.543225650315549, 6.289987732884851 ], [ -75.543226361329673, 6.289988270983771 ], [ -75.543227084032736, 6.289988797272344 ], [ -75.543228552829973, 6.28998982894111 ], [ -75.543232283269916, 6.289992349513381 ], [ -75.543245816578079, 6.29000138527641 ], [ -75.543274254741831, 6.290020371408843 ], [ -75.543275918171034, 6.290021478074783 ], [ -75.543276549101535, 6.290021899029436 ], [ -75.543280261220332, 6.29002436815619 ], [ -75.543287802173765, 6.290029338389185 ], [ -75.543289298844812, 6.290030341894568 ], [ -75.543290760387478, 6.290031368173746 ], [ -75.543291467752354, 6.29003189905742 ], [ -75.543292148997921, 6.290032447246332 ], [ -75.543292793330011, 6.29003302273827 ], [ -75.543293386331456, 6.290033633740386 ], [ -75.543293909098125, 6.290034294810462 ], [ -75.543294319873425, 6.290034966371086 ], [ -75.543294668519479, 6.290035682535576 ], [ -75.543294972142121, 6.290036430563086 ], [ -75.543295244246181, 6.290037200442693 ], [ -75.54329549564342, 6.290037985792986 ], [ -75.543296210211039, 6.290040369160021 ], [ -75.543296460704738, 6.290041154514712 ], [ -75.543296734620284, 6.290041925289604 ], [ -75.543297039146481, 6.290042673312709 ], [ -75.543297388696104, 6.290043389472794 ], [ -75.543297799484606, 6.290044063745668 ], [ -75.543298308636537, 6.290044712224513 ], [ -75.543298884422256, 6.290045313365252 ], [ -75.543299507928836, 6.290045879917495 ], [ -75.543300167462945, 6.290046422787468 ], [ -75.543300852217214, 6.290046949260668 ], [ -75.543301552270179, 6.290047463001872 ], [ -75.54330438310599, 6.290049497927094 ], [ -75.543305067847072, 6.29005002168803 ], [ -75.543305730083048, 6.29005056273662 ], [ -75.543306356291467, 6.290051127467478 ], [ -75.543306936581743, 6.290051725873928 ], [ -75.54330745113738, 6.290052370710032 ], [ -75.543307862737109, 6.290053025992658 ], [ -75.543308216712148, 6.290053723144879 ], [ -75.543308531071858, 6.2900544494215 ], [ -75.543308819321055, 6.290055194811529 ], [ -75.543309634641844, 6.290057486372946 ], [ -75.543309922974615, 6.290058248940634 ], [ -75.543310237461839, 6.290059001435767 ], [ -75.543310606289367, 6.290059779885426 ], [ -75.543311006675083, 6.290060544619804 ], [ -75.543311430509007, 6.290061300198897 ], [ -75.543311872374304, 6.290062047553221 ], [ -75.543314627214471, 6.290066477831974 ], [ -75.543315493694152, 6.290067955446546 ], [ -75.54331589396115, 6.290068695770537 ], [ -75.54331626080571, 6.290069438065509 ], [ -75.543316582472968, 6.290070180580492 ], [ -75.543317376722058, 6.290072412573302 ], [ -75.543317675338955, 6.290073060269121 ], [ -75.543318049405201, 6.290073615378452 ], [ -75.5433184397682, 6.29007399139493 ], [ -75.543318881360719, 6.290074311107207 ], [ -75.543319804928316, 6.290074893376289 ], [ -75.543320235691468, 6.290075215853636 ], [ -75.54332060439134, 6.290075596496155 ], [ -75.543320940548242, 6.290076159927063 ], [ -75.543321180487396, 6.290076818757897 ], [ -75.543321354788645, 6.290077543908306 ], [ -75.543321487724654, 6.290078309945011 ], [ -75.543321714047281, 6.290079884704124 ], [ -75.543321846992086, 6.290080652548999 ], [ -75.543322021302131, 6.290081379507579 ], [ -75.543322261254488, 6.290082041050685 ], [ -75.543322596529833, 6.290082609006416 ], [ -75.543322963440218, 6.290082993274072 ], [ -75.543323388799692, 6.290083319394156 ], [ -75.543324296173822, 6.290083916207822 ], [ -75.543324721537672, 6.290084243231989 ], [ -75.543325088452463, 6.290084628403727 ], [ -75.543325375347365, 6.290085095334894 ], [ -75.543325592099848, 6.290085631319893 ], [ -75.543325755798108, 6.290086220001517 ], [ -75.543325883530414, 6.290086845022627 ], [ -75.543326192819137, 6.29008894376068 ], [ -75.543326323970035, 6.290089714326625 ], [ -75.543326497385365, 6.290090443097752 ], [ -75.543326738245668, 6.290091105540538 ], [ -75.543327075310515, 6.290091669871121 ], [ -75.5433274476202, 6.290092049591941 ], [ -75.543327881072017, 6.290092367535631 ], [ -75.543328821701508, 6.290092928022992 ], [ -75.543329276732919, 6.290093224162995 ], [ -75.543329685903331, 6.290093565731754 ], [ -75.543330095803668, 6.290094057378975 ], [ -75.543330444561875, 6.290094610803312 ], [ -75.543330775345908, 6.290095184205561 ], [ -75.543331128608656, 6.290095734895622 ], [ -75.543331548443618, 6.290096225590356 ], [ -75.543332063610379, 6.290096624505903 ], [ -75.543332647165244, 6.29009696522546 ], [ -75.54333325414197, 6.290097291365231 ], [ -75.543333845013152, 6.290097650131349 ], [ -75.543334378444328, 6.29009808873871 ], [ -75.543334800235897, 6.2900986101636 ], [ -75.543335152889725, 6.290099221431908 ], [ -75.543335455270366, 6.290099899849063 ], [ -75.543335722650127, 6.290100627258504 ], [ -75.543335968507492, 6.290101388224777 ], [ -75.543336676781422, 6.290103777951056 ], [ -75.543336935503888, 6.290104583156007 ], [ -75.543337214946391, 6.290105375602526 ], [ -75.543337511525479, 6.290106161636831 ], [ -75.543338439996518, 6.290108495140215 ], [ -75.543339015793862, 6.290110027512601 ], [ -75.543339268857608, 6.290110783923224 ], [ -75.543339728273352, 6.290112353026688 ], [ -75.54333996763441, 6.290113078764349 ], [ -75.543340253645681, 6.290113735562605 ], [ -75.543340621417968, 6.290114297031296 ], [ -75.543341092539634, 6.290114743174954 ], [ -75.543341631970279, 6.290115114849048 ], [ -75.543342190261043, 6.290115462924499 ], [ -75.543342720660604, 6.290115835546693 ], [ -75.543343174623686, 6.290116283582102 ], [ -75.543343512587754, 6.290116847004174 ], [ -75.543343754329655, 6.29011750492211 ], [ -75.54334393043807, 6.290118230063674 ], [ -75.54334406427769, 6.290118996095956 ], [ -75.543344379834181, 6.29012108305003 ], [ -75.543344508456897, 6.290121705354465 ], [ -75.543344673949122, 6.290122291315013 ], [ -75.543344891591985, 6.290122824583316 ], [ -75.543345178478148, 6.290123289706284 ], [ -75.543345627037567, 6.290123741384446 ], [ -75.543346151134287, 6.290124118557859 ], [ -75.543346699512455, 6.290124472106214 ], [ -75.543347222705648, 6.290124849284025 ], [ -75.543347672172985, 6.290125301861869 ], [ -75.543347957247661, 6.29012576608955 ], [ -75.54334817399139, 6.290126300266333 ], [ -75.543348338575683, 6.290126885327193 ], [ -75.543348467194008, 6.290127506727539 ], [ -75.543348780943447, 6.2901295936904 ], [ -75.54334891839288, 6.29013035880099 ], [ -75.543349098106688, 6.290131082116778 ], [ -75.543349348879673, 6.290131739086603 ], [ -75.543349699475826, 6.290132298830724 ], [ -75.543350175110859, 6.290132744048261 ], [ -75.543350738011725, 6.290133111087508 ], [ -75.543351952202741, 6.290133812187686 ], [ -75.543352520841509, 6.290134244294793 ], [ -75.543353015000392, 6.290134782545311 ], [ -75.543353448175452, 6.290135415120077 ], [ -75.543353835599461, 6.290136115725779 ], [ -75.543354193448252, 6.290136866201469 ], [ -75.54335453067381, 6.290137649325489 ], [ -75.543355512144373, 6.290140104625344 ], [ -75.543355855927814, 6.290140935635183 ], [ -75.543356574206484, 6.290142595697086 ], [ -75.543357694047216, 6.290145076542263 ], [ -75.54335922262122, 6.290148366382361 ], [ -75.543411888206535, 6.290260430024071 ], [ -75.543413435641597, 6.290263696265079 ], [ -75.543414623033541, 6.290266132479623 ], [ -75.543415851834766, 6.290268536848707 ], [ -75.543417525388222, 6.29027172472215 ], [ -75.543438991891591, 6.290312310487616 ], [ -75.543446978954904, 6.29032744433896 ], [ -75.543448248332538, 6.290329831332174 ], [ -75.543449108090599, 6.290331412951385 ], [ -75.543449993064399, 6.290332977269726 ], [ -75.543450452203174, 6.290333746238234 ], [ -75.543450927548591, 6.290334503374408 ], [ -75.543451424499992, 6.290335244131382 ], [ -75.543451951145315, 6.290335959428737 ], [ -75.543452467473415, 6.290336597022989 ], [ -75.543453003587189, 6.29033721553462 ], [ -75.543454636113211, 6.290339027554515 ], [ -75.543455151405851, 6.290339638030563 ], [ -75.543455628811074, 6.290340261348636 ], [ -75.543456054824077, 6.290340907519696 ], [ -75.543456405093082, 6.29034158570344 ], [ -75.543456684483232, 6.290342367300722 ], [ -75.5434568755105, 6.290343187300873 ], [ -75.543457004316167, 6.290344032919107 ], [ -75.543457087146493, 6.290344900459825 ], [ -75.543457137515105, 6.290345781720269 ], [ -75.543457180544081, 6.290347568933135 ], [ -75.543457182102244, 6.290349375334227 ], [ -75.54345711969998, 6.290358280202251 ], [ -75.543457104323096, 6.290366264458854 ], [ -75.543457111840866, 6.290376912107455 ], [ -75.543457157474805, 6.290387593926553 ], [ -75.54345713526817, 6.290389344388667 ], [ -75.543457106001554, 6.290390200721892 ], [ -75.543457057672498, 6.29039103906578 ], [ -75.543456981197167, 6.290391849519396 ], [ -75.543456866583767, 6.290392621282082 ], [ -75.543456699300805, 6.290393339054756 ], [ -75.543456459386661, 6.290393985756584 ], [ -75.543456121405697, 6.290394533484076 ], [ -75.543455660935777, 6.290394976931525 ], [ -75.543455123286193, 6.290395343001515 ], [ -75.543454562021239, 6.290395683871469 ], [ -75.543454024371641, 6.290396049941442 ], [ -75.543453563901721, 6.290396493388892 ], [ -75.543453221464588, 6.290397053795599 ], [ -75.543452980717262, 6.29039771496723 ], [ -75.543452813522237, 6.290398450821648 ], [ -75.543452700808274, 6.290399241561365 ], [ -75.543452627135935, 6.290400070987593 ], [ -75.54345258160987, 6.29040092830413 ], [ -75.543452556054206, 6.290401804509671 ], [ -75.543452539449135, 6.290403592012944 ], [ -75.543452557915828, 6.290408131451549 ], [ -75.543452552298461, 6.290409948736905 ], [ -75.543452515942917, 6.290411762555515 ], [ -75.543452476965982, 6.290412665949678 ], [ -75.543452418106611, 6.290413568536561 ], [ -75.543452336627794, 6.290414464904839 ], [ -75.5434522343498, 6.290415357757982 ], [ -75.543451990923714, 6.290417140037141 ], [ -75.543451574712179, 6.290419809184055 ], [ -75.543450697072188, 6.290425139561118 ], [ -75.543450296198969, 6.290427804112802 ], [ -75.543450086182133, 6.290429581708707 ], [ -75.543450015515091, 6.290430471695585 ], [ -75.543449978274893, 6.290431360615545 ], [ -75.543449982553867, 6.290432240292236 ], [ -75.543450019369331, 6.290433121618684 ], [ -75.543450080576164, 6.290434001922238 ], [ -75.543450250886622, 6.290435764104298 ], [ -75.543450565539032, 6.290438407993232 ], [ -75.543452029041575, 6.290449867673338 ], [ -75.543452338290336, 6.290452515205024 ], [ -75.543452518561836, 6.290454281859116 ], [ -75.543452663568615, 6.290456043260276 ], [ -75.543452841798697, 6.290458690525943 ], [ -75.543453148585797, 6.290463989819687 ], [ -75.543453629811665, 6.290472828752595 ], [ -75.543453741400441, 6.290474593028837 ], [ -75.543453886372077, 6.290476347197306 ], [ -75.543453980975016, 6.290477220105338 ], [ -75.543454099030598, 6.290478084762191 ], [ -75.543454250477822, 6.290478941119427 ], [ -75.543454446141695, 6.290479785507914 ], [ -75.543454698685039, 6.290480620578321 ], [ -75.543454995449437, 6.29048144458405 ], [ -75.543455326504628, 6.290482259381692 ], [ -75.543455681021257, 6.290483067736323 ], [ -75.543456051775365, 6.290483870587217 ], [ -75.543456824881332, 6.290485470710477 ], [ -75.543464013861808, 6.290499812831559 ], [ -75.543464824824454, 6.29050139378414 ], [ -75.543465655563992, 6.290502953845908 ], [ -75.543466083964816, 6.290503719347583 ], [ -75.543466525852892, 6.290504471221952 ], [ -75.54346698480721, 6.290505202218712 ], [ -75.543467465323531, 6.290505907795434 ], [ -75.54346797729248, 6.290506577958738 ], [ -75.543469534758927, 6.29050837678226 ], [ -75.543469988707372, 6.29050900744736 ], [ -75.5434703816412, 6.290509726108115 ], [ -75.543470704335846, 6.290510493932819 ], [ -75.54347097390152, 6.290511299084706 ], [ -75.54347120384746, 6.290512132456911 ], [ -75.54347140767851, 6.290512984038472 ], [ -75.543471760404515, 6.290514724537592 ], [ -75.543472395661354, 6.290518263740617 ], [ -75.543472737628377, 6.290520021470195 ], [ -75.543472932494311, 6.290520887561141 ], [ -75.543473150782106, 6.290521739072291 ], [ -75.543473406018578, 6.290522570513109 ], [ -75.543473712612112, 6.290523371868229 ], [ -75.543474088589676, 6.290524134008769 ], [ -75.54347454745168, 6.290524846019699 ], [ -75.543475075697685, 6.290525518816033 ], [ -75.543475655305187, 6.290526162430754 ], [ -75.543476269146296, 6.290526785084257 ], [ -75.543476910019066, 6.290527392236275 ], [ -75.543477568019654, 6.29052799116788 ], [ -75.543478913745531, 6.290529169900073 ], [ -75.543485078096992, 6.290534413542798 ], [ -75.543490531292605, 6.290539090156479 ], [ -75.543500044210873, 6.290547293815481 ], [ -75.543508866807784, 6.290554941193157 ], [ -75.543510235938058, 6.290556101729056 ], [ -75.543511622994146, 6.290557232342068 ], [ -75.543512328614526, 6.290557775891071 ], [ -75.54351304767377, 6.290558295867809 ], [ -75.543513784654436, 6.290558785017563 ], [ -75.543514544916206, 6.290559230656748 ], [ -75.543515288562318, 6.290559604048171 ], [ -75.543516052805288, 6.290559939366723 ], [ -75.543516832272232, 6.290560246583765 ], [ -75.543519969481494, 6.290561365056529 ], [ -75.543520731666689, 6.290561648850919 ], [ -75.543521469530887, 6.290561948133593 ], [ -75.543522173170231, 6.290562270185672 ], [ -75.543522830882608, 6.290562624105219 ], [ -75.543523423755104, 6.290563022641878 ], [ -75.543523931975642, 6.290563479453741 ], [ -75.543524301071898, 6.290563941463735 ], [ -75.543524614315373, 6.290564438101861 ], [ -75.543525189326516, 6.290565437053472 ], [ -75.54352550778016, 6.290565890269026 ], [ -75.54352588554687, 6.290566277195785 ], [ -75.543526445654194, 6.290566627070159 ], [ -75.543527101952861, 6.290566876120003 ], [ -75.543527824779787, 6.290567056133609 ], [ -75.543528588958765, 6.290567192548601 ], [ -75.543530157765261, 6.290567421784386 ], [ -75.543530922834606, 6.290567555482701 ], [ -75.543531646534291, 6.290567729163285 ], [ -75.543532304591679, 6.290567968259379 ], [ -75.543532868238415, 6.290568302746657 ], [ -75.543533317688812, 6.290568751707757 ], [ -75.543533691601894, 6.290569275173647 ], [ -75.543534042141488, 6.290569823164309 ], [ -75.54353441786165, 6.290570346621396 ], [ -75.543534869110346, 6.290570793765522 ], [ -75.54353543636249, 6.290571126427022 ], [ -75.543536101643866, 6.290571364583801 ], [ -75.543536836172919, 6.290571535499311 ], [ -75.543537619286838, 6.290571663685089 ], [ -75.543539259385582, 6.290571874491452 ], [ -75.543540086738105, 6.290571995228912 ], [ -75.54354090162569, 6.290572153999617 ], [ -75.543541689701513, 6.290572373476182 ], [ -75.54354243394333, 6.290572683577051 ], [ -75.543543114539077, 6.290573097960389 ], [ -75.543543752182359, 6.290573598443189 ], [ -75.543544362991909, 6.290574155111419 ], [ -75.543545555150203, 6.290575341824118 ], [ -75.543546162477512, 6.290575925632544 ], [ -75.543546794932624, 6.29057647405837 ], [ -75.543547468651838, 6.290576960803839 ], [ -75.543548205254297, 6.290577372202056 ], [ -75.543548987594647, 6.290577712857057 ], [ -75.543549804027876, 6.290578003620051 ], [ -75.54355064286068, 6.290578255397271 ], [ -75.543551499641282, 6.290578481772068 ], [ -75.543553244575946, 6.290578882834647 ], [ -75.543555899191475, 6.290579425932275 ], [ -75.543563008016207, 6.29058081889655 ], [ -75.543571874280119, 6.290582583026741 ], [ -75.543573648741557, 6.290582924274298 ], [ -75.543575425803695, 6.29058324290646 ], [ -75.543577171030591, 6.290583518296454 ], [ -75.543578882615122, 6.290583750453116 ], [ -75.543589182928457, 6.290584975078686 ], [ -75.543590892723486, 6.290585210860449 ], [ -75.543592596400401, 6.290585489165091 ], [ -75.54359433206649, 6.290585842354908 ], [ -75.543596058004681, 6.290586238989309 ], [ -75.543598642600941, 6.290586876454991 ], [ -75.543604662376794, 6.290588404010298 ], [ -75.54360638481073, 6.290588823264428 ], [ -75.543608109810208, 6.290589212670483 ], [ -75.5436089753712, 6.290589386564107 ], [ -75.543609843546065, 6.290589540554615 ], [ -75.54361071519439, 6.290589665596737 ], [ -75.543611564977255, 6.290589753676906 ], [ -75.543612418242361, 6.290589814616875 ], [ -75.54361327412137, 6.290589855653713 ], [ -75.543614129929992, 6.290589882225166 ], [ -75.543615847731317, 6.290589906406496 ], [ -75.543623594858332, 6.290589892180718 ], [ -75.543625314387597, 6.290589900079643 ], [ -75.543627034917151, 6.29058992786406 ], [ -75.543628752925187, 6.290589994537427 ], [ -75.543629608865757, 6.290590048231466 ], [ -75.543632175201395, 6.290590275320707 ], [ -75.543635592482943, 6.2905906438268 ], [ -75.543639861543539, 6.290591139279924 ], [ -75.543642417524822, 6.290591466775563 ], [ -75.543644114758123, 6.290591720700484 ], [ -75.543644960304718, 6.290591866664164 ], [ -75.543646647122102, 6.290592208338301 ], [ -75.543648326900211, 6.290592588923373 ], [ -75.543651679382009, 6.290593381771764 ], [ -75.543653358203798, 6.290593751512178 ], [ -75.543654199329424, 6.290593917387755 ], [ -75.543655043073329, 6.290594064264303 ], [ -75.543655891211827, 6.29059418580442 ], [ -75.543656783474589, 6.290594276389944 ], [ -75.543657679219578, 6.290594339835253 ], [ -75.543659477656476, 6.290594408829078 ], [ -75.543662184894586, 6.290594439040389 ], [ -75.543675740109805, 6.290594414607002 ], [ -75.543721368443855, 6.290594401214937 ], [ -75.543723908406875, 6.290594407829745 ], [ -75.543726447607099, 6.29059444337972 ], [ -75.543728139385777, 6.290594504755847 ], [ -75.543729027845188, 6.290594556483095 ], [ -75.543731693522489, 6.290594773142778 ], [ -75.543735244440867, 6.290595122915097 ], [ -75.543752104446341, 6.290596860763793 ], [ -75.54377639784208, 6.29060578713398 ], [ -75.543783107023657, 6.290608239848073 ], [ -75.543787310498445, 6.29060974098768 ], [ -75.543792030461603, 6.290611355337334 ], [ -75.543792776334641, 6.290611629265501 ], [ -75.543793511439901, 6.290611918615945 ], [ -75.543794233097501, 6.290612229730502 ], [ -75.543794935022234, 6.290612570776744 ], [ -75.543795611836785, 6.290612950821948 ], [ -75.543796298043077, 6.290613404054163 ], [ -75.543796960933079, 6.290613893564265 ], [ -75.543798272423487, 6.290614907010205 ], [ -75.543798946142871, 6.290615393755251 ], [ -75.543799674912634, 6.290615866670518 ], [ -75.543800427933036, 6.290616309632089 ], [ -75.543801198905598, 6.290616728095286 ], [ -75.543801982444265, 6.290617129319229 ], [ -75.543803577368806, 6.290617898179471 ], [ -75.543806815692747, 6.290619370568008 ], [ -75.543827166437154, 6.290628403837811 ], [ -75.543829603265905, 6.290629498596552 ], [ -75.543832028467321, 6.290630617822825 ], [ -75.543834410448028, 6.290631767999288 ], [ -75.54383678170494, 6.2906329426389 ], [ -75.543846442702574, 6.290637780476779 ], [ -75.543858081012658, 6.290643609530632 ], [ -75.54386045585305, 6.290644777823874 ], [ -75.543862046185183, 6.290645531336394 ], [ -75.543862150317423, 6.290645576938667 ], [ -75.543863652565648, 6.290646240469425 ], [ -75.54386446556515, 6.290646568316977 ], [ -75.543865286560219, 6.290646868098209 ], [ -75.543866089290788, 6.290647128187664 ], [ -75.543866899139786, 6.290647365639727 ], [ -75.543869328488839, 6.290648037312023 ], [ -75.543870125692564, 6.290648275729799 ], [ -75.54387090766356, 6.290648540440899 ], [ -75.543871669928066, 6.290648840508197 ], [ -75.543872402626235, 6.290649192253691 ], [ -75.543873060501554, 6.290649579623876 ], [ -75.543873696898487, 6.290650009591745 ], [ -75.543875639188798, 6.290651416868209 ], [ -75.54387775784231, 6.290652858545807 ], [ -75.543879924212291, 6.29065426473074 ], [ -75.543885027034591, 6.290657498280237 ], [ -75.543887205111133, 6.290658896271121 ], [ -75.543888641018526, 6.290659853055977 ], [ -75.543890115231207, 6.290660882886974 ], [ -75.54389157328562, 6.290661934495283 ], [ -75.543893748715703, 6.290663531402807 ], [ -75.54390673367115, 6.290673142108536 ], [ -75.54392990146188, 6.290690288678387 ], [ -75.543934963531711, 6.29069406036998 ], [ -75.543941472389562, 6.290698982272248 ], [ -75.543942918799218, 6.29070005473152 ], [ -75.543943642363431, 6.290700571973148 ], [ -75.543944366712452, 6.290701064800024 ], [ -75.543945089986366, 6.290701522371928 ], [ -75.543945814821029, 6.29070192930616 ], [ -75.543946539299412, 6.290702263009376 ], [ -75.543947265991363, 6.290702494537597 ], [ -75.543947992001506, 6.290702585932367 ], [ -75.543948713566095, 6.290702506472382 ], [ -75.543949435361213, 6.290702288682715 ], [ -75.543950157571629, 6.290701970535027 ], [ -75.543950881237237, 6.290701580051608 ], [ -75.54395160646358, 6.290701138930531 ], [ -75.543952330614857, 6.290700662554471 ], [ -75.54395378493868, 6.290699647389576 ], [ -75.543958910858507, 6.290695928234227 ], [ -75.543964086640486, 6.29069224319208 ], [ -75.543964720476595, 6.290691775392935 ], [ -75.543965500163878, 6.290691199294445 ], [ -75.543966162653959, 6.290690678013347 ], [ -75.543966778159614, 6.290690156961123 ], [ -75.543967323188596, 6.290689636252191 ], [ -75.5439677688274, 6.290689116027434 ], [ -75.543968076219116, 6.290688595572009 ], [ -75.543968192058855, 6.290688076049685 ], [ -75.543968073849157, 6.290687551338716 ], [ -75.54396776318832, 6.290687028469335 ], [ -75.543967311560962, 6.290686503574303 ], [ -75.543966759644292, 6.290685980071928 ], [ -75.543966138154488, 6.290685456908462 ], [ -75.543965467868773, 6.290684933078587 ], [ -75.543964765059755, 6.290684410311245 ], [ -75.543963303413008, 6.290683363241275 ], [ -75.543956598602591, 6.29067865204689 ], [ -75.543950000415222, 6.290673941237109 ], [ -75.54391430214325, 6.290648293802059 ], [ -75.543900476007579, 6.290638320125894 ], [ -75.543899008128591, 6.290637292072269 ], [ -75.543898268375429, 6.29063679027923 ], [ -75.543897523262572, 6.290636301169804 ], [ -75.543896766495962, 6.290635831103418 ], [ -75.543895999014367, 6.290635387308364 ], [ -75.543895212729822, 6.290634978865125 ], [ -75.543894411304919, 6.290634615701031 ], [ -75.543893592888566, 6.290634288784019 ], [ -75.543892762849268, 6.290633987238655 ], [ -75.543891922055366, 6.290633703827842 ], [ -75.543887680642797, 6.290632390928587 ], [ -75.543886010889096, 6.290631842131461 ], [ -75.543885197126841, 6.290631543219115 ], [ -75.54388440402299, 6.29063121889112 ], [ -75.543883641459416, 6.290630857345923 ], [ -75.543882922024167, 6.290630445864695 ], [ -75.543882259178091, 6.290629965395612 ], [ -75.543881687308726, 6.290629426620434 ], [ -75.543881165747692, 6.290628827929062 ], [ -75.543880674709328, 6.290628188404146 ], [ -75.543879249139138, 6.290626199077384 ], [ -75.543878741850122, 6.290625562343958 ], [ -75.543878193191489, 6.290624965592789 ], [ -75.543877567907316, 6.290624405379195 ], [ -75.543876894055927, 6.290623891511697 ], [ -75.543876183339464, 6.290623414892205 ], [ -75.543875447451242, 6.29062296461445 ], [ -75.54387469177297, 6.29062253251526 ], [ -75.543873923515406, 6.290622114943081 ], [ -75.543872151704207, 6.290621204095639 ], [ -75.54387157197381, 6.290620906755622 ], [ -75.543863637605952, 6.290616979081605 ], [ -75.543854924177666, 6.290612642024815 ], [ -75.543853335547155, 6.290611866805349 ], [ -75.543851738890311, 6.290611113323563 ], [ -75.543850127987838, 6.290610403308348 ], [ -75.543849314984016, 6.290610074556678 ], [ -75.543848493072275, 6.290609772067524 ], [ -75.543847692140062, 6.290609510161041 ], [ -75.543844488965391, 6.290608576450038 ], [ -75.54384371337207, 6.2906083225571 ], [ -75.543842960226669, 6.290608039623354 ], [ -75.543842240301387, 6.290607713130608 ], [ -75.543841563456041, 6.290607326756878 ], [ -75.543840945028961, 6.290606875906906 ], [ -75.54383917834997, 6.290605348432533 ], [ -75.543838510854243, 6.290604840862764 ], [ -75.543837809164515, 6.290604362390997 ], [ -75.543837080473907, 6.290603905749359 ], [ -75.543835570915746, 6.290603039733843 ], [ -75.543834019979144, 6.290602211892402 ], [ -75.543830865034209, 6.290600605289887 ], [ -75.54382636877375, 6.290598355166988 ], [ -75.543814215110757, 6.290592274567716 ], [ -75.543810242516827, 6.290590313016744 ], [ -75.543808644017787, 6.290589552310895 ], [ -75.543806237826274, 6.290588440224674 ], [ -75.543792207931403, 6.290582086681842 ], [ -75.54373685426819, 6.29057592447228 ], [ -75.543668172101476, 6.29057181259617 ], [ -75.543654960120278, 6.290571811850567 ], [ -75.543639596872637, 6.290571837856426 ], [ -75.543636890542544, 6.290571808544652 ], [ -75.543635092105703, 6.2905717395507 ], [ -75.543634196365119, 6.290571677009421 ], [ -75.543633303198845, 6.290571586428242 ], [ -75.543632456871862, 6.290571465783371 ], [ -75.543631613127999, 6.29057131890677 ], [ -75.543629930806432, 6.290570972690106 ], [ -75.543628253708249, 6.290570585763122 ], [ -75.543624062622513, 6.290569588149924 ], [ -75.54362237928305, 6.290569218431379 ], [ -75.543621549903563, 6.290569052498521 ], [ -75.543621291256017, 6.290569005840523 ], [ -75.543619050247699, 6.290568601769653 ], [ -75.543616545368479, 6.290568191751102 ], [ -75.543614034335945, 6.290567817022723 ], [ -75.543612358064593, 6.290567600064017 ], [ -75.543610676631445, 6.290567436472848 ], [ -75.543609778211007, 6.290567380273341 ], [ -75.543608877172289, 6.290567343072843 ], [ -75.543607072564527, 6.290567305752647 ], [ -75.543601653759751, 6.290567284227084 ], [ -75.54359985096788, 6.290567248706215 ], [ -75.543598952639798, 6.290567211492515 ], [ -75.543598055122899, 6.290567155288585 ], [ -75.543597161079447, 6.290567070136269 ], [ -75.543596304848634, 6.290566956772423 ], [ -75.543595453012415, 6.290566818072149 ], [ -75.543594601991771, 6.290566661285729 ], [ -75.54359290428792, 6.290566310623299 ], [ -75.543586971334463, 6.290564985165156 ], [ -75.543584370169071, 6.290564470738813 ], [ -75.543580857691666, 6.290563850449705 ], [ -75.543574701166762, 6.29056281629907 ], [ -75.543565897800164, 6.290561351122328 ], [ -75.543555295020312, 6.29055961624387 ], [ -75.543553555929208, 6.290559301947202 ], [ -75.543552703031096, 6.290559130704106 ], [ -75.543551868129171, 6.290558944003527 ], [ -75.54355106022372, 6.290558734568759 ], [ -75.543550291025653, 6.290558495109876 ], [ -75.543549573114262, 6.290558211099905 ], [ -75.543548926306002, 6.2905578697848 ], [ -75.543548375794686, 6.290557449343281 ], [ -75.54354793324282, 6.290556932540448 ], [ -75.543547564500344, 6.290556357515213 ], [ -75.543547221008808, 6.290555772421804 ], [ -75.543546851481537, 6.290555221811308 ], [ -75.543546405557379, 6.290554754750874 ], [ -75.543545901606336, 6.290554432630384 ], [ -75.543545315841527, 6.290554194990442 ], [ -75.543544671645208, 6.290554019114448 ], [ -75.543543987881947, 6.29055388230782 ], [ -75.543541860186437, 6.290553553629787 ], [ -75.54354117644516, 6.2905534213436 ], [ -75.543540531358502, 6.290553248184258 ], [ -75.543539943826175, 6.290553018689896 ], [ -75.543539438120817, 6.290552707427238 ], [ -75.543538990468718, 6.290552256649151 ], [ -75.543538617450423, 6.290551731370689 ], [ -75.543538268709142, 6.290551181563056 ], [ -75.543537895695238, 6.290550657188679 ], [ -75.543537444446542, 6.290550210044549 ], [ -75.543536877198846, 6.290549878287128 ], [ -75.543536211027146, 6.290549642846995 ], [ -75.543535472011172, 6.29054947828209 ], [ -75.543534680813764, 6.290549360080857 ], [ -75.543532147764267, 6.290549102993348 ], [ -75.543531286138574, 6.290548995080293 ], [ -75.543530429740642, 6.290548847361024 ], [ -75.543529590206646, 6.290548637176132 ], [ -75.543528777409648, 6.290548350915923 ], [ -75.54352798417402, 6.290547999464632 ], [ -75.543527204262901, 6.290547600934821 ], [ -75.543526435031637, 6.290547168900973 ], [ -75.543524917025238, 6.290546237829617 ], [ -75.5435234150452, 6.290545257858365 ], [ -75.543515216291937, 6.290539732097403 ], [ -75.543507752949822, 6.290534744315537 ], [ -75.543506275216103, 6.290533733486438 ], [ -75.543504823544495, 6.290532693598914 ], [ -75.543504116134656, 6.290532153675027 ], [ -75.543503427602559, 6.290531593768812 ], [ -75.543502764237843, 6.290531006616785 ], [ -75.54350213686547, 6.290530388549763 ], [ -75.543501533756952, 6.290529743241329 ], [ -75.543500950434108, 6.290529078850238 ], [ -75.543500379686165, 6.290528399028084 ], [ -75.543498711487445, 6.290526312333414 ], [ -75.543491051762587, 6.290516431568721 ], [ -75.543489981347903, 6.290515010098785 ], [ -75.543489461018311, 6.290514292962593 ], [ -75.543488956005049, 6.290513566710737 ], [ -75.543488473532079, 6.290512830403894 ], [ -75.5434880226085, 6.290512078573564 ], [ -75.543487614050477, 6.290511305742412 ], [ -75.543487262327957, 6.290510514552287 ], [ -75.543486951163914, 6.29050970237014 ], [ -75.543486672461597, 6.290508876468277 ], [ -75.543486413580126, 6.290508038716458 ], [ -75.543485939994284, 6.290506343107301 ], [ -75.543485036968875, 6.290502925454811 ], [ -75.543484558843303, 6.290501225347222 ], [ -75.543484301742566, 6.290500382162086 ], [ -75.543484024790189, 6.290499544498272 ], [ -75.543483728069717, 6.290498729533454 ], [ -75.543483082302217, 6.2904971161326 ], [ -75.543482040600011, 6.290494724414441 ], [ -75.543480961005997, 6.290492344634223 ], [ -75.54347768345508, 6.290485222660424 ], [ -75.54347661469491, 6.290482841019203 ], [ -75.543475936474536, 6.290481243146224 ], [ -75.54347561720941, 6.290480437332258 ], [ -75.543475318695073, 6.290479625088483 ], [ -75.543475048155514, 6.29047880547561 ], [ -75.543474807287865, 6.290477955882634 ], [ -75.543474593482671, 6.290477097116775 ], [ -75.54347440223097, 6.290476231008221 ], [ -75.543474226321962, 6.2904753612085 ], [ -75.543473901561995, 6.290473611532089 ], [ -75.543471522736539, 6.290459549765399 ], [ -75.543471451903258, 6.290459105289031 ], [ -75.543471243114368, 6.290457791732186 ], [ -75.543470992392528, 6.290456030845887 ], [ -75.543470886898646, 6.290455148045716 ], [ -75.543470799471308, 6.29045426425345 ], [ -75.543470737272926, 6.290453365872571 ], [ -75.543470665255498, 6.290451563431078 ], [ -75.543470637494266, 6.290449757157623 ], [ -75.543470628823101, 6.290447045778653 ], [ -75.543470631499474, 6.290443695139746 ], [ -75.543468535274386, 6.290404326001383 ], [ -75.543464463078593, 6.290377429620858 ], [ -75.543457957032416, 6.290334446537989 ], [ -75.543426215320153, 6.290261387319822 ], [ -75.543352745444679, 6.290107785369083 ], [ -75.543352674435994, 6.290107676317738 ], [ -75.543352244670771, 6.290107187479604 ], [ -75.543351805718501, 6.290106853288772 ], [ -75.543351309172309, 6.290106567296156 ], [ -75.543350228651391, 6.290106040037978 ], [ -75.543349685090007, 6.290105747945557 ], [ -75.543349166568476, 6.29010540238877 ], [ -75.543348633856141, 6.290104925805371 ], [ -75.543348148636028, 6.290104367620936 ], [ -75.543347701070232, 6.290103748677851 ], [ -75.543347284899895, 6.290103082568249 ], [ -75.543346899274241, 6.290102380145541 ], [ -75.543346540609889, 6.290101647755976 ], [ -75.543346212551768, 6.290100891710554 ], [ -75.543345918727297, 6.290100114703915 ], [ -75.543345660009194, 6.290099310403076 ], [ -75.543345432840482, 6.29009849057875 ], [ -75.543345230027938, 6.290097662498856 ], [ -75.543344873124028, 6.290095991636051 ], [ -75.543344560533455, 6.290094328694435 ], [ -75.543344132068682, 6.290091877934446 ], [ -75.543343973710222, 6.290091086706513 ], [ -75.543343778561379, 6.290090348096024 ], [ -75.543343520516103, 6.290089682120511 ], [ -75.543343170797186, 6.290089116947459 ], [ -75.543342710509293, 6.290088668942823 ], [ -75.543342176499991, 6.290088297242321 ], [ -75.54334162002074, 6.290087950062143 ], [ -75.543341090520357, 6.290087576531452 ], [ -75.543340639263548, 6.290087127578744 ], [ -75.543340353276577, 6.290086661547276 ], [ -75.543340141028622, 6.290086122828034 ], [ -75.543339985431473, 6.290085527778206 ], [ -75.543339874796189, 6.290084888208121 ], [ -75.543339794723153, 6.290084215941289 ], [ -75.543339740734254, 6.290083519136499 ], [ -75.543339696809582, 6.290082662255508 ], [ -75.543339664116544, 6.290081699539118 ], [ -75.543339607278014, 6.290080045297271 ], [ -75.543339563348965, 6.290079187512178 ], [ -75.543339493335793, 6.290078354265042 ], [ -75.543339386461895, 6.290077559169966 ], [ -75.543339226538208, 6.290076817675617 ], [ -75.543338992879882, 6.290076149773128 ], [ -75.543338658512468, 6.29007558271708 ], [ -75.543338288909041, 6.290075202078997 ], [ -75.543337859058241, 6.29007488140544 ], [ -75.543336940907523, 6.290074298205914 ], [ -75.543336511056694, 6.290073977532356 ], [ -75.543336140554118, 6.290073597802754 ], [ -75.543335804397216, 6.290073034371862 ], [ -75.543335567137916, 6.290072369199226 ], [ -75.543335402709701, 6.29007163043913 ], [ -75.54333528952418, 6.290070838087105 ], [ -75.543335211392289, 6.290070007591821 ], [ -75.543335161837589, 6.290069293587385 ], [ -75.543335031853331, 6.290067090907841 ], [ -75.543334973113659, 6.290066346208442 ], [ -75.543334895395105, 6.290065600697355 ], [ -75.543334782134849, 6.29006479297584 ], [ -75.543334644487629, 6.29006398718131 ], [ -75.543334486067636, 6.290063183296131 ], [ -75.543334114172907, 6.290061588451416 ], [ -75.54333390432113, 6.29006079928245 ], [ -75.543333674622119, 6.290060016538881 ], [ -75.543333423281965, 6.290059242941765 ], [ -75.543333144892586, 6.290058481229807 ], [ -75.543332833146749, 6.290057735050101 ], [ -75.543332458946281, 6.290056966571813 ], [ -75.543332047775166, 6.290056213643406 ], [ -75.543331610471569, 6.290055475307999 ], [ -75.543330683564221, 6.29005402059043 ], [ -75.543329716098427, 6.29005258686487 ], [ -75.54332872880299, 6.290051163181062 ], [ -75.543326716421475, 6.290048348545361 ], [ -75.543325683265067, 6.290046970290298 ], [ -75.543324614160269, 6.290045631991043 ], [ -75.543324057142343, 6.290044988265857 ], [ -75.543322443873834, 6.290043234014165 ], [ -75.54332193403819, 6.290042630744102 ], [ -75.543321420153035, 6.290041937987011 ], [ -75.543320940461953, 6.290041216131936 ], [ -75.543320487771709, 6.290040472446774 ], [ -75.543319634577074, 6.290038939616894 ], [ -75.543318821879311, 6.290037373137782 ], [ -75.543316831980576, 6.290033421928074 ], [ -75.543316007602712, 6.290031869067467 ], [ -75.543315578329938, 6.29003110989841 ], [ -75.543315130170654, 6.290030368903496 ], [ -75.543314655944812, 6.290029656062879 ], [ -75.543314146643382, 6.290028976845074 ], [ -75.543313590595005, 6.290028346676765 ], [ -75.543313007844759, 6.290027799816478 ], [ -75.543312386435517, 6.2900272929252 ], [ -75.543310453964764, 6.290025860282234 ], [ -75.543309838051556, 6.290025368734041 ], [ -75.54330926173607, 6.290024844445123 ], [ -75.543308747532251, 6.290024271935994 ], [ -75.543308307128996, 6.290023639396326 ], [ -75.543307929727746, 6.290022955919793 ], [ -75.543307593726951, 6.290022238789632 ], [ -75.543306672990369, 6.290020009220901 ], [ -75.543306345051121, 6.290019277585754 ], [ -75.543305980189615, 6.290018571445428 ], [ -75.543305558593758, 6.290017904458056 ], [ -75.543305028616317, 6.290017247039515 ], [ -75.543304431101561, 6.290016636963496 ], [ -75.543303784063241, 6.29001606238887 ], [ -75.543303101006202, 6.290015513304667 ], [ -75.543302392733395, 6.290014981521316 ], [ -75.543300928471353, 6.290013953447207 ], [ -75.543299429988878, 6.290012949046544 ], [ -75.543292621532729, 6.290008475218851 ], [ -75.543286590685085, 6.290004484014935 ], [ -75.543280928702103, 6.290000721562419 ], [ -75.543266688517022, 6.289991255270489 ], [ -75.543264835635597, 6.289990023855891 ], [ -75.5432572518733, 6.289984983310243 ], [ -75.543254228846493, 6.289983003566905 ], [ -75.54325270345565, 6.289982039981949 ], [ -75.543251931334538, 6.28998157089288 ], [ -75.543251166534148, 6.289981120754461 ], [ -75.543249621683017, 6.289980243154555 ], [ -75.543245730455951, 6.289978103995066 ], [ -75.543244187451478, 6.289977234523125 ], [ -75.543242673197824, 6.289976331459167 ], [ -75.543241935389517, 6.289975857682461 ], [ -75.543241500214279, 6.2899755569251 ], [ -75.543241216436954, 6.289975359403013 ], [ -75.543240523537733, 6.289974830256994 ], [ -75.54323997280747, 6.289974364610425 ], [ -75.543239437340773, 6.289973878999126 ], [ -75.543237850655984, 6.289972388617246 ], [ -75.543237193647997, 6.289971807762265 ], [ -75.543235839148323, 6.289970682413778 ], [ -75.54323450675588, 6.28996964375207 ], [ -75.5432337494059, 6.289969053440485 ], [ -75.543229496173254, 6.289965866373409 ], [ -75.543222371212963, 6.289960596661664 ], [ -75.543220213179225, 6.289959045774157 ], [ -75.543217240461033, 6.289957006114334 ], [ -75.54318868982746, 6.289937931017436 ], [ -75.543156309177292, 6.289916296953165 ], [ -75.543130673893103, 6.289899169571975 ], [ -75.543116600277287, 6.289889766654384 ], [ -75.543105133794867, 6.289882105917097 ], [ -75.543103088702765, 6.289880739821193 ], [ -75.543102784117579, 6.28988053697566 ], [ -75.543099987523505, 6.289878668237921 ], [ -75.543089109364331, 6.289871399731044 ], [ -75.543073617969398, 6.289861050784206 ], [ -75.54296433965601, 6.289788039918179 ], [ -75.542948894495524, 6.289777721480236 ], [ -75.54294592096349, 6.289775699904163 ], [ -75.542942990735753, 6.289773664555621 ], [ -75.542927942067948, 6.289763124487891 ], [ -75.542912679630277, 6.289779233164221 ] ] ] } },
{ "type": "Feature", "properties": { "objectid": 730, "codigo": "0107-7", "nombre": "San Pablo", "riesgo": "Alto riesgo no mitigable", "descripcion": "Zona de alto riesgo no mitigable por inundaciones", "tipo_amenaza": "Inundaciones", "categoria_proteccion": "Áreas de Amenaza y Riesgo", "subcategoria_proteccion": "Zona de riesgo no mitigable", "fecha_adopcion": "2014-12-17T00:00:00", "fecha_actualizacion": "2026-04-30T00:00:00", "st_area(shape)": 6.5528603787996129, "st_perimeter(shape)": 27.910361239088694 }, "geometry": { "type": "Polygon", "coordinates": [ [ [ -75.543668172101476, 6.29057181259617 ], [ -75.54373685426819, 6.29057592447228 ], [ -75.543792207931403, 6.290582086681842 ], [ -75.543790933803876, 6.290581509738125 ], [ -75.543789317458248, 6.290580795228631 ], [ -75.543787985560897, 6.290580230319695 ], [ -75.543787692204702, 6.290580106981664 ], [ -75.543786049100163, 6.29057946402704 ], [ -75.543785218196973, 6.290579170622631 ], [ -75.543783543048562, 6.290578627275981 ], [ -75.543781007571383, 6.29057787113388 ], [ -75.543772852400963, 6.290575546613217 ], [ -75.543769120004967, 6.290574482575447 ], [ -75.543758937003787, 6.290571554946307 ], [ -75.54375553678571, 6.29057060772863 ], [ -75.543753830532168, 6.290570171218144 ], [ -75.543752972993232, 6.290569974682993 ], [ -75.543752111033328, 6.290569798059736 ], [ -75.543751235630168, 6.290569644104676 ], [ -75.543750354911282, 6.290569511874117 ], [ -75.543749471556524, 6.29056939502621 ], [ -75.543747700465644, 6.290569189379121 ], [ -75.543745035423754, 6.290568917565783 ], [ -75.543732575638785, 6.290567704365622 ], [ -75.543730791205803, 6.29056754218063 ], [ -75.543729002360635, 6.290567401715734 ], [ -75.543727256202104, 6.290567306248337 ], [ -75.543725553629329, 6.290567254869938 ], [ -75.543723004512216, 6.290567223888742 ], [ -75.543721322116554, 6.290567233891426 ], [ -75.543719679683676, 6.290567286192524 ], [ -75.543718884799844, 6.290567338886014 ], [ -75.543718116255235, 6.290567419478569 ], [ -75.543717385839898, 6.290567536953835 ], [ -75.543716705365981, 6.290567704815929 ], [ -75.543716093895881, 6.290567941054136 ], [ -75.543715571413216, 6.290568267269755 ], [ -75.543715128198883, 6.290568728715511 ], [ -75.54371476306784, 6.290569267534259 ], [ -75.543714422451302, 6.290569830644538 ], [ -75.543714056416732, 6.290570369467688 ], [ -75.543713612298831, 6.290570830917861 ], [ -75.54371305195076, 6.290571174495954 ], [ -75.543712391719922, 6.290571417300423 ], [ -75.543711656134008, 6.290571586335052 ], [ -75.543710866970528, 6.290571700480027 ], [ -75.54371003694952, 6.290571774139136 ], [ -75.543709180602477, 6.29057182261143 ], [ -75.543707416133557, 6.290571863753509 ], [ -75.54370561535562, 6.290571870716308 ], [ -75.543697441469277, 6.290571828254745 ], [ -75.54368839216022, 6.290571813563752 ], [ -75.543668172101476, 6.29057181259617 ] ] ] } },
{ "type": "Feature", "properties": { "objectid": 731, "codigo": "0107-8", "nombre": "San Pablo", "riesgo": "Alto riesgo no mitigable", "descripcion": "Zona de alto riesgo no mitigable por inundaciones", "tipo_amenaza": "Inundaciones", "categoria_proteccion": "Áreas de Amenaza y Riesgo", "subcategoria_proteccion": "Zona de riesgo no mitigable", "fecha_adopcion": "2014-12-17T00:00:00", "fecha_actualizacion": "2026-04-30T00:00:00", "st_area(shape)": 40.64167805734678, "st_perimeter(shape)": 81.104463047523012 }, "geometry": { "type": "Polygon", "coordinates": [ [ [ -75.543352745444679, 6.290107785369083 ], [ -75.543426215320153, 6.290261387319822 ], [ -75.543457957032416, 6.290334446537989 ], [ -75.543464463078593, 6.290377429620858 ], [ -75.543468535274386, 6.290404326001383 ], [ -75.543470631499474, 6.290443695139746 ], [ -75.543470639614213, 6.290433475058435 ], [ -75.543470592144999, 6.290421673058045 ], [ -75.54347061326331, 6.29041988462871 ], [ -75.543470641533972, 6.290419009314064 ], [ -75.543470687059994, 6.290418151997538 ], [ -75.543470762534994, 6.290417321658414 ], [ -75.54347087615686, 6.290416531818407 ], [ -75.543471044255398, 6.29041579595959 ], [ -75.543471286809805, 6.290415134779156 ], [ -75.543471630150449, 6.290414574368041 ], [ -75.543472089721206, 6.290414131829062 ], [ -75.543472627370804, 6.290413765759069 ], [ -75.543473190438448, 6.290413423976188 ], [ -75.543473727184491, 6.290413057910595 ], [ -75.543474187654397, 6.290412614463128 ], [ -75.543474530091501, 6.290412054056413 ], [ -75.543474771742339, 6.29041139288038 ], [ -75.543474939840891, 6.290410657021565 ], [ -75.543475051651242, 6.290409866286257 ], [ -75.543475126231485, 6.290409037759725 ], [ -75.543475170853966, 6.290408180447602 ], [ -75.543475197308751, 6.290407303333589 ], [ -75.543475215720804, 6.290405515821545 ], [ -75.543475193737763, 6.290400067771159 ], [ -75.543475205679883, 6.290398250455048 ], [ -75.543475251983182, 6.290396438396235 ], [ -75.543475295477805, 6.290395534980086 ], [ -75.543475357162137, 6.290394655886271 ], [ -75.543475518497345, 6.290392901130184 ], [ -75.543475713285773, 6.290391150731728 ], [ -75.543477239539925, 6.290378917040346 ], [ -75.543477544835, 6.29037629363906 ], [ -75.54347772688142, 6.290374524316384 ], [ -75.543478041954074, 6.290370938896105 ], [ -75.543479281525975, 6.290355681454099 ], [ -75.543479491570466, 6.290352980763369 ], [ -75.543479612004219, 6.290351176480518 ], [ -75.54347969896277, 6.290349363319625 ], [ -75.543479767913226, 6.290346634384562 ], [ -75.543479788151316, 6.290343921960707 ], [ -75.543479757859899, 6.290342152768012 ], [ -75.543479715737504, 6.290341294974255 ], [ -75.543479645737094, 6.290340464439507 ], [ -75.543479533459106, 6.290339672987318 ], [ -75.543479363622367, 6.290338936966065 ], [ -75.543479111936691, 6.290338278192625 ], [ -75.543478752317952, 6.290337721204985 ], [ -75.543478258660045, 6.290337286020649 ], [ -75.543477668722801, 6.290336933579063 ], [ -75.54347636079099, 6.290336279949603 ], [ -75.543475716429867, 6.290335884375862 ], [ -75.543475124012716, 6.290335393617756 ], [ -75.543474574556811, 6.290334818568349 ], [ -75.543474055522452, 6.290334181891398 ], [ -75.543473561558727, 6.290333498078725 ], [ -75.543473085503223, 6.290332780726832 ], [ -75.543472169226249, 6.29033128256091 ], [ -75.543471281625301, 6.290329735433491 ], [ -75.543469974452535, 6.290327380268214 ], [ -75.543466086255634, 6.290320292007386 ], [ -75.543464778205788, 6.290317942271023 ], [ -75.543463890560901, 6.290316386102685 ], [ -75.543462546694627, 6.290314103444747 ], [ -75.543461181200399, 6.290311832645552 ], [ -75.54345201967601, 6.290296735253779 ], [ -75.543450683033839, 6.290294451656481 ], [ -75.543449830684551, 6.290292907069619 ], [ -75.543449415670139, 6.290292107146525 ], [ -75.543448231909707, 6.290289674530893 ], [ -75.543446713339435, 6.290286398204362 ], [ -75.543439569762938, 6.290270800957918 ], [ -75.543390610599175, 6.290164123128969 ], [ -75.54338722873841, 6.29015673223685 ], [ -75.543383491326196, 6.290148505871626 ], [ -75.543382343624927, 6.290146055901935 ], [ -75.543381536167715, 6.290144452329094 ], [ -75.543381106771577, 6.29014366784574 ], [ -75.54338065127375, 6.290142904283988 ], [ -75.5433801579413, 6.290142164413296 ], [ -75.543379618681882, 6.290141456410047 ], [ -75.543379044311692, 6.290140774796931 ], [ -75.543378442023908, 6.290140112306043 ], [ -75.543377819924046, 6.290139463473255 ], [ -75.543376539696837, 6.290138189489952 ], [ -75.543372602639138, 6.29013443039281 ], [ -75.543371302604271, 6.290133170971671 ], [ -75.543370039544456, 6.290131896904738 ], [ -75.543369433726056, 6.290131251609091 ], [ -75.543368854070934, 6.290130598049055 ], [ -75.543368311408429, 6.290129933459559 ], [ -75.543367819274181, 6.290129254158292 ], [ -75.543367393914423, 6.290128556449663 ], [ -75.543367103679998, 6.290127960247289 ], [ -75.543366366031108, 6.290126218909969 ], [ -75.54336609337301, 6.290125706704086 ], [ -75.543365766809941, 6.29012525804831 ], [ -75.543365373758235, 6.290124886565525 ], [ -75.543364930367346, 6.290124568670286 ], [ -75.543364008593514, 6.290123983680268 ], [ -75.543363581440104, 6.290123660281298 ], [ -75.54336321453404, 6.290123276917782 ], [ -75.543362931257676, 6.290122810873143 ], [ -75.543362718123717, 6.290122275774685 ], [ -75.543362557140412, 6.29012168798398 ], [ -75.543362432118684, 6.290121062949701 ], [ -75.543362135461834, 6.290118960533778 ], [ -75.543362007012689, 6.290118188146497 ], [ -75.543361837207087, 6.290117458453721 ], [ -75.54336159994773, 6.290116793281118 ], [ -75.54336126558465, 6.290116227129192 ], [ -75.543360813415447, 6.290115776372748 ], [ -75.543360281221979, 6.290115406471635 ], [ -75.543359164684389, 6.29011471936167 ], [ -75.543358670259607, 6.290114312208196 ], [ -75.543358266653257, 6.290113814201599 ], [ -75.543357924197835, 6.290113256226072 ], [ -75.543357600615764, 6.290112677364125 ], [ -75.543357255458503, 6.29011212120997 ], [ -75.543356848259961, 6.290111627741415 ], [ -75.543356435492939, 6.290111289806648 ], [ -75.543355975071009, 6.290111000021682 ], [ -75.543355004773957, 6.29011047041857 ], [ -75.543354541645783, 6.290110181550887 ], [ -75.543354128883166, 6.290109844520202 ], [ -75.543353718083623, 6.2901093537815 ], [ -75.543353367518293, 6.290108800365994 ], [ -75.543353034023596, 6.290108226976971 ], [ -75.543352745444679, 6.290107785369083 ] ] ] } },
{ "type": "Feature", "properties": { "objectid": 732, "codigo": "0109-7", "nombre": "Aldea Pablo VI", "riesgo": "Alto riesgo no mitigable", "descripcion": "Zona de alto riesgo no mitigable por inundaciones", "tipo_amenaza": "Inundaciones", "categoria_proteccion": "Áreas de Amenaza y Riesgo", "subcategoria_proteccion": "Zona de riesgo no mitigable", "fecha_adopcion": "2014-12-17T00:00:00", "fecha_actualizacion": "2026-04-30T00:00:00", "st_area(shape)": 136.73134890177533, "st_perimeter(shape)": 170.84224245212343 }, "geometry": { "type": "Polygon", "coordinates": [ [ [ -75.542213578558034, 6.289617008000112 ], [ -75.542222072709976, 6.289626799751217 ], [ -75.542228876439708, 6.289635135976581 ], [ -75.54223672789459, 6.289644502307497 ], [ -75.542251381264379, 6.289662203063576 ], [ -75.542255039614659, 6.289665322516906 ], [ -75.542264444830394, 6.289673124408344 ], [ -75.542276985226295, 6.289681442656016 ], [ -75.542287961168739, 6.289688196271858 ], [ -75.542289479586287, 6.289689398579489 ], [ -75.542298415223712, 6.289696513824236 ], [ -75.542308335099818, 6.289702751812676 ], [ -75.542316176190099, 6.289707941207089 ], [ -75.542325572528895, 6.289712615826057 ], [ -75.542341229388768, 6.289715184137495 ], [ -75.542357926369945, 6.289717218481762 ], [ -75.542367313987285, 6.289718240540976 ], [ -75.542379827119916, 6.289718720290946 ], [ -75.542390786205317, 6.289719218454236 ], [ -75.542401220487378, 6.289721795910612 ], [ -75.542415325492314, 6.289731152592151 ], [ -75.542423167696739, 6.289735827540825 ], [ -75.542429951764348, 6.289737888435618 ], [ -75.542445085349769, 6.289743593836984 ], [ -75.542452926650967, 6.289748268789406 ], [ -75.542467545529618, 6.289755528146618 ], [ -75.54247590222775, 6.289759162672452 ], [ -75.542487908891644, 6.28976382006071 ], [ -75.542499392424261, 6.289768484515618 ], [ -75.542509313313943, 6.289771585235147 ], [ -75.542510876327697, 6.289772110147022 ], [ -75.542520272194366, 6.28977259873843 ], [ -75.54253539557304, 6.289773602818718 ], [ -75.542545307421747, 6.289774100651359 ], [ -75.542561471663703, 6.289775095143568 ], [ -75.542570867417382, 6.289776118063022 ], [ -75.542576080011798, 6.289776099921506 ], [ -75.542591204454652, 6.289776579611668 ], [ -75.54260790164507, 6.289778099507676 ], [ -75.542618850004573, 6.289778064293474 ], [ -75.542622501279467, 6.289778055560185 ], [ -75.542635014982395, 6.289776980233043 ], [ -75.542640226878007, 6.289776446752136 ], [ -75.542651169439424, 6.289774847456884 ], [ -75.542661081232907, 6.289772732412477 ], [ -75.542669410877068, 6.289770616932977 ], [ -75.542684001991432, 6.289766405082829 ], [ -75.542696506070044, 6.289761678104998 ], [ -75.542710050108141, 6.289756941543745 ], [ -75.542720476357971, 6.289753778844018 ], [ -75.542751720190054, 6.289738039000475 ], [ -75.542764739411766, 6.28973017587209 ], [ -75.542776196774085, 6.289723883551414 ], [ -75.542793381347096, 6.289716001048742 ], [ -75.542801901170691, 6.289714531983828 ], [ -75.542808495457649, 6.289713799196473 ], [ -75.542814356565401, 6.289714287813078 ], [ -75.542835078026883, 6.2897192942452 ], [ -75.542846559173839, 6.289722910841038 ], [ -75.542859624704846, 6.289730703939 ], [ -75.542867059769407, 6.289735640340779 ], [ -75.54286745770986, 6.289735902403214 ], [ -75.542875814945774, 6.289740576644245 ], [ -75.542884170696325, 6.289744202126032 ], [ -75.542913095533322, 6.289752715435291 ], [ -75.542912386493924, 6.289752211682216 ], [ -75.542912311244606, 6.289752159610244 ], [ -75.542910114465414, 6.289750630607975 ], [ -75.542908637695675, 6.289749631524514 ], [ -75.542907607101668, 6.289748965693232 ], [ -75.542907365089889, 6.289748809556531 ], [ -75.542907145737132, 6.289748667775263 ], [ -75.54290638721811, 6.289748208564394 ], [ -75.542905617975237, 6.289747773816678 ], [ -75.542904834425116, 6.2897473698783 ], [ -75.542904077350386, 6.289747021865795 ], [ -75.542903310468546, 6.289746701024288 ], [ -75.542900992958991, 6.289745800965381 ], [ -75.542900234270618, 6.289745492741513 ], [ -75.542899493565244, 6.289745166347915 ], [ -75.542898780720321, 6.289744809078958 ], [ -75.542898104709764, 6.289744408233456 ], [ -75.5428974781085, 6.289743948380343 ], [ -75.542896912592269, 6.289743414997008 ], [ -75.542896393783465, 6.289742824427417 ], [ -75.542895907317686, 6.289742195727786 ], [ -75.5428944855352, 6.289740240733507 ], [ -75.542893981011687, 6.289739614834127 ], [ -75.542893434210555, 6.289739028017237 ], [ -75.542892805318601, 6.289738468723292 ], [ -75.54289212696024, 6.289737956683822 ], [ -75.542891412631477, 6.289737480079706 ], [ -75.542890670420277, 6.289737029830496 ], [ -75.542889136549036, 6.289736180202924 ], [ -75.542888203548941, 6.289735701951076 ], [ -75.542886614732851, 6.289734887851228 ], [ -75.542885197117812, 6.289734161520555 ], [ -75.542883648930513, 6.289733340894142 ], [ -75.542883401581008, 6.289733201961483 ], [ -75.542882896004272, 6.289732916916246 ], [ -75.542882168320162, 6.289732481062028 ], [ -75.542881473966148, 6.289732024251058 ], [ -75.542880826477827, 6.289731542800974 ], [ -75.542880242070694, 6.289731026687651 ], [ -75.542879741486715, 6.289730467673111 ], [ -75.542879392905107, 6.28972995041168 ], [ -75.542878539457348, 6.289728365143252 ], [ -75.542878227259393, 6.289727897430676 ], [ -75.542877853059665, 6.289727500540441 ], [ -75.542877349978141, 6.289727171181704 ], [ -75.542876764196834, 6.289726929924165 ], [ -75.542876119084809, 6.289726751338981 ], [ -75.542875433528621, 6.289726617252021 ], [ -75.54287329685333, 6.289726299462781 ], [ -75.542872608608477, 6.289726169909442 ], [ -75.542871959930636, 6.289726001286809 ], [ -75.542871368793996, 6.289725773616962 ], [ -75.542870857690474, 6.289725466899988 ], [ -75.542870406434332, 6.289725017946579 ], [ -75.542870028908496, 6.289724494497283 ], [ -75.542869675655311, 6.289723945614761 ], [ -75.542869299028624, 6.289723421256977 ], [ -75.542868846868942, 6.289722972307966 ], [ -75.542868336651395, 6.289722661970245 ], [ -75.542867746409499, 6.289722432487821 ], [ -75.54286709771408, 6.289722260248817 ], [ -75.542866411263134, 6.289722127974414 ], [ -75.54286427726332, 6.289721802939241 ], [ -75.542863591707146, 6.289721668852263 ], [ -75.542862945717943, 6.289721495695972 ], [ -75.542862358177914, 6.289721264392155 ], [ -75.542861851565746, 6.289720952228675 ], [ -75.54286140390623, 6.289720499641298 ], [ -75.542861030876153, 6.289719971649549 ], [ -75.542860683026674, 6.289719419124279 ], [ -75.542860310005395, 6.289718892940718 ], [ -75.54285985963962, 6.289718441270621 ], [ -75.542859293283513, 6.289718106795259 ], [ -75.542858627108586, 6.289717870449619 ], [ -75.542857888084924, 6.289717704075017 ], [ -75.542857095985056, 6.289717585876582 ], [ -75.542856267884005, 6.289717496784884 ], [ -75.542854111946184, 6.289717305664569 ], [ -75.542853383265978, 6.289717222417615 ], [ -75.542852656278583, 6.289717115655592 ], [ -75.542851935453328, 6.289716975411547 ], [ -75.542851136593399, 6.289716767739219 ], [ -75.542850347465858, 6.28971651752641 ], [ -75.542849563618915, 6.289716238356391 ], [ -75.542846440432413, 6.289715029397828 ], [ -75.542845652063349, 6.289714749345708 ], [ -75.542844846623623, 6.28971448926709 ], [ -75.542841625335114, 6.289713545689981 ], [ -75.542840841602484, 6.28971329002623 ], [ -75.542840077611586, 6.289713006238989 ], [ -75.542839342336336, 6.289712681627049 ], [ -75.542838643833917, 6.289712300781328 ], [ -75.542838031896068, 6.289711883349832 ], [ -75.542837447757137, 6.289711422385763 ], [ -75.542836308168575, 6.28971045420841 ], [ -75.542835725801581, 6.289709986002853 ], [ -75.542835117411997, 6.289709554992434 ], [ -75.542834390715001, 6.289709136311388 ], [ -75.542833623635403, 6.289708774785804 ], [ -75.542832827844535, 6.289708454989015 ], [ -75.542832009614514, 6.289708166041152 ], [ -75.542831177033236, 6.28970789886178 ], [ -75.542830331881461, 6.289707648017554 ], [ -75.542829743772003, 6.289707485428737 ], [ -75.54282862184057, 6.28970717535667 ], [ -75.54282603254174, 6.28970649903127 ], [ -75.542822569379865, 6.289705613590394 ], [ -75.542819970304691, 6.289704970764576 ], [ -75.542818233522297, 6.289704573274883 ], [ -75.542817992029299, 6.28970452382045 ], [ -75.542817363427318, 6.289704395784894 ], [ -75.542816490722799, 6.289704239102095 ], [ -75.542815614544779, 6.289704111367707 ], [ -75.542814722269981, 6.289704018067812 ], [ -75.542813826526071, 6.289703954620397 ], [ -75.542812027192085, 6.289703886530861 ], [ -75.542810222647816, 6.289703861863886 ], [ -75.542797570093597, 6.289703882775264 ], [ -75.542784919227657, 6.289703879267181 ], [ -75.54278220951916, 6.289703897883361 ], [ -75.542780404387813, 6.28970393831499 ], [ -75.542779502798226, 6.289703973443848 ], [ -75.54277770433022, 6.289704083459435 ], [ -75.542775009168409, 6.289704306333389 ], [ -75.542762433603286, 6.289705480512126 ], [ -75.542760640930183, 6.289705667348694 ], [ -75.542758856542847, 6.289705885788731 ], [ -75.54275797078391, 6.289706017580149 ], [ -75.542757089656973, 6.289706172855841 ], [ -75.542756215916683, 6.28970636064351 ], [ -75.542755355019452, 6.289706588149429 ], [ -75.542754501504461, 6.289706847263237 ], [ -75.542752811050406, 6.289707429601881 ], [ -75.542751131671878, 6.289708059804381 ], [ -75.542749456916596, 6.289708711682984 ], [ -75.542743600396406, 6.28971102487692 ], [ -75.542736897844435, 6.2897136495865 ], [ -75.54273440348004, 6.289714658057548 ], [ -75.542732771494684, 6.289715372111415 ], [ -75.542731973693819, 6.289715753912783 ], [ -75.542731195894063, 6.289716160931841 ], [ -75.54273044356502, 6.289716603087143 ], [ -75.542729728514374, 6.289717092978745 ], [ -75.542729097581443, 6.289717600543031 ], [ -75.542728494851858, 6.289718147750813 ], [ -75.542726756605418, 6.289719864978827 ], [ -75.542726167455385, 6.289720417545146 ], [ -75.542725555549666, 6.289720935866109 ], [ -75.542724909953378, 6.28972140100866 ], [ -75.542724192721963, 6.289721814061609 ], [ -75.542723438159413, 6.289722168529207 ], [ -75.542722652656508, 6.289722477941987 ], [ -75.542721847117306, 6.289722754904386 ], [ -75.54272102519559, 6.289723007535586 ], [ -75.542719354951501, 6.289723472241604 ], [ -75.542715988966194, 6.289724361092847 ], [ -75.542715158837822, 6.28972459839413 ], [ -75.542714340543483, 6.289724853720003 ], [ -75.542713538627254, 6.289725132472955 ], [ -75.54271276127821, 6.289725446366583 ], [ -75.542712016685428, 6.289725807114404 ], [ -75.542711314871426, 6.289726231845701 ], [ -75.54271071083383, 6.289726695881821 ], [ -75.542710142298304, 6.289727213991644 ], [ -75.542709600154637, 6.289727770849675 ], [ -75.542707488232836, 6.289730128197681 ], [ -75.542706931693971, 6.289730697783326 ], [ -75.54270630202501, 6.289731279478375 ], [ -75.542705646030115, 6.28973183598654 ], [ -75.542704970056093, 6.289732371797443 ], [ -75.542703576342703, 6.28973340203359 ], [ -75.542702149947786, 6.289734400785005 ], [ -75.542699982193795, 6.289735867857462 ], [ -75.542694896247312, 6.28973926132649 ], [ -75.542692736655965, 6.289740734687965 ], [ -75.542691322963407, 6.289741744226837 ], [ -75.542690631549945, 6.289742263838941 ], [ -75.542689954672326, 6.289742799654252 ], [ -75.542689299580957, 6.289743356158009 ], [ -75.542688671727831, 6.289743939652427 ], [ -75.542688106219401, 6.289744522843359 ], [ -75.542687562501584, 6.289745127626827 ], [ -75.542685975762566, 6.289746970692486 ], [ -75.542685432886756, 6.289747562814316 ], [ -75.542684867281594, 6.289748126115322 ], [ -75.542684268034236, 6.289748646182859 ], [ -75.542683593643062, 6.289749135876498 ], [ -75.542682881061182, 6.289749576030058 ], [ -75.542682139385576, 6.289749979256774 ], [ -75.542681375901765, 6.289750357274611 ], [ -75.542680597864518, 6.289750715472898 ], [ -75.542679011810336, 6.28975139856337 ], [ -75.542674992586328, 6.289753039196714 ], [ -75.542673391097097, 6.289753706992468 ], [ -75.54267181321876, 6.289754399084216 ], [ -75.542671037001767, 6.289754759985954 ], [ -75.542670274399512, 6.289755133478935 ], [ -75.542669529956115, 6.289755524965718 ], [ -75.542668807294504, 6.289755936236845 ], [ -75.542667523596208, 6.289756735389578 ], [ -75.542666881152428, 6.289757105585295 ], [ -75.54266621856685, 6.289757421632513 ], [ -75.542665473442071, 6.289757672985697 ], [ -75.542664695429167, 6.289757850362053 ], [ -75.542663892756721, 6.2897579736119 ], [ -75.542663071811177, 6.28975805536169 ], [ -75.542662237162972, 6.289758106438462 ], [ -75.542661393378182, 6.289758136765221 ], [ -75.542659687544273, 6.289758157726836 ], [ -75.542654521728181, 6.28975813314828 ], [ -75.542652805060484, 6.289758155970842 ], [ -75.542651951332289, 6.289758185441867 ], [ -75.542651101315002, 6.289758234785242 ], [ -75.542650258653552, 6.289758310311957 ], [ -75.542649423391907, 6.289758421062907 ], [ -75.54264860011375, 6.289758580577392 ], [ -75.542647806907553, 6.289758792383822 ], [ -75.542647022943456, 6.289759046638394 ], [ -75.542646246352774, 6.289759330692652 ], [ -75.542643923164917, 6.289760236165815 ], [ -75.542643142964451, 6.289760521141767 ], [ -75.542642351780742, 6.289760777239678 ], [ -75.542641527007603, 6.289761000953182 ], [ -75.542640692137169, 6.289761192167918 ], [ -75.54263984991529, 6.28976135810338 ], [ -75.54263814896153, 6.289761639424585 ], [ -75.542636436980573, 6.289761882826883 ], [ -75.542632141496469, 6.289762456147938 ], [ -75.542630428691083, 6.289762715828198 ], [ -75.542629589069932, 6.289762859148265 ], [ -75.542627916306316, 6.289763177400669 ], [ -75.542626253679515, 6.289763536288627 ], [ -75.542625427875308, 6.289763733787978 ], [ -75.542624607562701, 6.289763945726332 ], [ -75.542623794579583, 6.28976417842351 ], [ -75.542622989847061, 6.289764435491477 ], [ -75.542622203308539, 6.28976471778592 ], [ -75.542619108289372, 6.289765957016058 ], [ -75.542618331716227, 6.289766244686646 ], [ -75.542617548673206, 6.289766502553114 ], [ -75.542616756370535, 6.289766714355105 ], [ -75.542615891568772, 6.289766882208686 ], [ -75.542615015665078, 6.289766996773865 ], [ -75.542614129637755, 6.28976707341574 ], [ -75.54261323805288, 6.289767122057302 ], [ -75.542611442004898, 6.289767172389421 ], [ -75.542608737796101, 6.289767207252027 ], [ -75.542606938120755, 6.289767254889466 ], [ -75.542606042908503, 6.289767300836335 ], [ -75.542605152328278, 6.2897673702675 ], [ -75.542604268231116, 6.289767472215024 ], [ -75.542603393389214, 6.289767619322936 ], [ -75.542602624402903, 6.289767794847039 ], [ -75.542601863702359, 6.289768001974637 ], [ -75.542598852073496, 6.289768923456463 ], [ -75.54259809944773, 6.289769118791334 ], [ -75.542597345720594, 6.289769273446643 ], [ -75.542596586290841, 6.289769370266728 ], [ -75.542595728018483, 6.289769394335146 ], [ -75.542594863065247, 6.289769345203256 ], [ -75.542593994242864, 6.289769243651862 ], [ -75.542593123415571, 6.289769101425337 ], [ -75.542592249741375, 6.289768931185269 ], [ -75.542590500322163, 6.289768536468672 ], [ -75.542588754270952, 6.289768091105565 ], [ -75.542587883876863, 6.289767852137248 ], [ -75.542586156435291, 6.2897673316425 ], [ -75.542585303861586, 6.289767041053199 ], [ -75.542584481016988, 6.289766732236991 ], [ -75.542582857643907, 6.289766058441207 ], [ -75.54258044979521, 6.28976497619041 ], [ -75.542569289691215, 6.289759744190853 ], [ -75.542567693121256, 6.289759007880991 ], [ -75.542566089415246, 6.289758290592152 ], [ -75.54256447234944, 6.28975761314914 ], [ -75.542563655812089, 6.289757300685756 ], [ -75.542562831265911, 6.289757013576402 ], [ -75.542561972508054, 6.289756751948646 ], [ -75.542561106649302, 6.289756516574625 ], [ -75.542560232755335, 6.289756301130114 ], [ -75.542558473410324, 6.28975590917404 ], [ -75.54255670515731, 6.289755543480474 ], [ -75.542542517286336, 6.289752745614813 ], [ -75.542539864485832, 6.289752203405186 ], [ -75.542538104276815, 6.289751819590205 ], [ -75.54253636107255, 6.289751402240412 ], [ -75.54253549974473, 6.289751169556604 ], [ -75.542534648259192, 6.289750916934487 ], [ -75.542533811984512, 6.289750633498615 ], [ -75.542531612138148, 6.28974977445409 ], [ -75.54253087267918, 6.289749518574318 ], [ -75.542530061980727, 6.289749291972799 ], [ -75.542529236124182, 6.2897491070341 ], [ -75.542528398684155, 6.289748955603831 ], [ -75.542527554130046, 6.289748827715004 ], [ -75.542525846275964, 6.289748619042293 ], [ -75.54252326266122, 6.289748368523036 ], [ -75.542517207157687, 6.289747853726195 ], [ -75.542514613683068, 6.28974761952884 ], [ -75.542512028120555, 6.289747340087511 ], [ -75.542510315568492, 6.289747094369135 ], [ -75.542509435631018, 6.28974693681693 ], [ -75.542508558320691, 6.289746762073857 ], [ -75.542505937814866, 6.289746171789042 ], [ -75.542503325225582, 6.289745537164319 ], [ -75.542493749419833, 6.289743163476657 ], [ -75.54249112880413, 6.289742550589564 ], [ -75.542489373178796, 6.289742180313726 ], [ -75.54248849049992, 6.289742016446054 ], [ -75.542487641366549, 6.289741875921921 ], [ -75.542485933362983, 6.289741636510082 ], [ -75.542484218276101, 6.289741426968318 ], [ -75.542479935719612, 6.289740942417507 ], [ -75.54247825312963, 6.289740726388782 ], [ -75.542477429379076, 6.289740602919154 ], [ -75.542476624510684, 6.289740460371318 ], [ -75.542475846643185, 6.289740295993433 ], [ -75.542475106561994, 6.289740097979583 ], [ -75.542474416864053, 6.289739855419125 ], [ -75.542473795545504, 6.289739552854612 ], [ -75.542473266006297, 6.289739171185866 ], [ -75.542472822636114, 6.28973867156347 ], [ -75.542472453952598, 6.289738108289886 ], [ -75.542472109594527, 6.289737530432139 ], [ -75.542471740099771, 6.289736986148797 ], [ -75.542471292392079, 6.28973652361599 ], [ -75.542470764945662, 6.289736200704149 ], [ -75.542470146680614, 6.289735968645278 ], [ -75.542469460996841, 6.289735808339199 ], [ -75.542468724956223, 6.289735698004256 ], [ -75.542467952046039, 6.289735624013138 ], [ -75.542467154858755, 6.289735574551147 ], [ -75.542463886093998, 6.289735459366553 ], [ -75.542463088016362, 6.289735412621212 ], [ -75.542462313312257, 6.289735341351157 ], [ -75.542461573675027, 6.289735234650142 ], [ -75.542460884394643, 6.289735077978003 ], [ -75.542460261651442, 6.289734854077902 ], [ -75.542459728827723, 6.289734540233297 ], [ -75.542459273058441, 6.289734092205455 ], [ -75.542458895519687, 6.289733566043439 ], [ -75.542458543161572, 6.289733015347896 ], [ -75.542458167421117, 6.28973248736891 ], [ -75.542457715244083, 6.289732034803041 ], [ -75.542457149773995, 6.289731696706403 ], [ -75.542456489897475, 6.289731454904861 ], [ -75.542455762567045, 6.289731277623417 ], [ -75.542454993880085, 6.289731143036407 ], [ -75.542453416939111, 6.289730912931677 ], [ -75.542452648252151, 6.289730778344663 ], [ -75.542451920026977, 6.289730602875784 ], [ -75.542451259238106, 6.289730359270459 ], [ -75.542450694667181, 6.289730020265312 ], [ -75.542450315156259, 6.289729646003218 ], [ -75.542449997699933, 6.289729211767861 ], [ -75.542449436508861, 6.28972826699314 ], [ -75.542449139724212, 6.289727810054435 ], [ -75.542448797078478, 6.289727398544414 ], [ -75.542448303544887, 6.289726988672965 ], [ -75.542447747965483, 6.289726640582967 ], [ -75.542447172600362, 6.289726311575572 ], [ -75.542446617020971, 6.289725963485556 ], [ -75.542446124390921, 6.289725553609723 ], [ -75.542445718974108, 6.289725054706652 ], [ -75.542445039425345, 6.289723926069764 ], [ -75.542444673575588, 6.2897233880974 ], [ -75.542444226802246, 6.289722931888776 ], [ -75.542443663130484, 6.289722591975147 ], [ -75.542443002341642, 6.289722348369807 ], [ -75.54244227591478, 6.289722171083922 ], [ -75.542441507227821, 6.289722036496887 ], [ -75.542440062296933, 6.289721824735823 ], [ -75.542439417532108, 6.289721717572966 ], [ -75.542438796136395, 6.289721584981309 ], [ -75.542438211614666, 6.289721416949882 ], [ -75.542437680142854, 6.28972119531781 ], [ -75.542437217910049, 6.289720904636395 ], [ -75.542436770233166, 6.28972044843216 ], [ -75.542436397190215, 6.289719917727677 ], [ -75.542436048424321, 6.289719362494081 ], [ -75.542435675385747, 6.289718832693683 ], [ -75.54243522591058, 6.289718378306413 ], [ -75.542434761883868, 6.289718090346068 ], [ -75.542434224113606, 6.289717874169295 ], [ -75.542433630600371, 6.289717715222737 ], [ -75.542432993927889, 6.289717599883494 ], [ -75.542432322179735, 6.289717518167016 ], [ -75.542431627062456, 6.289717461879354 ], [ -75.542430767561243, 6.289717419049366 ], [ -75.542429889173476, 6.289717394393512 ], [ -75.542428098234595, 6.289717380508308 ], [ -75.542420167036013, 6.289717446237253 ], [ -75.542418517133882, 6.28971744884359 ], [ -75.542416870762423, 6.289717434254673 ], [ -75.542415228728458, 6.289717382576158 ], [ -75.54241441167197, 6.289717335019002 ], [ -75.542413595417912, 6.28971726666343 ], [ -75.542412753710721, 6.289717166787916 ], [ -75.542411912797164, 6.289717044305813 ], [ -75.542411077203823, 6.289716901003318 ], [ -75.542409413911685, 6.289716565537967 ], [ -75.54240858802001, 6.28971637336633 ], [ -75.542407766558142, 6.289716163090943 ], [ -75.542406954030639, 6.289715931977574 ], [ -75.542406148595248, 6.289715672802276 ], [ -75.542405363818375, 6.289715388211373 ], [ -75.542404586159961, 6.289715080983094 ], [ -75.542402269246409, 6.289714117631015 ], [ -75.542401494311832, 6.289713813101794 ], [ -75.542400712258782, 6.289713531209963 ], [ -75.542399922245224, 6.289713284617111 ], [ -75.542399087225775, 6.289713073503608 ], [ -75.542398241565948, 6.289712904030899 ], [ -75.542397387910455, 6.289712762624495 ], [ -75.542395662814243, 6.289712538665368 ], [ -75.542393926196112, 6.289712360871875 ], [ -75.542388696762558, 6.289711889066102 ], [ -75.542386963692664, 6.289711697693681 ], [ -75.54238610292748, 6.289711580732821 ], [ -75.542385248381635, 6.289711442043051 ], [ -75.542384402730605, 6.289711274378504 ], [ -75.542383567719924, 6.28971106507313 ], [ -75.542382729730505, 6.289710800631599 ], [ -75.542381904184154, 6.289710493636372 ], [ -75.542381087523836, 6.289710155858161 ], [ -75.542380276174882, 6.289709795451389 ], [ -75.542378666841216, 6.289709035696057 ], [ -75.542376266592953, 6.289707844009848 ], [ -75.542368281161728, 6.289703817099492 ], [ -75.542349105856104, 6.289694195780341 ], [ -75.542347498263666, 6.289693422454768 ], [ -75.542346690467411, 6.289693049373089 ], [ -75.542345876425443, 6.289692692595781 ], [ -75.542345054352651, 6.289692356652054 ], [ -75.542344222485909, 6.289692050591619 ], [ -75.542343418862032, 6.289691792311504 ], [ -75.542342604527491, 6.289691561206786 ], [ -75.542341783969206, 6.289691350926871 ], [ -75.54234012769011, 6.289690971125767 ], [ -75.54233846073987, 6.289690626636849 ], [ -75.542336787574698, 6.289690304780919 ], [ -75.542335057530053, 6.289689992242931 ], [ -75.542326392315744, 6.289688505571003 ], [ -75.542322930485284, 6.289687894065031 ], [ -75.542320345631083, 6.289687388591827 ], [ -75.542318622410448, 6.289686992842499 ], [ -75.542316895333897, 6.289686547385924 ], [ -75.542314315789227, 6.289685833037606 ], [ -75.542300589558465, 6.289681902780539 ], [ -75.542288567263711, 6.289678490421092 ], [ -75.542286855279357, 6.289677989740264 ], [ -75.542285153115344, 6.289677464600706 ], [ -75.542284308730814, 6.289677185724345 ], [ -75.542283471486769, 6.289676888731054 ], [ -75.542282644970996, 6.289676568178693 ], [ -75.54228183278012, 6.289676220433344 ], [ -75.542281030413974, 6.289675849133318 ], [ -75.542280234289137, 6.289675460624833 ], [ -75.542278658136311, 6.289674649173366 ], [ -75.542276309964336, 6.289673389424874 ], [ -75.542273972516242, 6.289672105213228 ], [ -75.542272424083293, 6.289671233955602 ], [ -75.542270889084861, 6.289670338221637 ], [ -75.542269407316567, 6.289669425954608 ], [ -75.542267210219634, 6.289668017196815 ], [ -75.542265031070556, 6.289666583036585 ], [ -75.542263592373644, 6.289665609080465 ], [ -75.542262180642467, 6.289664606061591 ], [ -75.5422614914024, 6.28966408593699 ], [ -75.542260820140953, 6.289663546738601 ], [ -75.542260171349525, 6.289662983019885 ], [ -75.542259547672785, 6.289662381206336 ], [ -75.542258946466049, 6.289661754872458 ], [ -75.542258364137084, 6.28966110855631 ], [ -75.542257231826639, 6.289659778698066 ], [ -75.542255030128771, 6.28965705177123 ], [ -75.542247400583591, 6.289647423977249 ], [ -75.54224520876771, 6.289644685248798 ], [ -75.542243532765568, 6.289642664584916 ], [ -75.542242958511423, 6.289642006475997 ], [ -75.542242370770026, 6.289641361994373 ], [ -75.542241765940346, 6.289640733869875 ], [ -75.542241138631894, 6.289640128457529 ], [ -75.54224049424397, 6.289639541210483 ], [ -75.542239836359968, 6.289638965782557 ], [ -75.54223781776362, 6.289637287635302 ], [ -75.542225482275086, 6.289627440443933 ], [ -75.542223437599034, 6.289625787738587 ], [ -75.542222085869469, 6.289624674126163 ], [ -75.542220757531013, 6.289623539605354 ], [ -75.542220105041977, 6.289622958726481 ], [ -75.54221946514545, 6.289622366032867 ], [ -75.542217184497687, 6.289620126804906 ], [ -75.542216533705883, 6.289619523315021 ], [ -75.542215194344692, 6.289618351779366 ], [ -75.542213821710519, 6.289617212953597 ], [ -75.542213782660269, 6.28961717245874 ], [ -75.542213578558034, 6.289617008000112 ] ] ] } },
{ "type": "Feature", "properties": { "objectid": 733, "codigo": "0110-1", "nombre": "La Esperanza No.2", "riesgo": "Alto riesgo no mitigable", "descripcion": "Zona de alto riesgo no mitigable por inundaciones", "tipo_amenaza": "Inundaciones", "categoria_proteccion": "Áreas de Amenaza y Riesgo", "subcategoria_proteccion": "Zona de riesgo no mitigable", "fecha_adopcion": "2014-12-17T00:00:00", "fecha_actualizacion": "2026-04-30T00:00:00", "st_area(shape)": 182.70340516152015, "st_perimeter(shape)": 213.24502964811364 }, "geometry": { "type": "Polygon", "coordinates": [ [ [ -75.542927942067948, 6.289763124487891 ], [ -75.542922535682962, 6.289759338182267 ], [ -75.542913095533322, 6.289752715435291 ], [ -75.542884170696325, 6.289744202126032 ], [ -75.542875814945774, 6.289740576644245 ], [ -75.54286745770986, 6.289735902403214 ], [ -75.542867059769407, 6.289735640340779 ], [ -75.542859624704846, 6.289730703939 ], [ -75.542846559173839, 6.289722910841038 ], [ -75.542835078026883, 6.2897192942452 ], [ -75.542814356565401, 6.289714287813078 ], [ -75.542808495457649, 6.289713799196473 ], [ -75.542801901170691, 6.289714531983828 ], [ -75.542793381347096, 6.289716001048742 ], [ -75.542776196774085, 6.289723883551414 ], [ -75.542764739411766, 6.28973017587209 ], [ -75.542751720190054, 6.289738039000475 ], [ -75.542720476357971, 6.289753778844018 ], [ -75.542710050108141, 6.289756941543745 ], [ -75.542696506070044, 6.289761678104998 ], [ -75.542684001991432, 6.289766405082829 ], [ -75.542669410877068, 6.289770616932977 ], [ -75.542661081232907, 6.289772732412477 ], [ -75.542651169439424, 6.289774847456884 ], [ -75.542640226878007, 6.289776446752136 ], [ -75.542635014982395, 6.289776980233043 ], [ -75.542622501279467, 6.289778055560185 ], [ -75.542618850004573, 6.289778064293474 ], [ -75.54260790164507, 6.289778099507676 ], [ -75.542591204454652, 6.289776579611668 ], [ -75.542576080011798, 6.289776099921506 ], [ -75.542570867417382, 6.289776118063022 ], [ -75.542561471663703, 6.289775095143568 ], [ -75.542545307421747, 6.289774100651359 ], [ -75.54253539557304, 6.289773602818718 ], [ -75.542520272194366, 6.28977259873843 ], [ -75.542510876327697, 6.289772110147022 ], [ -75.542509313313943, 6.289771585235147 ], [ -75.542499392424261, 6.289768484515618 ], [ -75.542487908891644, 6.28976382006071 ], [ -75.54247590222775, 6.289759162672452 ], [ -75.542467545529618, 6.289755528146618 ], [ -75.542452926650967, 6.289748268789406 ], [ -75.542445085349769, 6.289743593836984 ], [ -75.542429951764348, 6.289737888435618 ], [ -75.542423167696739, 6.289735827540825 ], [ -75.542415325492314, 6.289731152592151 ], [ -75.542401220487378, 6.289721795910612 ], [ -75.542390786205317, 6.289719218454236 ], [ -75.542379827119916, 6.289718720290946 ], [ -75.542367313987285, 6.289718240540976 ], [ -75.542357926369945, 6.289717218481762 ], [ -75.542341229388768, 6.289715184137495 ], [ -75.542325572528895, 6.289712615826057 ], [ -75.542316176190099, 6.289707941207089 ], [ -75.542308335099818, 6.289702751812676 ], [ -75.542298415223712, 6.289696513824236 ], [ -75.542289479586287, 6.289689398579489 ], [ -75.542287961168739, 6.289688196271858 ], [ -75.542276985226295, 6.289681442656016 ], [ -75.542264444830394, 6.289673124408344 ], [ -75.542255039614659, 6.289665322516906 ], [ -75.542251381264379, 6.289662203063576 ], [ -75.54223672789459, 6.289644502307497 ], [ -75.542228876439708, 6.289635135976581 ], [ -75.542222072709976, 6.289626799751217 ], [ -75.542213578558034, 6.289617008000112 ], [ -75.54221035552537, 6.289614404482169 ], [ -75.542196394549563, 6.289603262379497 ], [ -75.54219433065748, 6.289601560041456 ], [ -75.542192990384052, 6.289600386701931 ], [ -75.542192342280956, 6.289599778678369 ], [ -75.542191713981154, 6.289599155188538 ], [ -75.542191102765244, 6.28959851443751 ], [ -75.542190500540826, 6.289597864601608 ], [ -75.542189319469955, 6.28959654130918 ], [ -75.542186995070622, 6.289593852047466 ], [ -75.542178917243049, 6.289584386460747 ], [ -75.542177168115614, 6.289582378809894 ], [ -75.542175975382222, 6.289581072752253 ], [ -75.54217536148208, 6.289580437438883 ], [ -75.54217473141918, 6.289579822998707 ], [ -75.542174079794236, 6.289579233978526 ], [ -75.542173391260135, 6.289578673165372 ], [ -75.542172679356867, 6.289578137781024 ], [ -75.542171951290868, 6.289577623269849 ], [ -75.542171209737589, 6.289577122385951 ], [ -75.542169705976931, 6.28957614693785 ], [ -75.542151394876328, 6.289564746635307 ], [ -75.542143777223828, 6.289559981080824 ], [ -75.542136166711927, 6.289555197409248 ], [ -75.542134640498958, 6.289554250097659 ], [ -75.542133105347204, 6.289553322719957 ], [ -75.542131550524005, 6.289552437931142 ], [ -75.542130760596791, 6.289552023172984 ], [ -75.542129957261423, 6.289551638315689 ], [ -75.542129164988353, 6.289551298610013 ], [ -75.542128361101007, 6.289550986084148 ], [ -75.542127546472202, 6.289550694405089 ], [ -75.542125902034485, 6.289550148189301 ], [ -75.542123412585781, 6.289549380058712 ], [ -75.542115912024073, 6.28954714001542 ], [ -75.54211257402055, 6.289546164452961 ], [ -75.5421108974639, 6.289545702475615 ], [ -75.542108350781547, 6.289545056678246 ], [ -75.542100666974932, 6.289543225279863 ], [ -75.54209467014563, 6.289541769013538 ], [ -75.542092964105947, 6.289541375891927 ], [ -75.542092117494434, 6.289541196477997 ], [ -75.542091278212368, 6.289541037822927 ], [ -75.542090449917893, 6.289540908949975 ], [ -75.542089636299877, 6.289540825211071 ], [ -75.542088843753504, 6.289540801040852 ], [ -75.542088081441662, 6.289540862613855 ], [ -75.542087360356305, 6.28954104061635 ], [ -75.542086677940631, 6.289541366704592 ], [ -75.542086037663807, 6.289541811026071 ], [ -75.542085426731148, 6.289542343807479 ], [ -75.542084837786845, 6.289542938865401 ], [ -75.542084262602273, 6.289543576349512 ], [ -75.54208313704639, 6.289544937087375 ], [ -75.542082024412622, 6.289546353817121 ], [ -75.54207923906327, 6.289549957591334 ], [ -75.542078138263477, 6.289551392345678 ], [ -75.542077087965595, 6.289552806963833 ], [ -75.542076602513376, 6.289553501874242 ], [ -75.54207616308048, 6.289554183903141 ], [ -75.542075789514172, 6.2895548466252 ], [ -75.542075509789257, 6.289555482671374 ], [ -75.542075361806326, 6.289556081912006 ], [ -75.542075393396203, 6.289556632360913 ], [ -75.542075641538361, 6.289557120276451 ], [ -75.542076070156881, 6.289557559395867 ], [ -75.54207662780675, 6.28955796172293 ], [ -75.542077279306781, 6.28955833918228 ], [ -75.54207799577425, 6.289558698243273 ], [ -75.54207875916461, 6.289559044418357 ], [ -75.54208036625991, 6.289559715583128 ], [ -75.542087879250076, 6.289562653538896 ], [ -75.542092841278262, 6.289564622950903 ], [ -75.542101055388912, 6.289567922754381 ], [ -75.54211232426178, 6.289572482484868 ], [ -75.542115521258694, 6.289573819473164 ], [ -75.542117099620739, 6.289574527846132 ], [ -75.542117879415599, 6.289574902872802 ], [ -75.542118667465445, 6.289575303174365 ], [ -75.542120223893662, 6.289576146366343 ], [ -75.54212252899363, 6.289577467804945 ], [ -75.542143926155774, 6.289590060979047 ], [ -75.542145440486536, 6.289590980320996 ], [ -75.542146935084318, 6.289591929594601 ], [ -75.542147668470548, 6.289592423285405 ], [ -75.542148393812738, 6.289592935097546 ], [ -75.542149818487658, 6.289593998629223 ], [ -75.542152617581735, 6.289596196457681 ], [ -75.542160261727275, 6.289602322567434 ], [ -75.54216793645729, 6.289608420500739 ], [ -75.542170016472568, 6.289610093828935 ], [ -75.542171374649925, 6.289611232725245 ], [ -75.542172036196362, 6.289611818080678 ], [ -75.542172679737789, 6.289612417085392 ], [ -75.542173296287089, 6.289613039728313 ], [ -75.542173877738733, 6.289613691473555 ], [ -75.542174405091856, 6.289614366988929 ], [ -75.542174898250863, 6.289615071602244 ], [ -75.542175366211637, 6.289615797132694 ], [ -75.542175815272671, 6.289616538124996 ], [ -75.542176251736777, 6.289617290027915 ], [ -75.54217709857204, 6.289618816563495 ], [ -75.54218038961605, 6.289625001831923 ], [ -75.542181643212729, 6.289627303921796 ], [ -75.542182514333916, 6.289628807736407 ], [ -75.542182969684632, 6.289629541465202 ], [ -75.542183447527322, 6.289630255194138 ], [ -75.542183954160436, 6.289630943467863 ], [ -75.542184501277347, 6.289631595380187 ], [ -75.542185114225703, 6.289632220752945 ], [ -75.542185769460531, 6.289632808851386 ], [ -75.54218645528411, 6.289633369677682 ], [ -75.542187163595258, 6.289633909600015 ], [ -75.542187886301619, 6.289634436794757 ], [ -75.542192319678946, 6.289637508175307 ], [ -75.542193042363337, 6.28963803084959 ], [ -75.54219374794188, 6.289638566264652 ], [ -75.542194429199398, 6.289639117167952 ], [ -75.542195075350435, 6.289639695365399 ], [ -75.542195673776149, 6.289640307247168 ], [ -75.542196204668798, 6.289640967375405 ], [ -75.542196651782135, 6.289641679445647 ], [ -75.542197034068693, 6.289642438845095 ], [ -75.542197367726345, 6.289643231933261 ], [ -75.542197668075843, 6.28964405049861 ], [ -75.542197944108707, 6.289644885456267 ], [ -75.542198958210733, 6.289648292629198 ], [ -75.542199489591567, 6.289649982535585 ], [ -75.542199782747872, 6.289650808368819 ], [ -75.542200108330761, 6.289651613249699 ], [ -75.54220047714324, 6.289652388988693 ], [ -75.542200905400804, 6.289653125561641 ], [ -75.542201412963891, 6.289653819255468 ], [ -75.542201980871212, 6.289654472874799 ], [ -75.542202594709977, 6.289655095530843 ], [ -75.542203239172608, 6.289655698147431 ], [ -75.542204591148405, 6.289656862388812 ], [ -75.542205985454629, 6.289657998396767 ], [ -75.542215174962806, 6.289665293229877 ], [ -75.542225718346486, 6.289673771281044 ], [ -75.542227843491176, 6.289675434443974 ], [ -75.542229288018106, 6.289676492453991 ], [ -75.542230026852152, 6.289676991542747 ], [ -75.542230779989126, 6.289677458918047 ], [ -75.542231556416127, 6.289677884590979 ], [ -75.542232307187817, 6.289678237155915 ], [ -75.542233077657343, 6.289678552556491 ], [ -75.542233860644671, 6.289678840772853 ], [ -75.542234652588348, 6.289679112671667 ], [ -75.542237038151811, 6.289679885827577 ], [ -75.542237822831964, 6.289680150528858 ], [ -75.542238594038011, 6.289680431569692 ], [ -75.542239345480326, 6.289680736213554 ], [ -75.542240067268224, 6.289681074453803 ], [ -75.542240751340117, 6.289681460795401 ], [ -75.542241381506841, 6.289681910687026 ], [ -75.542241949689284, 6.289682435017293 ], [ -75.542242469379104, 6.289683021063014 ], [ -75.542242957638166, 6.289683647042539 ], [ -75.542244374892178, 6.28968560025344 ], [ -75.542244877616795, 6.28968622797077 ], [ -75.542245421711129, 6.289686815705918 ], [ -75.542246056971393, 6.289687384011062 ], [ -75.542246741693759, 6.289687904157666 ], [ -75.542247464184896, 6.289688387051954 ], [ -75.54224821185224, 6.289688844508635 ], [ -75.542248980204505, 6.289689281974249 ], [ -75.542250550160006, 6.28969011967513 ], [ -75.542252951417154, 6.28969133305579 ], [ -75.542260207299847, 6.28969491236869 ], [ -75.542262616636208, 6.289696114860655 ], [ -75.542264999936734, 6.289697351835473 ], [ -75.542265779087614, 6.289697780207381 ], [ -75.542266547475037, 6.289698224905664 ], [ -75.542267298791771, 6.289698689577422 ], [ -75.542268025840201, 6.289699180586474 ], [ -75.542268723260605, 6.289699710616431 ], [ -75.542269379320047, 6.289700282436726 ], [ -75.54227000933048, 6.289700886027629 ], [ -75.542271852610284, 6.289702744945674 ], [ -75.542272487971658, 6.289703334044785 ], [ -75.542273155654144, 6.289703880493431 ], [ -75.54227385194686, 6.289704364419303 ], [ -75.54227458145543, 6.289704803882124 ], [ -75.542275337004227, 6.289705209766177 ], [ -75.542276110505284, 6.289705591151873 ], [ -75.54227689657688, 6.289705956202444 ], [ -75.542277692521552, 6.289706307643292 ], [ -75.542279301481599, 6.289706990551523 ], [ -75.542286614106644, 6.289709974683827 ], [ -75.542293917779759, 6.28971297603763 ], [ -75.542295545538494, 6.289713622689919 ], [ -75.542297180341023, 6.289714231335325 ], [ -75.54229800484319, 6.289714509404305 ], [ -75.542298834643574, 6.289714762132428 ], [ -75.542299672400077, 6.289714978657448 ], [ -75.542300528025308, 6.289715153506471 ], [ -75.54230139250582, 6.289715291243906 ], [ -75.542302263188077, 6.289715403636103 ], [ -75.542303137392224, 6.289715497024861 ], [ -75.542304895554949, 6.289715645782302 ], [ -75.54230754208406, 6.289715827284219 ], [ -75.542325210377442, 6.289716927477571 ], [ -75.542326974737492, 6.289717049985594 ], [ -75.542328733790541, 6.289717196026293 ], [ -75.542330483137533, 6.289717390032004 ], [ -75.542331350284712, 6.289717518715328 ], [ -75.542332211265304, 6.289717679976577 ], [ -75.542333074250763, 6.289717881912996 ], [ -75.542333929266945, 6.289718117340239 ], [ -75.542334780783222, 6.289718376291368 ], [ -75.542336472285029, 6.28971893855107 ], [ -75.542338156725478, 6.289719535201296 ], [ -75.542351605854805, 6.289724454997028 ], [ -75.542375997380745, 6.289733316789062 ], [ -75.542383596125262, 6.289736050896919 ], [ -75.542390351037113, 6.289738433797074 ], [ -75.542391168455993, 6.289738741735953 ], [ -75.542391960659089, 6.289739066975632 ], [ -75.542392716825802, 6.289739414089334 ], [ -75.542393423460112, 6.289739794896186 ], [ -75.542394059855127, 6.289740224866827 ], [ -75.542394601681067, 6.289740717681314 ], [ -75.542395033625951, 6.289741283359381 ], [ -75.542395732562326, 6.289742496888269 ], [ -75.54239609943869, 6.289743060170735 ], [ -75.542396542690156, 6.289743535382845 ], [ -75.542397101901329, 6.289743887071673 ], [ -75.542397756400547, 6.289744137940546 ], [ -75.54239847742376, 6.28974431886922 ], [ -75.542399241601828, 6.289744455286473 ], [ -75.542400807691536, 6.289744683635965 ], [ -75.542401570952876, 6.289744817345354 ], [ -75.542402293752403, 6.289744991936605 ], [ -75.542402950014761, 6.289745233755811 ], [ -75.542403510962714, 6.289745570970419 ], [ -75.542403889556908, 6.289745942524677 ], [ -75.542404210609845, 6.289746373126136 ], [ -75.542404792494537, 6.289747299718033 ], [ -75.54240511088517, 6.289747740277634 ], [ -75.542405487755786, 6.289748129018375 ], [ -75.54240594468601, 6.289748444136567 ], [ -75.542406471802764, 6.289748699241914 ], [ -75.542407052035358, 6.289748914307912 ], [ -75.542408976766538, 6.2897494989389 ], [ -75.542409727971588, 6.289749754761693 ], [ -75.542410485628963, 6.289750036772252 ], [ -75.542413569090485, 6.28975125225588 ], [ -75.54241435475339, 6.289751533226004 ], [ -75.542415150219057, 6.289751786121005 ], [ -75.542415982567519, 6.289752005384459 ], [ -75.542416824696716, 6.28975219205236 ], [ -75.54241767393124, 6.289752353370626 ], [ -75.542418529402667, 6.289752496576345 ], [ -75.542419389321495, 6.289752625294658 ], [ -75.542421115352141, 6.289752855577872 ], [ -75.542423715455058, 6.289753152126963 ], [ -75.542426319776823, 6.289753387176083 ], [ -75.542428006313216, 6.28975348565158 ], [ -75.542430433766498, 6.289753582328792 ], [ -75.542431988393901, 6.289753683254571 ], [ -75.542432728816024, 6.289753765540861 ], [ -75.542433433267732, 6.289753883262486 ], [ -75.542434089156487, 6.289754048234178 ], [ -75.542434678494871, 6.289754277721553 ], [ -75.54243518422102, 6.289754593506315 ], [ -75.542435627388997, 6.2897550515407 ], [ -75.542435993230001, 6.289755587704877 ], [ -75.542436334793919, 6.289756148398181 ], [ -75.542436700634923, 6.289756684562357 ], [ -75.542437143811696, 6.289757144404931 ], [ -75.542437704781648, 6.289757486139936 ], [ -75.542438365557359, 6.289757727032992 ], [ -75.542439100971393, 6.289757894329898 ], [ -75.542439891233641, 6.289758006209172 ], [ -75.542440720163768, 6.289758079927636 ], [ -75.542441577871116, 6.289758125478635 ], [ -75.542443344533055, 6.289758163892848 ], [ -75.54244597209015, 6.289758160143938 ], [ -75.542455066951533, 6.289758067051424 ], [ -75.542456708739422, 6.289758068100848 ], [ -75.542458335316454, 6.289758099964018 ], [ -75.542459138762666, 6.289758135833912 ], [ -75.542459932370946, 6.289758192546201 ], [ -75.542460713470263, 6.289758278250874 ], [ -75.542461476687635, 6.289758402919281 ], [ -75.542462216663353, 6.289758579235039 ], [ -75.542462927147312, 6.289758822598435 ], [ -75.542463589200196, 6.289759140334518 ], [ -75.542464230739625, 6.289759513321118 ], [ -75.54246551138479, 6.289760316265042 ], [ -75.542466251665743, 6.289760741209322 ], [ -75.542467014429846, 6.289761144345542 ], [ -75.542467796089326, 6.289761531115814 ], [ -75.542469394457584, 6.289762265609067 ], [ -75.542471843702344, 6.289763313302814 ], [ -75.542475142871751, 6.289764664256474 ], [ -75.542493320492824, 6.289772024727997 ], [ -75.542494979823147, 6.289772660376499 ], [ -75.542495812562819, 6.289772960103606 ], [ -75.542496651548191, 6.289773243526335 ], [ -75.542497494919431, 6.289773499804437 ], [ -75.542498347163502, 6.289773722587316 ], [ -75.542499203709909, 6.289773901047909 ], [ -75.542500068225607, 6.289774046017661 ], [ -75.542500938039481, 6.289774165646558 ], [ -75.542502690978722, 6.289774355113565 ], [ -75.542505334100213, 6.289774579124058 ], [ -75.542517695744422, 6.289775494484006 ], [ -75.542522105958554, 6.289775845508935 ], [ -75.542523865125901, 6.289776015055148 ], [ -75.542524741167895, 6.289776114763284 ], [ -75.542525615481935, 6.289776230753818 ], [ -75.542526487182045, 6.289776366647455 ], [ -75.542527358110462, 6.289776529668127 ], [ -75.542529090309628, 6.289776913619443 ], [ -75.542531676792919, 6.289777568261425 ], [ -75.542546287690044, 6.289781513190579 ], [ -75.542548868910316, 6.289782200405999 ], [ -75.542551453652464, 6.289782868617983 ], [ -75.542554031889566, 6.289783499793141 ], [ -75.542556612745003, 6.289784111969245 ], [ -75.542573840774281, 6.289788139089018 ], [ -75.542575559569713, 6.289788553845124 ], [ -75.542577271229078, 6.289788987622252 ], [ -75.542578968620731, 6.289789460345504 ], [ -75.542579809303334, 6.289789721157088 ], [ -75.542580641055949, 6.289790003710755 ], [ -75.542581424990956, 6.289790300962931 ], [ -75.542582200877561, 6.289790615432361 ], [ -75.54258451244057, 6.289791593275154 ], [ -75.542585287419229, 6.289791906844891 ], [ -75.542586067713685, 6.289792198690134 ], [ -75.542586857793268, 6.289792458843929 ], [ -75.542587681141455, 6.289792685383726 ], [ -75.542588516073081, 6.289792878415106 ], [ -75.542589358105616, 6.289793045192748 ], [ -75.542591058179553, 6.289793326231777 ], [ -75.542593631426612, 6.289793674444863 ], [ -75.542596216147231, 6.289793966547299 ], [ -75.542597943615704, 6.289794120877691 ], [ -75.542598809516477, 6.289794179046038 ], [ -75.542600532939971, 6.289794244793407 ], [ -75.542602261578139, 6.289794268022281 ], [ -75.542608317168231, 6.289794243064351 ], [ -75.542610870766239, 6.289794266797846 ], [ -75.542611700388903, 6.289794297115388 ], [ -75.542612509317905, 6.289794345615851 ], [ -75.542613293083875, 6.289794422266205 ], [ -75.542614037282817, 6.289794537985845 ], [ -75.542614730225793, 6.289794704585101 ], [ -75.542615354837707, 6.289794941133387 ], [ -75.542615885924789, 6.289795269451961 ], [ -75.542616328206961, 6.289795731106877 ], [ -75.542616694956067, 6.289796268170526 ], [ -75.542617034726277, 6.289796831584678 ], [ -75.542617402383343, 6.289797369548031 ], [ -75.542617844661109, 6.289797830298858 ], [ -75.542618366699543, 6.289798155949154 ], [ -75.542618979560956, 6.289798391650528 ], [ -75.542619660762242, 6.289798559211041 ], [ -75.542620391412385, 6.289798675900731 ], [ -75.542621160739202, 6.289798756237791 ], [ -75.542621956132606, 6.289798808420557 ], [ -75.542622772224021, 6.289798843324504 ], [ -75.542624442171217, 6.289798874975975 ], [ -75.542635887754088, 6.289798893395515 ], [ -75.542637678539123, 6.289798875636811 ], [ -75.542638556680714, 6.289798849663367 ], [ -75.542639414856382, 6.289798805704933 ], [ -75.542640244885845, 6.289798733856132 ], [ -75.542641036768529, 6.289798621508125 ], [ -75.542641774170292, 6.289798454274675 ], [ -75.542642435300493, 6.289798210563264 ], [ -75.542642996535079, 6.289797863365602 ], [ -75.54264343879845, 6.289797391980064 ], [ -75.542643803842765, 6.289796835080066 ], [ -75.542644143407557, 6.289796241235631 ], [ -75.542644505600549, 6.289795655418025 ], [ -75.542644942134942, 6.289795120772749 ], [ -75.542645457822928, 6.289794697851645 ], [ -75.542646062379376, 6.289794340497891 ], [ -75.542646731338181, 6.289794034364849 ], [ -75.542647450154689, 6.289793761441124 ], [ -75.542648202512297, 6.289793510956839 ], [ -75.542650563620455, 6.289792785216697 ], [ -75.542651360172712, 6.289792518243298 ], [ -75.542652172817355, 6.289792215931318 ], [ -75.542652980821174, 6.289791888326867 ], [ -75.542653783320233, 6.289791543571154 ], [ -75.542655379093802, 6.289790815227928 ], [ -75.542657757158665, 6.289789674419191 ], [ -75.542660909382917, 6.289788121184476 ], [ -75.54266326013915, 6.289786938919636 ], [ -75.54266480855901, 6.289786134861767 ], [ -75.542665571875844, 6.289785722488606 ], [ -75.542666324301749, 6.289785300223247 ], [ -75.542667063099728, 6.289784862654403 ], [ -75.542667780115892, 6.289784405301178 ], [ -75.542668470806106, 6.289783922761068 ], [ -75.542669125178648, 6.289783404233388 ], [ -75.54266972790397, 6.289782856121535 ], [ -75.542670895256208, 6.289781729343589 ], [ -75.54267150620575, 6.289781200177972 ], [ -75.542672169785178, 6.28978071686573 ], [ -75.542672872441301, 6.289780279472806 ], [ -75.54267360508149, 6.289779876290069 ], [ -75.542674361332573, 6.289779497403326 ], [ -75.54267591745112, 6.289778790047611 ], [ -75.54267750808026, 6.289778118688275 ], [ -75.542682320833862, 6.289776146904376 ], [ -75.542683899624564, 6.28977545661635 ], [ -75.54268467493803, 6.289775095718982 ], [ -75.542685437522707, 6.28977471860961 ], [ -75.542686181930932, 6.289774319890128 ], [ -75.542686903618659, 6.28977389415796 ], [ -75.542688820232897, 6.289772623595609 ], [ -75.542689477071889, 6.289772240672249 ], [ -75.542690204554503, 6.289771891761153 ], [ -75.542690962091555, 6.289771591525619 ], [ -75.542691740581603, 6.289771326448323 ], [ -75.542692533647084, 6.289771085711023 ], [ -75.542694956420348, 6.289770405780115 ], [ -75.542695763942561, 6.289770164972434 ], [ -75.542696565938002, 6.289769902493044 ], [ -75.542697388508387, 6.289769597420375 ], [ -75.542698203722921, 6.289769266164347 ], [ -75.542699816712044, 6.289768547682426 ], [ -75.542701414125489, 6.289767784974993 ], [ -75.542706973901304, 6.289765022979521 ], [ -75.542708569463656, 6.289764251239994 ], [ -75.542710178763855, 6.289763517406168 ], [ -75.542710993013259, 6.289763173497287 ], [ -75.542711815513286, 6.289762853959209 ], [ -75.542712636364485, 6.289762566977059 ], [ -75.542713467268968, 6.289762303452809 ], [ -75.542714302774712, 6.289762057084219 ], [ -75.542715987497644, 6.289761596828236 ], [ -75.542720213591252, 6.289760503981665 ], [ -75.542721877484254, 6.289760033881855 ], [ -75.542722693958368, 6.289759775852489 ], [ -75.542723492242857, 6.289759493500738 ], [ -75.542724267771646, 6.289759176903632 ], [ -75.542725010544174, 6.289758813452301 ], [ -75.542725709638759, 6.289758386925996 ], [ -75.542726312768409, 6.289757921990163 ], [ -75.542726880400394, 6.289757403884715 ], [ -75.54272742436433, 6.289756849730138 ], [ -75.542729014288568, 6.289755104292647 ], [ -75.542729560892809, 6.289754535659465 ], [ -75.542730133822985, 6.289753992213181 ], [ -75.542730807871195, 6.289753432000669 ], [ -75.542731516434401, 6.289752908688587 ], [ -75.542732249529635, 6.289752413284457 ], [ -75.5427330007969, 6.289751938586384 ], [ -75.542734540561455, 6.289751026981557 ], [ -75.542736107586251, 6.28975014688783 ], [ -75.542745599722267, 6.289744976188621 ], [ -75.542752708115145, 6.289741079229992 ], [ -75.542754290610048, 6.28974022166364 ], [ -75.542755881342359, 6.289739385755813 ], [ -75.542757489461863, 6.289738594968775 ], [ -75.542758304504829, 6.289738228453267 ], [ -75.542759131447767, 6.289737893523651 ], [ -75.542759968509941, 6.289737595613227 ], [ -75.542760816568531, 6.289737329293096 ], [ -75.542761674667233, 6.28973708371859 ], [ -75.542762537358399, 6.289736853491569 ], [ -75.542764274631907, 6.289736422815228 ], [ -75.542769514805215, 6.28973520116868 ], [ -75.542771254846485, 6.28973478223226 ], [ -75.54277298030793, 6.289734338051773 ], [ -75.542774674837773, 6.28973385062464 ], [ -75.542775502987567, 6.289733578072643 ], [ -75.542776312947723, 6.289733281198246 ], [ -75.54277709744153, 6.289732950091692 ], [ -75.542778438748712, 6.289732291699315 ], [ -75.542779105873834, 6.28973198015043 ], [ -75.542779787701875, 6.289731719160066 ], [ -75.542780571907585, 6.289731514630167 ], [ -75.542781384488109, 6.289731385003162 ], [ -75.542782217223575, 6.289731312236905 ], [ -75.542783066420725, 6.289731280075422 ], [ -75.54278392660548, 6.289731277696025 ], [ -75.542784794115349, 6.289731295171363 ], [ -75.542787425896847, 6.289731417071365 ], [ -75.542798039554313, 6.289732047099144 ], [ -75.542800684271185, 6.289732227703184 ], [ -75.54280243260871, 6.289732400013524 ], [ -75.542803297900278, 6.28973251875984 ], [ -75.542804154314638, 6.289732670097273 ], [ -75.542804998299161, 6.289732866700668 ], [ -75.54280578918106, 6.289733106055714 ], [ -75.542806567619934, 6.289733387964449 ], [ -75.542807337181628, 6.289733702464316 ], [ -75.542808097835334, 6.289734043226713 ], [ -75.542808852260933, 6.289734403909808 ], [ -75.542810339686397, 6.289735178722752 ], [ -75.542811072677466, 6.289735591044415 ], [ -75.542811819371195, 6.289736034039067 ], [ -75.542813291271386, 6.289736960817891 ], [ -75.542817649637385, 6.289739842693592 ], [ -75.542819845822933, 6.289741249644572 ], [ -75.542820587126172, 6.289741698994217 ], [ -75.542821338284895, 6.289742131117806 ], [ -75.542822099277117, 6.289742541494912 ], [ -75.542822904472771, 6.289742937191065 ], [ -75.542823721291427, 6.28974330751559 ], [ -75.542824547974362, 6.289743662422235 ], [ -75.542826217441416, 6.289744338705107 ], [ -75.542833828841935, 6.289747259894304 ], [ -75.542836364391874, 6.289748217659128 ], [ -75.542838037064286, 6.289748809844227 ], [ -75.542838863303217, 6.289749073438007 ], [ -75.542839677624585, 6.289749301829551 ], [ -75.542840476339506, 6.289749479666993 ], [ -75.542841253013208, 6.289749584378908 ], [ -75.542841998478366, 6.289749588886654 ], [ -75.542842699905094, 6.289749456184261 ], [ -75.542843293163585, 6.289749191104472 ], [ -75.542843852450133, 6.289748814984666 ], [ -75.542844389677896, 6.289748362123006 ], [ -75.542844916729265, 6.289747860489009 ], [ -75.542845971489342, 6.2897468065877 ], [ -75.542846519304675, 6.289746301236169 ], [ -75.542847095349757, 6.289745840952655 ], [ -75.54284771150256, 6.289745452802586 ], [ -75.542848452670043, 6.289745130947957 ], [ -75.542849245796873, 6.289744902867684 ], [ -75.542850074496087, 6.289744743326522 ], [ -75.542850932354995, 6.289744634273476 ], [ -75.542851808460654, 6.28974456129596 ], [ -75.542852550083012, 6.289744518808753 ], [ -75.542854051574508, 6.289744469909866 ], [ -75.542856323922763, 6.289744444381393 ], [ -75.542857970249798, 6.289744449928007 ], [ -75.54285959322533, 6.289744484519786 ], [ -75.542860385819949, 6.289744518633674 ], [ -75.542861157729718, 6.289744572738657 ], [ -75.542861904458903, 6.289744651377161 ], [ -75.542862613410591, 6.289744765459836 ], [ -75.542863273808194, 6.289744928600772 ], [ -75.542863868563444, 6.289745157157112 ], [ -75.542864376087977, 6.28974547112437 ], [ -75.542864753800799, 6.289745847203006 ], [ -75.54286507037142, 6.289746285058727 ], [ -75.542865635190466, 6.289747232527352 ], [ -75.542865938295833, 6.289747688530808 ], [ -75.542866295380961, 6.289748096353675 ], [ -75.542866725332402, 6.289748437821842 ], [ -75.542867215579662, 6.289748729270491 ], [ -75.542868854937225, 6.289749531370924 ], [ -75.542869399537921, 6.289749851486421 ], [ -75.542869981693968, 6.289750276295735 ], [ -75.542871711067178, 6.28975175151901 ], [ -75.542872387574505, 6.28975225452643 ], [ -75.542873102798055, 6.289752729317983 ], [ -75.542873847737496, 6.289753183170378 ], [ -75.542875389819827, 6.289754049031975 ], [ -75.542878559504885, 6.289755715242949 ], [ -75.542880132233051, 6.289756565585485 ], [ -75.542880903318206, 6.289757007557147 ], [ -75.542881660034539, 6.289757467680942 ], [ -75.54288239338176, 6.289757953233546 ], [ -75.54288309708781, 6.289758475094816 ], [ -75.542883703140532, 6.289758982965774 ], [ -75.542885465652546, 6.289760583698778 ], [ -75.542886140682526, 6.289761154521529 ], [ -75.542886833686708, 6.289761705366378 ], [ -75.542887543787941, 6.289762241662237 ], [ -75.542888264683356, 6.289762767960363 ], [ -75.542889727154645, 6.289763799661391 ], [ -75.542892695256441, 6.289765819456123 ], [ -75.542898092696191, 6.289769438545508 ], [ -75.542907617539981, 6.289775825812084 ], [ -75.542912679630277, 6.289779233164221 ], [ -75.542927942067948, 6.289763124487891 ] ] ] } }
]
}
